slew_rate,age_s,ev_ratio_mean,ev_ratio_max,ea_ratio_mean,ea_ratio_max
2.0,0.1,0.024575467823020215,0.02481563068037829,0.031005639199256262,0.031374405484139056
2.0,0.2,0.03706077865781792,0.037599766754210416,0.050932337360409606,0.051875180955717755
2.0,0.5,0.07652045630502365,0.07880323210007294,0.11823380243009095,0.12301357085819241
2.0,1.0,0.14630977400660813,0.15481354126175897,0.2472472344821518,0.2678391777159467
2.0,2.0,0.28633448137447176,0.32182179693158014,0.5101871610442474,0.6074035345803487
4.0,0.1,0.036538141796908626,0.03706393640563988,0.04928685163505758,0.050181486013161414
4.0,0.2,0.061160349298575785,0.06263220855330413,0.08839230422589141,0.09118303695631882
4.0,0.5,0.13739969235435714,0.1450391392450292,0.21670389323281689,0.2334598167612681
4.0,1.0,0.26602759819417043,0.29705975756840125,0.44593708780155644,0.5231110304767767
4.0,2.0,0.4953844636625908,0.5969248582537887,0.8252241156847296,0.9618150775970505
6.0,0.1,0.04838965732473348,0.04931224213090147,0.06733917687240448,0.06898856654218376
6.0,0.2,0.08480137984349187,0.08766465035239786,0.12487425225431903,0.1304908929569199
6.0,0.5,0.19514108415456533,0.21127504638998543,0.30790747079997977,0.3439060626643437
6.0,1.0,0.3716561535889495,0.4388881462501459,0.6085745181277846,0.7678939373115377
6.0,2.0,0.6396706850468619,0.7285683344265915,0.9584170429437545,0.9873935616462021
8.0,0.1,0.060130425730558115,0.061560547856163064,0.08516255335639329,0.08779564707120613
8.0,0.2,0.10798407034970363,0.11269709215149158,0.16037811887217593,0.16979874895752095
8.0,0.5,0.24974435207791348,0.2775109535349417,0.3918504027714043,0.4543523085674195
8.0,1.0,0.46319546651906635,0.5562791976422213,0.7351594719822456,0.8724091406134077
8.0,2.0,0.7266740842667019,0.7958927947594312,0.9833859612335484,0.9930701236980436
10.0,0.1,0.07176049781692045,0.07380885358142465,0.10275697348439221,0.10660272760022847
10.0,0.2,0.1307084455262208,0.13772953395058532,0.19490389635102193,0.20910660495812203
10.0,0.5,0.3012095670667076,0.34374686067989796,0.4685276663067964,0.5647985544704952
10.0,1.0,0.5406455402363012,0.6370340222775317,0.8256919427598116,0.9141555278709332
10.0,2.0,0.780544972815849,0.8365280176050692,0.9904683215519047,0.9953375063392379
15.0,0.1,0.10035140662317539,0.10442961789457864,0.14573944737569924,0.15362042892278438
15.0,0.2,0.1855142044493512,0.20031063844831964,0.2769441449395304,0.3073762449596247
15.0,0.5,0.41614352672301635,0.4974887853893969,0.6284471965462516,0.7613762029262577
15.0,1.0,0.6751387400000601,0.7525587293144711,0.9208964004460564,0.9538689206822759
15.0,2.0,0.8532618308982287,0.8908913227159138,0.9957036251453767,0.9974944704120305
20.0,0.1,0.128250658399269,0.13505038220773263,0.18729469212874603,0.20063813024534025
20.0,0.2,0.23745519437671572,0.2628917429460539,0.3528802872040602,0.40564588496112736
20.0,0.5,0.5114645438625749,0.6034829620696243,0.742969900771185,0.8382869013183935
20.0,1.0,0.7516762163286071,0.8127768379881947,0.9501740880963686,0.9687374022478957
20.0,2.0,0.8898373404922669,0.9181302148617231,0.9972937919864767,0.9983020262082923
