bar_u,delta_minus,delta_plus,required_symmetric_delta,legacy_delta,legacy_valid
-8,0.2,31.6285714286,31.6285714286,3,0
-7.9,0.485714285714,31.3428571429,31.3428571429,3,0
-7.8,0.771428571429,31.0571428571,31.0571428571,3,0
-7.7,1.05714285714,30.7714285714,30.7714285714,3,0
-7.6,1.34285714286,30.4857142857,30.4857142857,3,0
-7.5,1.62857142857,30.2,30.2,3,0
-7.4,1.91428571429,29.9142857143,29.9142857143,3,0
-7.3,2.2,29.6285714286,29.6285714286,3,0
-7.2,2.48571428571,29.3428571429,29.3428571429,3,0
-7.1,2.77142857143,29.0571428571,29.0571428571,3,0
-7,3.05714285714,28.7714285714,28.7714285714,3,0
-6.9,3.34285714286,28.4857142857,28.4857142857,3,0
-6.8,3.62857142857,28.2,28.2,3,0
-6.7,3.91428571429,27.9142857143,27.9142857143,3,0
-6.6,4.2,27.6285714286,27.6285714286,3,0
-6.5,4.48571428571,27.3428571429,27.3428571429,3,0
-6.4,4.77142857143,27.0571428571,27.0571428571,3,0
-6.3,5.05714285714,26.7714285714,26.7714285714,3,0
-6.2,5.34285714286,26.4857142857,26.4857142857,3,0
-6.1,5.62857142857,26.2,26.2,3,0
-6,5.91428571429,25.9142857143,25.9142857143,3,0
-5.9,6.2,25.6285714286,25.6285714286,3,0
-5.8,6.48571428571,25.3428571429,25.3428571429,3,0
-5.7,6.77142857143,25.0571428571,25.0571428571,3,0
-5.6,7.05714285714,24.7714285714,24.7714285714,3,0
-5.5,7.34285714286,24.4857142857,24.4857142857,3,0
-5.4,7.62857142857,24.2,24.2,3,0
-5.3,7.91428571429,23.9142857143,23.9142857143,3,0
-5.2,8.2,23.6285714286,23.6285714286,3,0
-5.1,8.48571428571,23.3428571429,23.3428571429,3,0
-5,8.77142857143,23.0571428571,23.0571428571,3,0
-4.9,9.05714285714,22.7714285714,22.7714285714,3,0
-4.8,9.34285714286,22.4857142857,22.4857142857,3,0
-4.7,9.62857142857,22.2,22.2,3,0
-4.6,9.91428571429,21.9142857143,21.9142857143,3,0
-4.5,10.2,21.6285714286,21.6285714286,3,0
-4.4,10.4857142857,21.3428571429,21.3428571429,3,0
-4.3,10.7714285714,21.0571428571,21.0571428571,3,0
-4.2,11.0571428571,20.7714285714,20.7714285714,3,0
-4.1,11.3428571429,20.4857142857,20.4857142857,3,0
-4,11.6285714286,20.2,20.2,3,0
-3.9,11.9142857143,19.9142857143,19.9142857143,3,0
-3.8,12.2,19.6285714286,19.6285714286,3,0
-3.7,12.4857142857,19.3428571429,19.3428571429,3,0
-3.6,12.7714285714,19.0571428571,19.0571428571,3,0
-3.5,13.0571428571,18.7714285714,18.7714285714,3,0
-3.4,13.3428571429,18.4857142857,18.4857142857,3,0
-3.3,13.6285714286,18.2,18.2,3,0
-3.2,13.9142857143,17.9142857143,17.9142857143,3,0
-3.1,14.2,17.6285714286,17.6285714286,3,0
-3,14.4857142857,17.3428571429,17.3428571429,3,0
-2.9,14.7714285714,17.0571428571,17.0571428571,3,0
-2.8,15.0571428571,16.7714285714,16.7714285714,3,0
-2.7,15.3428571429,16.4857142857,16.4857142857,3,0
-2.6,15.6285714286,16.2,16.2,3,0
-2.5,15.9142857143,15.9142857143,15.9142857143,3,0
-2.4,16.2,15.6285714286,16.2,3,0
-2.3,16.4857142857,15.3428571429,16.4857142857,3,0
-2.2,16.7714285714,15.0571428571,16.7714285714,3,0
-2.1,17.0571428571,14.7714285714,17.0571428571,3,0
-2,17.3428571429,14.4857142857,17.3428571429,3,0
-1.9,17.6285714286,14.2,17.6285714286,3,0
-1.8,17.9142857143,13.9142857143,17.9142857143,3,0
-1.7,18.2,13.6285714286,18.2,3,0
-1.6,18.4857142857,13.3428571429,18.4857142857,3,0
-1.5,18.7714285714,13.0571428571,18.7714285714,3,0
-1.4,19.0571428571,12.7714285714,19.0571428571,3,0
-1.3,19.3428571429,12.4857142857,19.3428571429,3,0
-1.2,19.6285714286,12.2,19.6285714286,3,0
-1.1,19.9142857143,11.9142857143,19.9142857143,3,0
-1,20.2,11.6285714286,20.2,3,0
-0.9,20.4857142857,11.3428571429,20.4857142857,3,0
-0.8,20.7714285714,11.0571428571,20.7714285714,3,0
-0.7,21.0571428571,10.7714285714,21.0571428571,3,0
-0.6,21.3428571429,10.4857142857,21.3428571429,3,0
-0.5,21.6285714286,10.2,21.6285714286,3,0
-0.4,21.9142857143,9.91428571429,21.9142857143,3,0
-0.3,22.2,9.62857142857,22.2,3,0
-0.2,22.4857142857,9.34285714286,22.4857142857,3,0
-0.1,22.7714285714,9.05714285714,22.7714285714,3,0
0,23.0571428571,8.77142857143,23.0571428571,3,0
0.1,23.3428571429,8.48571428571,23.3428571429,3,0
0.2,23.6285714286,8.2,23.6285714286,3,0
0.3,23.9142857143,7.91428571429,23.9142857143,3,0
0.4,24.2,7.62857142857,24.2,3,0
0.5,24.4857142857,7.34285714286,24.4857142857,3,0
0.6,24.7714285714,7.05714285714,24.7714285714,3,0
0.7,25.0571428571,6.77142857143,25.0571428571,3,0
0.8,25.3428571429,6.48571428571,25.3428571429,3,0
0.9,25.6285714286,6.2,25.6285714286,3,0
1,25.9142857143,5.91428571429,25.9142857143,3,0
1.1,26.2,5.62857142857,26.2,3,0
1.2,26.4857142857,5.34285714286,26.4857142857,3,0
1.3,26.7714285714,5.05714285714,26.7714285714,3,0
1.4,27.0571428571,4.77142857143,27.0571428571,3,0
1.5,27.3428571429,4.48571428571,27.3428571429,3,0
1.6,27.6285714286,4.2,27.6285714286,3,0
1.7,27.9142857143,3.91428571429,27.9142857143,3,0
1.8,28.2,3.62857142857,28.2,3,0
1.9,28.4857142857,3.34285714286,28.4857142857,3,0
2,28.7714285714,3.05714285714,28.7714285714,3,0
2.1,29.0571428571,2.77142857143,29.0571428571,3,0
2.2,29.3428571429,2.48571428571,29.3428571429,3,0
2.3,29.6285714286,2.2,29.6285714286,3,0
2.4,29.9142857143,1.91428571429,29.9142857143,3,0
2.5,30.2,1.62857142857,30.2,3,0
2.6,30.4857142857,1.34285714286,30.4857142857,3,0
2.7,30.7714285714,1.05714285714,30.7714285714,3,0
2.8,31.0571428571,0.771428571429,31.0571428571,3,0
2.9,31.3428571429,0.485714285714,31.3428571429,3,0
3,31.6285714286,0.2,31.6285714286,3,0
