witness_type,node_index,d_witness,v_f,v_p,a_f,bar_a,bar_u,age,lower_required_gap_m,upper_required_gap_m,gap_advantage_m,lower_boundary_d_m,upper_boundary_d_m
ideal_safe_fallback_unsafe,97895,4.579717197322003,23.3333333333,29.1666666667,-6.0,0.25,3.0,0.0,2.272545883635476,2.886888511008531,0.614342627373055,4.272545883635476,4.8868885110085305
ideal_safe_fallback_unsafe,121520,10.055730063592366,29.1666666667,35.0,-6.0,0.25,3.0,0.0,7.748558749910838,8.362901377273893,0.6143426273630546,9.748558749910838,10.362901377273893
ideal_safe_fallback_unsafe,98210,4.584842661773941,23.3333333333,29.1666666667,-3.75,0.25,3.0,0.0,2.2827968125393516,2.886888511008531,0.6040916984691793,4.282796812539352,4.8868885110085305
ideal_safe_fallback_unsafe,121835,10.060855528044303,29.1666666667,35.0,-3.75,0.25,3.0,0.0,7.758809678814714,8.362901377273893,0.6040916984591789,9.758809678814714,10.362901377273893
ideal_safe_fallback_unsafe,98525,4.5899681262258785,23.3333333333,29.1666666667,-1.5,0.25,3.0,0.0,2.2930477414432273,2.886888511008531,0.5938407695653036,4.293047741443227,4.8868885110085305
ideal_safe_fallback_unsafe,122150,10.065980992496241,29.1666666667,35.0,-1.5,0.25,3.0,0.0,7.76906060771859,8.362901377273893,0.5938407695553032,9.76906060771859,10.362901377273893
ideal_safe_fallback_unsafe,25445,2.2753119793666703,5.8333333333,8.75,-6.0,0.25,3.0,0.0,0.10009585834494428,0.4505281003883963,0.350432242043452,2.100095858344944,2.4505281003883965
ideal_safe_fallback_unsafe,25760,2.285562908270546,5.8333333333,8.75,-3.75,0.25,3.0,0.0,0.12059771615269566,0.4505281003883963,0.32993038423570065,2.1205977161526954,2.4505281003883965
ideal_safe_fallback_unsafe,96320,15.766363560712238,23.3333333333,26.25,-6.0,0.25,3.0,0.0,13.60502558036071,13.927701541063765,0.32267596070305515,15.60502558036071,15.927701541063765
ideal_safe_fallback_unsafe,119945,23.345080059879383,29.1666666667,32.08333333335,-6.0,0.25,3.0,0.0,21.183742079530354,21.50641804022841,0.3226759606980565,23.183742079530354,23.50641804022841
ideal_safe_fallback_unsafe,49070,5.239823296827729,11.6666666667,14.58333333335,-6.0,0.25,3.0,0.0,3.0784853164787016,3.4011612771767563,0.3226759606980547,5.078485316478702,5.401161277176756
ideal_safe_fallback_unsafe,72695,9.731560521878144,17.5,20.416666666650002,-6.0,0.25,3.0,0.0,7.570222541529118,7.8928985022271725,0.3226759606980547,9.570222541529118,9.892898502227172
ideal_safe_fallback_unsafe,26075,2.290688372722484,5.8333333333,8.75,-1.5,0.25,3.0,0.0,0.13084864505657134,0.4505281003883963,0.31967945533182496,2.130848645056571,2.4505281003883965
ideal_safe_fallback_unsafe,96635,15.771489025164176,23.3333333333,26.25,-3.75,0.25,3.0,0.0,13.615276509264586,13.927701541063765,0.31242503179917946,15.615276509264586,15.927701541063765
ideal_safe_fallback_unsafe,49385,5.244948761279667,11.6666666667,14.58333333335,-3.75,0.25,3.0,0.0,3.0887362453825773,3.4011612771767563,0.312425031794179,5.088736245382577,5.401161277176756
ideal_safe_fallback_unsafe,73010,9.736685986330084,17.5,20.416666666650002,-3.75,0.25,3.0,0.0,7.5804734704329935,7.8928985022271725,0.312425031794179,9.580473470432993,9.892898502227172
ideal_safe_fallback_unsafe,120260,23.350205524331322,29.1666666667,32.08333333335,-3.75,0.25,3.0,0.0,21.193993008434234,21.50641804022841,0.31242503179417724,23.193993008434234,23.50641804022841
ideal_safe_fallback_unsafe,96950,15.776614489616113,23.3333333333,26.25,-1.5,0.25,3.0,0.0,13.625527438168461,13.927701541063765,0.3021741028953038,15.625527438168461,15.927701541063765
ideal_safe_fallback_unsafe,120575,23.35533098878326,29.1666666667,32.08333333335,-1.5,0.25,3.0,0.0,21.204243937338106,21.50641804022841,0.3021741028903051,23.204243937338106,23.50641804022841
ideal_safe_fallback_unsafe,49700,5.250074225731605,11.6666666667,14.58333333335,-1.5,0.25,3.0,0.0,3.098987174286453,3.4011612771767563,0.30217410289030333,5.098987174286453,5.401161277176756
ideal_safe_fallback_unsafe,73325,9.74181145078202,17.5,20.416666666650002,-1.5,0.25,3.0,0.0,7.590724399336869,7.8928985022271725,0.30217410289030333,9.59072439933687,9.892898502227172
ideal_safe_fallback_unsafe,25438,2.4315244952662596,5.8333333333,8.75,-6.0,0.25,1.625,0.0,0.4125208901441231,0.4505281003883963,0.038007210244273226,2.412520890144123,2.4505281003883965
ideal_safe_fallback_unsafe,71120,17.768938999633537,17.5,17.5,-6.0,0.25,3.0,0.0,15.75343435261701,15.784443646650065,0.031009294033054857,17.75343435261701,17.784443646650065
ideal_safe_fallback_unsafe,47495,11.169014225909518,11.6666666667,11.6666666667,-6.0,0.25,3.0,0.0,9.15350957889299,9.184518872926045,0.031009294033054857,11.15350957889299,11.184518872926045
ideal_safe_fallback_unsafe,23870,6.086622011283305,5.8333333333,5.8333333333,-6.0,0.25,3.0,0.0,4.071117364266778,4.102126658299833,0.031009294033054857,6.071117364266778,6.102126658299833
ideal_safe_fallback_unsafe,118370,35.59270428395059,29.1666666667,29.1666666667,-6.0,0.25,3.0,0.0,33.57719963693406,33.608208930967116,0.031009294033054857,35.57719963693406,35.608208930967116
ideal_safe_fallback_unsafe,94745,25.90904687244661,23.3333333333,23.3333333333,-6.0,0.25,3.0,0.0,23.89354222543008,23.924551519463137,0.031009294033054857,25.89354222543008,25.924551519463137
ideal_safe_fallback_unsafe,141995,46.82037242624635,35.0,35.0,-6.0,0.25,3.0,0.0,44.804867779229824,44.83587707326288,0.031009294033054857,46.804867779229824,46.83587707326288
ideal_safe_fallback_unsafe,25753,2.4366499597181974,5.8333333333,8.75,-3.75,0.25,1.625,0.0,0.42277181904799876,0.4505281003883963,0.027756281340397537,2.4227718190479988,2.4505281003883965
ideal_safe_fallback_unsafe,142310,46.82549789069829,35.0,35.0,-3.75,0.25,3.0,0.0,44.815118708133696,44.83587707326288,0.02075836512918272,46.815118708133696,46.83587707326288
ideal_safe_fallback_unsafe,24185,6.091747475735243,5.8333333333,5.8333333333,-3.75,0.25,3.0,0.0,4.081368293170653,4.102126658299833,0.020758365129179168,6.081368293170653,6.102126658299833
ideal_safe_fallback_unsafe,71435,17.774064464085477,17.5,17.5,-3.75,0.25,3.0,0.0,15.763685281520885,15.784443646650065,0.020758365129179168,17.763685281520885,17.784443646650065
ideal_safe_fallback_unsafe,47810,11.174139690361455,11.6666666667,11.6666666667,-3.75,0.25,3.0,0.0,9.163760507796866,9.184518872926045,0.020758365129179168,11.163760507796866,11.184518872926045
ideal_safe_fallback_unsafe,95060,25.914172336898545,23.3333333333,23.3333333333,-3.75,0.25,3.0,0.0,23.903793154333957,23.924551519463137,0.020758365129179168,25.903793154333957,25.924551519463137
ideal_safe_fallback_unsafe,118685,35.59782974840253,29.1666666667,29.1666666667,-3.75,0.25,3.0,0.0,33.58745056583794,33.608208930967116,0.020758365129175615,35.58745056583794,35.608208930967116
ideal_safe_fallback_unsafe,26068,2.4417754241701353,5.8333333333,8.75,-1.5,0.25,1.625,0.0,0.43302274795187445,0.4505281003883963,0.017505352436521848,2.4330227479518745,2.4505281003883965
ideal_safe_fallback_unsafe,95375,25.919297801350485,23.3333333333,23.3333333333,-1.5,0.25,3.0,0.0,23.914044083237833,23.924551519463137,0.01050743622530348,25.914044083237833,25.924551519463137
ideal_safe_fallback_unsafe,71750,17.779189928537413,17.5,17.5,-1.5,0.25,3.0,0.0,15.773936210424761,15.784443646650065,0.01050743622530348,17.77393621042476,17.784443646650065
ideal_safe_fallback_unsafe,119000,35.60295521285447,29.1666666667,29.1666666667,-1.5,0.25,3.0,0.0,33.59770149474181,33.608208930967116,0.01050743622530348,35.59770149474181,35.608208930967116
ideal_safe_fallback_unsafe,48125,11.179265154813393,11.6666666667,11.6666666667,-1.5,0.25,3.0,0.0,9.174011436700741,9.184518872926045,0.01050743622530348,11.174011436700741,11.184518872926045
ideal_safe_fallback_unsafe,24500,6.096872940187181,5.8333333333,5.8333333333,-1.5,0.25,3.0,0.0,4.091619222074529,4.102126658299833,0.01050743622530348,6.091619222074529,6.102126658299833
ideal_safe_fallback_unsafe,142625,46.83062335515022,35.0,35.0,-1.5,0.25,3.0,0.0,44.825369637037575,44.83587707326288,0.01050743622530348,46.825369637037575,46.83587707326288
