node_index,pending_age_s,action_width,action_count,fragmented_required_gap_m,verifying_required_gap_m,signed_verify_minus_fragment_m,abs_progress_gap_m,fragmented_best_action,verifying_best_action,matched_chi
167058,0.0,0.25,35,0.0546875,0.5188225247898499,0.4641350247898499,0.4641350247898499,-5.999999999999999,-5.999999999999999,True
167058,0.0,0.125,69,0.0546875,0.5188225247898499,0.4641350247898499,0.4641350247898499,-5.999999999999999,-5.999999999999999,True
167058,0.0,0.0625,137,0.0546875,0.5188225247898499,0.4641350247898499,0.4641350247898499,-5.999999999999999,-5.999999999999999,True
167058,0.0,0.03125,273,0.0546875,0.5188225247898499,0.4641350247898499,0.4641350247898499,-5.999999999999999,-5.999999999999999,True
167058,0.1,0.25,35,0.0546875,0.49593699053888285,0.44124949053888285,0.44124949053888285,-5.999999999999999,-5.999999999999999,True
167058,0.1,0.125,69,0.0546875,0.49593699053888285,0.44124949053888285,0.44124949053888285,-5.999999999999999,-5.999999999999999,True
167058,0.1,0.0625,137,0.0546875,0.49593699053888285,0.44124949053888285,0.44124949053888285,-5.999999999999999,-5.999999999999999,True
167058,0.1,0.03125,273,0.0546875,0.49593699053888285,0.44124949053888285,0.44124949053888285,-5.999999999999999,-5.999999999999999,True
167058,0.2,0.25,35,0.0546875,0.427122152905395,0.372434652905395,0.372434652905395,-5.999999999999999,-5.999999999999999,True
167058,0.2,0.125,69,0.0546875,0.427122152905395,0.372434652905395,0.372434652905395,-5.999999999999999,-5.999999999999999,True
167058,0.2,0.0625,137,0.0546875,0.427122152905395,0.372434652905395,0.372434652905395,-5.999999999999999,-5.999999999999999,True
167058,0.2,0.03125,273,0.0546875,0.427122152905395,0.372434652905395,0.372434652905395,-5.999999999999999,-5.999999999999999,True
167058,0.30000000000000004,0.25,35,0.0546875,0.5188225247898499,0.4641350247898499,0.4641350247898499,-5.999999999999999,-5.999999999999999,True
167058,0.30000000000000004,0.125,69,0.0546875,0.5188225247898499,0.4641350247898499,0.4641350247898499,-5.999999999999999,-5.999999999999999,True
167058,0.30000000000000004,0.0625,137,0.0546875,0.5188225247898499,0.4641350247898499,0.4641350247898499,-5.999999999999999,-5.999999999999999,True
167058,0.30000000000000004,0.03125,273,0.0546875,0.5188225247898499,0.4641350247898499,0.4641350247898499,-5.999999999999999,-5.999999999999999,True
167247,0.0,0.25,35,0.0546875,0.5049515185575206,0.45026401855752063,0.45026401855752063,-5.999999999999999,-5.999999999999999,True
167247,0.0,0.125,69,0.0546875,0.5049515185575206,0.45026401855752063,0.45026401855752063,-5.999999999999999,-5.999999999999999,True
167247,0.0,0.0625,137,0.0546875,0.5049515185575206,0.45026401855752063,0.45026401855752063,-5.999999999999999,-5.999999999999999,True
167247,0.0,0.03125,273,0.0546875,0.5049515185575206,0.45026401855752063,0.45026401855752063,-5.999999999999999,-5.999999999999999,True
167247,0.1,0.25,35,0.0546875,0.49577083646052356,0.44108333646052356,0.44108333646052356,-5.999999999999999,-5.999999999999999,True
167247,0.1,0.125,69,0.0546875,0.49577083646052356,0.44108333646052356,0.44108333646052356,-5.999999999999999,-5.999999999999999,True
167247,0.1,0.0625,137,0.0546875,0.49577083646052356,0.44108333646052356,0.44108333646052356,-5.999999999999999,-5.999999999999999,True
167247,0.1,0.03125,273,0.0546875,0.49577083646052356,0.44108333646052356,0.44108333646052356,-5.999999999999999,-5.999999999999999,True
167247,0.2,0.25,35,0.0546875,0.4269559988270357,0.3722684988270357,0.3722684988270357,-5.999999999999999,-5.999999999999999,True
167247,0.2,0.125,69,0.0546875,0.4269559988270357,0.3722684988270357,0.3722684988270357,-5.999999999999999,-5.999999999999999,True
167247,0.2,0.0625,137,0.0546875,0.4269559988270357,0.3722684988270357,0.3722684988270357,-5.999999999999999,-5.999999999999999,True
167247,0.2,0.03125,273,0.0546875,0.4269559988270357,0.3722684988270357,0.3722684988270357,-5.999999999999999,-5.999999999999999,True
167247,0.30000000000000004,0.25,35,0.0546875,0.5049515185575206,0.45026401855752063,0.45026401855752063,-5.999999999999999,-5.999999999999999,True
167247,0.30000000000000004,0.125,69,0.0546875,0.5049515185575206,0.45026401855752063,0.45026401855752063,-5.999999999999999,-5.999999999999999,True
167247,0.30000000000000004,0.0625,137,0.0546875,0.5049515185575206,0.45026401855752063,0.45026401855752063,-5.999999999999999,-5.999999999999999,True
167247,0.30000000000000004,0.03125,273,0.0546875,0.5049515185575206,0.45026401855752063,0.45026401855752063,-5.999999999999999,-5.999999999999999,True
169137,0.0,0.25,35,0.0546875,0.5188225247898499,0.4641350247898499,0.4641350247898499,-5.999999999999999,-5.999999999999999,True
169137,0.0,0.125,69,0.0546875,0.5188225247898499,0.4641350247898499,0.4641350247898499,-5.999999999999999,-5.999999999999999,True
169137,0.0,0.0625,137,0.0546875,0.5188225247898499,0.4641350247898499,0.4641350247898499,-5.999999999999999,-5.999999999999999,True
169137,0.0,0.03125,273,0.0546875,0.5188225247898499,0.4641350247898499,0.4641350247898499,-5.999999999999999,-5.999999999999999,True
169137,0.1,0.25,35,0.0546875,0.5061879194427585,0.45150041944275854,0.45150041944275854,-5.999999999999999,-5.999999999999999,True
169137,0.1,0.125,69,0.0546875,0.5061879194427585,0.45150041944275854,0.45150041944275854,-5.999999999999999,-5.999999999999999,True
169137,0.1,0.0625,137,0.0546875,0.5061879194427585,0.45150041944275854,0.45150041944275854,-5.999999999999999,-5.999999999999999,True
169137,0.1,0.03125,273,0.0546875,0.5061879194427585,0.45150041944275854,0.45150041944275854,-5.999999999999999,-5.999999999999999,True
169137,0.2,0.25,35,0.0546875,0.4373730818092707,0.3826855818092707,0.3826855818092707,-5.999999999999999,-5.999999999999999,True
169137,0.2,0.125,69,0.0546875,0.4373730818092707,0.3826855818092707,0.3826855818092707,-5.999999999999999,-5.999999999999999,True
169137,0.2,0.0625,137,0.0546875,0.4373730818092707,0.3826855818092707,0.3826855818092707,-5.999999999999999,-5.999999999999999,True
169137,0.2,0.03125,273,0.0546875,0.4373730818092707,0.3826855818092707,0.3826855818092707,-5.999999999999999,-5.999999999999999,True
169137,0.30000000000000004,0.25,35,0.0546875,0.5188225247898499,0.4641350247898499,0.4641350247898499,-5.999999999999999,-5.999999999999999,True
169137,0.30000000000000004,0.125,69,0.0546875,0.5188225247898499,0.4641350247898499,0.4641350247898499,-5.999999999999999,-5.999999999999999,True
169137,0.30000000000000004,0.0625,137,0.0546875,0.5188225247898499,0.4641350247898499,0.4641350247898499,-5.999999999999999,-5.999999999999999,True
169137,0.30000000000000004,0.03125,273,0.0546875,0.5188225247898499,0.4641350247898499,0.4641350247898499,-5.999999999999999,-5.999999999999999,True
171216,0.0,0.25,35,0.0546875,0.5188225247898499,0.4641350247898499,0.4641350247898499,-5.999999999999999,-5.999999999999999,True
171216,0.0,0.125,69,0.0546875,0.5188225247898499,0.4641350247898499,0.4641350247898499,-5.999999999999999,-5.999999999999999,True
171216,0.0,0.0625,137,0.0546875,0.5188225247898499,0.4641350247898499,0.4641350247898499,-5.999999999999999,-5.999999999999999,True
171216,0.0,0.03125,273,0.0546875,0.5188225247898499,0.4641350247898499,0.4641350247898499,-5.999999999999999,-5.999999999999999,True
171216,0.1,0.25,35,0.0546875,0.5164388483466341,0.4617513483466341,0.4617513483466341,-5.999999999999999,-5.999999999999999,True
171216,0.1,0.125,69,0.0546875,0.5164388483466341,0.4617513483466341,0.4617513483466341,-5.999999999999999,-5.999999999999999,True
171216,0.1,0.0625,137,0.0546875,0.5164388483466341,0.4617513483466341,0.4617513483466341,-5.999999999999999,-5.999999999999999,True
171216,0.1,0.03125,273,0.0546875,0.5164388483466341,0.4617513483466341,0.4617513483466341,-5.999999999999999,-5.999999999999999,True
171216,0.2,0.25,35,0.0546875,0.4476240107131463,0.3929365107131463,0.3929365107131463,-5.999999999999999,-5.999999999999999,True
171216,0.2,0.125,69,0.0546875,0.4476240107131463,0.3929365107131463,0.3929365107131463,-5.999999999999999,-5.999999999999999,True
171216,0.2,0.0625,137,0.0546875,0.4476240107131463,0.3929365107131463,0.3929365107131463,-5.999999999999999,-5.999999999999999,True
171216,0.2,0.03125,273,0.0546875,0.4476240107131463,0.3929365107131463,0.3929365107131463,-5.999999999999999,-5.999999999999999,True
171216,0.30000000000000004,0.25,35,0.0546875,0.5188225247898499,0.4641350247898499,0.4641350247898499,-5.999999999999999,-5.999999999999999,True
171216,0.30000000000000004,0.125,69,0.0546875,0.5188225247898499,0.4641350247898499,0.4641350247898499,-5.999999999999999,-5.999999999999999,True
171216,0.30000000000000004,0.0625,137,0.0546875,0.5188225247898499,0.4641350247898499,0.4641350247898499,-5.999999999999999,-5.999999999999999,True
171216,0.30000000000000004,0.03125,273,0.0546875,0.5188225247898499,0.4641350247898499,0.4641350247898499,-5.999999999999999,-5.999999999999999,True
