layer,item,supported,source
manuscript_semantics,stateful_service,True,<PQC_V2X_PROJECT_ROOT>/PQC_V2X_Security_Conditioned.tex
manuscript_semantics,stage_fragmented,True,<PQC_V2X_PROJECT_ROOT>/PQC_V2X_Security_Conditioned.tex
manuscript_semantics,stage_verifying,True,<PQC_V2X_PROJECT_ROOT>/PQC_V2X_Security_Conditioned.tex
manuscript_semantics,outcome_eligible,True,<PQC_V2X_PROJECT_ROOT>/PQC_V2X_Security_Conditioned.tex
manuscript_semantics,outcome_rejected,True,<PQC_V2X_PROJECT_ROOT>/PQC_V2X_Security_Conditioned.tex
manuscript_semantics,outcome_timeout,True,<PQC_V2X_PROJECT_ROOT>/PQC_V2X_Security_Conditioned.tex
manuscript_semantics,replacement_semantics,True,<PQC_V2X_PROJECT_ROOT>/PQC_V2X_Security_Conditioned.tex
manuscript_semantics,retransmission_semantics,True,<PQC_V2X_PROJECT_ROOT>/PQC_V2X_Security_Conditioned.tex
manuscript_semantics,generation_time_preserved,True,<PQC_V2X_PROJECT_ROOT>/PQC_V2X_Security_Conditioned.tex
manuscript_semantics,finite_service_horizon,True,<PQC_V2X_PROJECT_ROOT>/PQC_V2X_Security_Conditioned.tex
manuscript_semantics,same_horizon_trace_difference_example,True,<PQC_V2X_PROJECT_ROOT>/PQC_V2X_Security_Conditioned.tex
manuscript_semantics,pair_explicitly_not_viability_claim,False,<PQC_V2X_PROJECT_ROOT>/PQC_V2X_Security_Conditioned.tex
manuscript_semantics,exact_transition_relation_profile_specific,True,<PQC_V2X_PROJECT_ROOT>/PQC_V2X_Security_Conditioned.tex
manuscript_semantics,all_required_semantics,True,<PQC_V2X_PROJECT_ROOT>/PQC_V2X_Security_Conditioned.tex
numerical_profile,diagnostic_fast_eligible_bound_steps_2,True,<PQC_V2X_NUMERICAL_ROOT>/01_config/p1_validation_v2.json
deployment_transition_relation,complete_R_c_edge_table,False,not supplied by current manuscript/config
diagnostic_contract_v2,explicit_new_declared_contract,True,<PQC_V2X_NUMERICAL_ROOT>/01_config/p3b1_r9j_declared_diagnostic_service_contract_v2.json
