axis_scenario,unique_witness_id,occurrence_id,edge_id,axis_name,t,v_f,v_p,a_f,bar_a,bar_u,age,refined_eval_flat_index,refined_lookup_index,diagnostic_fast_q_span_m,diagnostic_fast_q_span_multiple_of_tol,diagnostic_fast_q_dependent,diagnostic_fast_strong_q_dependent,diagnostic_nominal_q_span_m,diagnostic_nominal_q_span_multiple_of_tol,diagnostic_nominal_q_dependent,diagnostic_nominal_strong_q_dependent,diagnostic_stressed_q_span_m,diagnostic_stressed_q_span_multiple_of_tol,diagnostic_stressed_q_dependent,diagnostic_stressed_strong_q_dependent
bar_a,0,0,1038,bar_a,0.8125,5.8333333333,8.75,-6.0,-1.984375,3.0,0.3333333333,56001,95653,0.009814688594967924,98146885.94967924,True,True,0.009814688594967924,98146885.94967924,True,True,0.009814688594967924,98146885.94967924,True,True
bar_a,1,1,1038,bar_a,0.84375,5.8333333333,8.75,-6.0,-2.0703125,3.0,0.3333333333,55938,95572,0.022382474791124984,223824747.91124985,True,True,0.022382474791124984,223824747.91124985,True,True,0.022382474791124984,223824747.91124985,True,True
bar_a,2,2,1038,bar_a,0.875,5.8333333333,8.75,-6.0,-2.15625,3.0,0.3333333333,55875,95491,0.03493383523867011,349338352.38670105,True,True,0.03493383523867011,349338352.38670105,True,True,0.03493383523867011,349338352.38670105,True,True
bar_a,3,3,1038,bar_a,0.90625,5.833333333299999,8.75,-6.0,-2.2421875,3.0,0.3333333333,55812,95410,0.04746877214026457,474687721.4026457,True,True,0.04746877214026457,474687721.4026457,True,True,0.04746877214026457,474687721.4026457,True,True
bar_a,4,4,1038,bar_a,0.9375,5.8333333333,8.75,-6.0,-2.328125,3.0,0.3333333333,55749,95329,0.0599872877120492,599872877.120492,True,True,0.0599872877120492,599872877.120492,True,True,0.0599872877120492,599872877.120492,True,True
bar_a,5,5,1038,bar_a,0.96875,5.8333333333,8.75,-6.0,-2.4140625,3.0,0.3333333333,55686,95248,0.07248938418372708,724893841.8372707,True,True,0.07248938418372708,724893841.8372707,True,True,0.07248938418372708,724893841.8372707,True,True
bar_a,6,6,1041,bar_a,0.84375,5.8333333333,8.75,-3.75,-2.0703125,3.0,0.3333333333,56631,96625,0.012131545887249295,121315458.87249295,True,True,0.012131545887249295,121315458.87249295,True,True,0.012131545887249295,121315458.87249295,True,True
bar_a,7,7,1041,bar_a,0.875,5.8333333333,8.75,-3.75,-2.15625,3.0,0.3333333333,56568,96544,0.02468290633479442,246829063.34794417,True,True,0.02468290633479442,246829063.34794417,True,True,0.02468290633479442,246829063.34794417,True,True
bar_a,8,8,1041,bar_a,0.90625,5.833333333299999,8.75,-3.75,-2.2421875,3.0,0.3333333333,56505,96463,0.03721784323638888,372178432.3638888,True,True,0.03721784323638888,372178432.3638888,True,True,0.03721784323638888,372178432.3638888,True,True
bar_a,9,9,1041,bar_a,0.9375,5.8333333333,8.75,-3.75,-2.328125,3.0,0.3333333333,56442,96382,0.04973635880817351,497363588.0817351,True,True,0.04973635880817351,497363588.0817351,True,True,0.04973635880817351,497363588.0817351,True,True
bar_a,10,10,1041,bar_a,0.96875,5.8333333333,8.75,-3.75,-2.4140625,3.0,0.3333333333,56379,96301,0.06223845527985139,622384552.7985139,True,True,0.06223845527985139,622384552.7985139,True,True,0.06223845527985139,622384552.7985139,True,True
bar_a,11,11,1044,bar_a,0.84375,5.8333333333,8.75,-1.5,-2.0703125,3.0,0.3333333333,57324,97678,0.0018806169833736064,18806169.833736062,True,True,0.0018806169833736064,18806169.833736062,True,True,0.0018806169833736064,18806169.833736062,True,True
bar_a,12,12,1044,bar_a,0.875,5.8333333333,8.75,-1.5,-2.15625,3.0,0.3333333333,57261,97597,0.01443197743091873,144319774.3091873,True,True,0.01443197743091873,144319774.3091873,True,True,0.01443197743091873,144319774.3091873,True,True
bar_a,13,13,1044,bar_a,0.90625,5.833333333299999,8.75,-1.5,-2.2421875,3.0,0.3333333333,57198,97516,0.026966914332513192,269669143.3251319,True,True,0.026966914332513192,269669143.3251319,True,True,0.026966914332513192,269669143.3251319,True,True
bar_a,14,14,1044,bar_a,0.9375,5.8333333333,8.75,-1.5,-2.328125,3.0,0.3333333333,57135,97435,0.03948542990429782,394854299.04297817,True,True,0.03948542990429782,394854299.04297817,True,True,0.03948542990429782,394854299.04297817,True,True
bar_a,15,15,1044,bar_a,0.96875,5.8333333333,8.75,-1.5,-2.4140625,3.0,0.3333333333,57072,97354,0.0519875263759757,519875263.759757,True,True,0.0519875263759757,519875263.759757,True,True,0.0519875263759757,519875263.759757,True,True
