node_index,q,adopted_age_s,pending_age_before_interval_s,candidate_age_if_completion_s,chi_a_lower,chi_a_upper,chi_u_lower,chi_u_upper,event_defer_q_next,event_completion_q_next,completion_adoption_choice,psi_rule,frozen_best_required_gap_m,frozen_best_action,full_grid_best_required_gap_m,full_grid_best_action,full_minus_frozen_improvement_m,descriptor_cells_best_full
167058,1,0.30000000000000004,0.1,0.2,-0.3737969951083843,0.25895858024311796,1.7999999999999998,3.0,NOT_ADMITTED,2,ADOPT_OR_HOLD_AFTER_OBSERVING_ELIGIBLE_CONTENT,TERMINATE_CURRENT_AND_RESTART_CYCLE,0.49726908533371517,-3.0,0.49593699053888285,-6.0,0.001332094794832317,2
167058,2,0.30000000000000004,0.0,0.1,0.07094201347792983,1.333895766926347,1.1999999999999997,3.0,1,2,ADOPT_OR_HOLD_AFTER_OBSERVING_ELIGIBLE_CONTENT,TERMINATE_CURRENT_AND_RESTART_CYCLE,0.5188225247898499,-3.0,0.5188225247898499,-6.0,0.0,4
167247,1,0.30000000000000004,0.1,0.2,-0.32526653149834245,0.30748904385315984,1.7999999999999998,3.0,NOT_ADMITTED,2,ADOPT_OR_HOLD_AFTER_OBSERVING_ELIGIBLE_CONTENT,TERMINATE_CURRENT_AND_RESTART_CYCLE,0.4971029312553559,-3.0,0.49577083646052356,-6.0,0.001332094794832317,2
167247,2,0.30000000000000004,0.0,0.1,0.1074115549032929,1.37036530835171,1.1999999999999997,3.0,1,2,ADOPT_OR_HOLD_AFTER_OBSERVING_ELIGIBLE_CONTENT,TERMINATE_CURRENT_AND_RESTART_CYCLE,0.5049515185575206,-3.0,0.5049515185575206,-6.0,0.0,4
167436,1,0.30000000000000004,0.1,0.2,-0.2767360678883006,0.3560195074632017,1.7999999999999998,3.0,NOT_ADMITTED,2,ADOPT_OR_HOLD_AFTER_OBSERVING_ELIGIBLE_CONTENT,TERMINATE_CURRENT_AND_RESTART_CYCLE,0.49106065495879725,-3.0,0.49106065495879725,-6.0,0.0,2
167436,2,0.30000000000000004,0.0,0.1,0.14388109632865553,1.4068348497770726,1.1999999999999997,3.0,1,2,ADOPT_OR_HOLD_AFTER_OBSERVING_ELIGIBLE_CONTENT,TERMINATE_CURRENT_AND_RESTART_CYCLE,0.49106065495879725,-3.0,0.49106065495879725,-6.0,0.0,4
167625,1,0.30000000000000004,0.1,0.2,-0.2282056042782587,0.4045499710732436,1.7999999999999998,3.0,NOT_ADMITTED,2,ADOPT_OR_HOLD_AFTER_OBSERVING_ELIGIBLE_CONTENT,TERMINATE_CURRENT_AND_RESTART_CYCLE,0.4771499309815871,-3.0,0.4771499309815871,-6.0,0.0,2
167625,2,0.30000000000000004,0.0,0.1,0.1803506377540186,1.4433043912024357,1.1999999999999997,3.0,1,2,ADOPT_OR_HOLD_AFTER_OBSERVING_ELIGIBLE_CONTENT,TERMINATE_CURRENT_AND_RESTART_CYCLE,0.4771499309815871,-3.0,0.4771499309815871,-6.0,0.0,4
167814,1,0.30000000000000004,0.1,0.2,-0.17967514066821683,0.45308043468328546,1.7999999999999998,3.0,NOT_ADMITTED,2,ADOPT_OR_HOLD_AFTER_OBSERVING_ELIGIBLE_CONTENT,TERMINATE_CURRENT_AND_RESTART_CYCLE,0.4632193436338873,-3.0,0.4632193436338873,-6.0,0.0,2
167814,2,0.30000000000000004,0.0,0.1,0.21682017917938123,1.4797739326277983,1.1999999999999997,3.0,1,2,ADOPT_OR_HOLD_AFTER_OBSERVING_ELIGIBLE_CONTENT,TERMINATE_CURRENT_AND_RESTART_CYCLE,0.4632193436338873,-3.0,0.4632193436338873,-6.0,0.0,4
168002,1,0.2,0.1,0.2,-0.8411435376149583,-0.6501457277292977,2.4,3.0,NOT_ADMITTED,2,ADOPT_OR_HOLD_AFTER_OBSERVING_ELIGIBLE_CONTENT,TERMINATE_CURRENT_AND_RESTART_CYCLE,0.4291085293177521,-3.0,0.4277764345229198,-6.0,0.001332094794832317,1
168002,2,0.2,0.0,0.1,-0.13114467705817584,0.5016108982933265,1.7999999999999998,3.0,1,2,ADOPT_OR_HOLD_AFTER_OBSERVING_ELIGIBLE_CONTENT,TERMINATE_CURRENT_AND_RESTART_CYCLE,0.4291085293177521,-3.0,0.4277764345229198,-6.0,0.001332094794832317,2
168003,1,0.30000000000000004,0.1,0.2,-0.1311446770581754,0.501610898293327,1.7999999999999998,3.0,NOT_ADMITTED,2,ADOPT_OR_HOLD_AFTER_OBSERVING_ELIGIBLE_CONTENT,TERMINATE_CURRENT_AND_RESTART_CYCLE,0.44926888994365033,-3.0,0.44926888994365033,-6.0,0.0,2
168003,2,0.30000000000000004,0.0,0.1,0.2532897206047443,1.5162434740531614,1.1999999999999997,3.0,1,2,ADOPT_OR_HOLD_AFTER_OBSERVING_ELIGIBLE_CONTENT,TERMINATE_CURRENT_AND_RESTART_CYCLE,0.44926888994365033,-3.0,0.44926888994365033,-6.0,0.0,2
169137,1,0.30000000000000004,0.1,0.2,-0.3737969951083843,0.25895858024311796,1.7999999999999998,3.0,NOT_ADMITTED,2,ADOPT_OR_HOLD_AFTER_OBSERVING_ELIGIBLE_CONTENT,TERMINATE_CURRENT_AND_RESTART_CYCLE,0.5075200142375909,-3.0,0.5061879194427585,-6.0,0.001332094794832317,2
169137,2,0.30000000000000004,0.0,0.1,0.07094201347792983,1.333895766926347,1.1999999999999997,3.0,1,2,ADOPT_OR_HOLD_AFTER_OBSERVING_ELIGIBLE_CONTENT,TERMINATE_CURRENT_AND_RESTART_CYCLE,0.5188225247898499,-3.0,0.5188225247898499,-6.0,0.0,4
169326,1,0.30000000000000004,0.1,0.2,-0.32526653149834245,0.30748904385315984,1.7999999999999998,3.0,NOT_ADMITTED,2,ADOPT_OR_HOLD_AFTER_OBSERVING_ELIGIBLE_CONTENT,TERMINATE_CURRENT_AND_RESTART_CYCLE,0.5049515185575206,-3.0,0.5049515185575206,-6.0,0.0,2
169326,2,0.30000000000000004,0.0,0.1,0.1074115549032929,1.37036530835171,1.1999999999999997,3.0,1,2,ADOPT_OR_HOLD_AFTER_OBSERVING_ELIGIBLE_CONTENT,TERMINATE_CURRENT_AND_RESTART_CYCLE,0.5049515185575206,-3.0,0.5049515185575206,-6.0,0.0,4
169515,1,0.30000000000000004,0.1,0.2,-0.2767360678883006,0.3560195074632017,1.7999999999999998,3.0,NOT_ADMITTED,2,ADOPT_OR_HOLD_AFTER_OBSERVING_ELIGIBLE_CONTENT,TERMINATE_CURRENT_AND_RESTART_CYCLE,0.49106065495879725,-3.0,0.49106065495879725,-6.0,0.0,2
169515,2,0.30000000000000004,0.0,0.1,0.14388109632865553,1.4068348497770726,1.1999999999999997,3.0,1,2,ADOPT_OR_HOLD_AFTER_OBSERVING_ELIGIBLE_CONTENT,TERMINATE_CURRENT_AND_RESTART_CYCLE,0.49106065495879725,-3.0,0.49106065495879725,-6.0,0.0,4
169704,1,0.30000000000000004,0.1,0.2,-0.2282056042782587,0.4045499710732436,1.7999999999999998,3.0,NOT_ADMITTED,2,ADOPT_OR_HOLD_AFTER_OBSERVING_ELIGIBLE_CONTENT,TERMINATE_CURRENT_AND_RESTART_CYCLE,0.4771499309815871,-3.0,0.4771499309815871,-6.0,0.0,2
169704,2,0.30000000000000004,0.0,0.1,0.1803506377540186,1.4433043912024357,1.1999999999999997,3.0,1,2,ADOPT_OR_HOLD_AFTER_OBSERVING_ELIGIBLE_CONTENT,TERMINATE_CURRENT_AND_RESTART_CYCLE,0.4771499309815871,-3.0,0.4771499309815871,-6.0,0.0,4
169893,1,0.30000000000000004,0.1,0.2,-0.17967514066821683,0.45308043468328546,1.7999999999999998,3.0,NOT_ADMITTED,2,ADOPT_OR_HOLD_AFTER_OBSERVING_ELIGIBLE_CONTENT,TERMINATE_CURRENT_AND_RESTART_CYCLE,0.4632193436338873,-3.0,0.4632193436338873,-6.0,0.0,2
169893,2,0.30000000000000004,0.0,0.1,0.21682017917938123,1.4797739326277983,1.1999999999999997,3.0,1,2,ADOPT_OR_HOLD_AFTER_OBSERVING_ELIGIBLE_CONTENT,TERMINATE_CURRENT_AND_RESTART_CYCLE,0.4632193436338873,-3.0,0.4632193436338873,-6.0,0.0,4
170081,1,0.2,0.1,0.2,-0.8411435376149583,-0.6501457277292977,2.4,3.0,NOT_ADMITTED,2,ADOPT_OR_HOLD_AFTER_OBSERVING_ELIGIBLE_CONTENT,TERMINATE_CURRENT_AND_RESTART_CYCLE,0.4393594582216278,-3.0,0.4380273634267955,-6.0,0.001332094794832317,1
170081,2,0.2,0.0,0.1,-0.13114467705817584,0.5016108982933265,1.7999999999999998,3.0,1,2,ADOPT_OR_HOLD_AFTER_OBSERVING_ELIGIBLE_CONTENT,TERMINATE_CURRENT_AND_RESTART_CYCLE,0.4393594582216278,-3.0,0.4380273634267955,-6.0,0.001332094794832317,2
170082,1,0.30000000000000004,0.1,0.2,-0.1311446770581754,0.501610898293327,1.7999999999999998,3.0,NOT_ADMITTED,2,ADOPT_OR_HOLD_AFTER_OBSERVING_ELIGIBLE_CONTENT,TERMINATE_CURRENT_AND_RESTART_CYCLE,0.44926888994365033,-3.0,0.44926888994365033,-6.0,0.0,2
170082,2,0.30000000000000004,0.0,0.1,0.2532897206047443,1.5162434740531614,1.1999999999999997,3.0,1,2,ADOPT_OR_HOLD_AFTER_OBSERVING_ELIGIBLE_CONTENT,TERMINATE_CURRENT_AND_RESTART_CYCLE,0.44926888994365033,-3.0,0.44926888994365033,-6.0,0.0,2
171216,1,0.30000000000000004,0.1,0.2,-0.3737969951083843,0.25895858024311796,1.7999999999999998,3.0,NOT_ADMITTED,2,ADOPT_OR_HOLD_AFTER_OBSERVING_ELIGIBLE_CONTENT,TERMINATE_CURRENT_AND_RESTART_CYCLE,0.5177709431414665,-3.0,0.5164388483466341,-6.0,0.001332094794832428,2
171216,2,0.30000000000000004,0.0,0.1,0.07094201347792983,1.333895766926347,1.1999999999999997,3.0,1,2,ADOPT_OR_HOLD_AFTER_OBSERVING_ELIGIBLE_CONTENT,TERMINATE_CURRENT_AND_RESTART_CYCLE,0.5188225247898499,-3.0,0.5188225247898499,-6.0,0.0,4
171405,1,0.30000000000000004,0.1,0.2,-0.32526653149834245,0.30748904385315984,1.7999999999999998,3.0,NOT_ADMITTED,2,ADOPT_OR_HOLD_AFTER_OBSERVING_ELIGIBLE_CONTENT,TERMINATE_CURRENT_AND_RESTART_CYCLE,0.5049515185575206,-3.0,0.5049515185575206,-6.0,0.0,2
171405,2,0.30000000000000004,0.0,0.1,0.1074115549032929,1.37036530835171,1.1999999999999997,3.0,1,2,ADOPT_OR_HOLD_AFTER_OBSERVING_ELIGIBLE_CONTENT,TERMINATE_CURRENT_AND_RESTART_CYCLE,0.5049515185575206,-3.0,0.5049515185575206,-6.0,0.0,4
171594,1,0.30000000000000004,0.1,0.2,-0.2767360678883006,0.3560195074632017,1.7999999999999998,3.0,NOT_ADMITTED,2,ADOPT_OR_HOLD_AFTER_OBSERVING_ELIGIBLE_CONTENT,TERMINATE_CURRENT_AND_RESTART_CYCLE,0.49106065495879725,-3.0,0.49106065495879725,-6.0,0.0,2
171594,2,0.30000000000000004,0.0,0.1,0.14388109632865553,1.4068348497770726,1.1999999999999997,3.0,1,2,ADOPT_OR_HOLD_AFTER_OBSERVING_ELIGIBLE_CONTENT,TERMINATE_CURRENT_AND_RESTART_CYCLE,0.49106065495879725,-3.0,0.49106065495879725,-6.0,0.0,4
171783,1,0.30000000000000004,0.1,0.2,-0.2282056042782587,0.4045499710732436,1.7999999999999998,3.0,NOT_ADMITTED,2,ADOPT_OR_HOLD_AFTER_OBSERVING_ELIGIBLE_CONTENT,TERMINATE_CURRENT_AND_RESTART_CYCLE,0.4771499309815871,-3.0,0.4771499309815871,-6.0,0.0,2
171783,2,0.30000000000000004,0.0,0.1,0.1803506377540186,1.4433043912024357,1.1999999999999997,3.0,1,2,ADOPT_OR_HOLD_AFTER_OBSERVING_ELIGIBLE_CONTENT,TERMINATE_CURRENT_AND_RESTART_CYCLE,0.4771499309815871,-3.0,0.4771499309815871,-6.0,0.0,4
171972,1,0.30000000000000004,0.1,0.2,-0.17967514066821683,0.45308043468328546,1.7999999999999998,3.0,NOT_ADMITTED,2,ADOPT_OR_HOLD_AFTER_OBSERVING_ELIGIBLE_CONTENT,TERMINATE_CURRENT_AND_RESTART_CYCLE,0.4632193436338873,-3.0,0.4632193436338873,-6.0,0.0,2
171972,2,0.30000000000000004,0.0,0.1,0.21682017917938123,1.4797739326277983,1.1999999999999997,3.0,1,2,ADOPT_OR_HOLD_AFTER_OBSERVING_ELIGIBLE_CONTENT,TERMINATE_CURRENT_AND_RESTART_CYCLE,0.4632193436338873,-3.0,0.4632193436338873,-6.0,0.0,4
172160,1,0.2,0.1,0.2,-0.8411435376149583,-0.6501457277292977,2.4,3.0,NOT_ADMITTED,2,ADOPT_OR_HOLD_AFTER_OBSERVING_ELIGIBLE_CONTENT,TERMINATE_CURRENT_AND_RESTART_CYCLE,0.4496103871255035,-3.0,0.44827829233067107,-6.0,0.001332094794832428,1
172160,2,0.2,0.0,0.1,-0.13114467705817584,0.5016108982933265,1.7999999999999998,3.0,1,2,ADOPT_OR_HOLD_AFTER_OBSERVING_ELIGIBLE_CONTENT,TERMINATE_CURRENT_AND_RESTART_CYCLE,0.4496103871255035,-3.0,0.44827829233067107,-6.0,0.001332094794832428,2
172161,1,0.30000000000000004,0.1,0.2,-0.1311446770581754,0.501610898293327,1.7999999999999998,3.0,NOT_ADMITTED,2,ADOPT_OR_HOLD_AFTER_OBSERVING_ELIGIBLE_CONTENT,TERMINATE_CURRENT_AND_RESTART_CYCLE,0.44926888994365033,-3.0,0.44926888994365033,-6.0,0.0,2
172161,2,0.30000000000000004,0.0,0.1,0.2532897206047443,1.5162434740531614,1.1999999999999997,3.0,1,2,ADOPT_OR_HOLD_AFTER_OBSERVING_ELIGIBLE_CONTENT,TERMINATE_CURRENT_AND_RESTART_CYCLE,0.44926888994365033,-3.0,0.44926888994365033,-6.0,0.0,2
322983,1,0.30000000000000004,0.1,0.2,-0.3737969951083843,0.25895858024311796,1.7999999999999998,3.0,NOT_ADMITTED,2,ADOPT_OR_HOLD_AFTER_OBSERVING_ELIGIBLE_CONTENT,TERMINATE_CURRENT_AND_RESTART_CYCLE,3.514710038198598,-3.0,3.514710038198598,-6.0,0.0,2
322983,2,0.30000000000000004,0.0,0.1,0.07094201347792983,1.333895766926347,1.1999999999999997,3.0,1,2,ADOPT_OR_HOLD_AFTER_OBSERVING_ELIGIBLE_CONTENT,TERMINATE_CURRENT_AND_RESTART_CYCLE,3.514710038198598,-3.0,3.514710038198598,-6.0,0.0,4
323172,1,0.30000000000000004,0.1,0.2,-0.32526653149834245,0.30748904385315984,1.7999999999999998,3.0,NOT_ADMITTED,2,ADOPT_OR_HOLD_AFTER_OBSERVING_ELIGIBLE_CONTENT,TERMINATE_CURRENT_AND_RESTART_CYCLE,3.4916224417084405,-3.0,3.4916224417084405,-6.0,0.0,2
323172,2,0.30000000000000004,0.0,0.1,0.1074115549032929,1.37036530835171,1.1999999999999997,3.0,1,2,ADOPT_OR_HOLD_AFTER_OBSERVING_ELIGIBLE_CONTENT,TERMINATE_CURRENT_AND_RESTART_CYCLE,3.4916224417084405,-3.0,3.4916224417084405,-6.0,0.0,4
323927,1,0.2,0.1,0.2,-0.8411435376149583,-0.6501457277292977,2.4,3.0,NOT_ADMITTED,2,ADOPT_OR_HOLD_AFTER_OBSERVING_ELIGIBLE_CONTENT,TERMINATE_CURRENT_AND_RESTART_CYCLE,3.5802149468522675,-3.0,3.578882852057435,-6.0,0.001332094794832539,1
323927,2,0.2,0.0,0.1,-0.13114467705817584,0.5016108982933265,1.7999999999999998,3.0,1,2,ADOPT_OR_HOLD_AFTER_OBSERVING_ELIGIBLE_CONTENT,TERMINATE_CURRENT_AND_RESTART_CYCLE,3.5802149468522675,-3.0,3.578882852057435,-6.0,0.001332094794832539,2
325062,1,0.30000000000000004,0.1,0.2,-0.3737969951083843,0.25895858024311796,1.7999999999999998,3.0,NOT_ADMITTED,2,ADOPT_OR_HOLD_AFTER_OBSERVING_ELIGIBLE_CONTENT,TERMINATE_CURRENT_AND_RESTART_CYCLE,3.514710038198598,-3.0,3.514710038198598,-6.0,0.0,2
325062,2,0.30000000000000004,0.0,0.1,0.07094201347792983,1.333895766926347,1.1999999999999997,3.0,1,2,ADOPT_OR_HOLD_AFTER_OBSERVING_ELIGIBLE_CONTENT,TERMINATE_CURRENT_AND_RESTART_CYCLE,3.514710038198598,-3.0,3.514710038198598,-6.0,0.0,4
325251,1,0.30000000000000004,0.1,0.2,-0.32526653149834245,0.30748904385315984,1.7999999999999998,3.0,NOT_ADMITTED,2,ADOPT_OR_HOLD_AFTER_OBSERVING_ELIGIBLE_CONTENT,TERMINATE_CURRENT_AND_RESTART_CYCLE,3.4916224417084405,-3.0,3.4916224417084405,-6.0,0.0,2
325251,2,0.30000000000000004,0.0,0.1,0.1074115549032929,1.37036530835171,1.1999999999999997,3.0,1,2,ADOPT_OR_HOLD_AFTER_OBSERVING_ELIGIBLE_CONTENT,TERMINATE_CURRENT_AND_RESTART_CYCLE,3.4916224417084405,-3.0,3.4916224417084405,-6.0,0.0,4
326006,1,0.2,0.1,0.2,-0.8411435376149583,-0.6501457277292977,2.4,3.0,NOT_ADMITTED,2,ADOPT_OR_HOLD_AFTER_OBSERVING_ELIGIBLE_CONTENT,TERMINATE_CURRENT_AND_RESTART_CYCLE,3.590465875756143,-3.0,3.5891337809613106,-6.0,0.001332094794832539,1
326006,2,0.2,0.0,0.1,-0.13114467705817584,0.5016108982933265,1.7999999999999998,3.0,1,2,ADOPT_OR_HOLD_AFTER_OBSERVING_ELIGIBLE_CONTENT,TERMINATE_CURRENT_AND_RESTART_CYCLE,3.590465875756143,-3.0,3.5891337809613106,-6.0,0.001332094794832539,2
327141,1,0.30000000000000004,0.1,0.2,-0.3737969951083843,0.25895858024311796,1.7999999999999998,3.0,NOT_ADMITTED,2,ADOPT_OR_HOLD_AFTER_OBSERVING_ELIGIBLE_CONTENT,TERMINATE_CURRENT_AND_RESTART_CYCLE,3.514710038198598,-3.0,3.514710038198598,-6.0,0.0,2
327141,2,0.30000000000000004,0.0,0.1,0.07094201347792983,1.333895766926347,1.1999999999999997,3.0,1,2,ADOPT_OR_HOLD_AFTER_OBSERVING_ELIGIBLE_CONTENT,TERMINATE_CURRENT_AND_RESTART_CYCLE,3.514710038198598,-3.0,3.514710038198598,-6.0,0.0,4
328085,1,0.2,0.1,0.2,-0.8411435376149583,-0.6501457277292977,2.4,3.0,NOT_ADMITTED,2,ADOPT_OR_HOLD_AFTER_OBSERVING_ELIGIBLE_CONTENT,TERMINATE_CURRENT_AND_RESTART_CYCLE,3.600716804660019,-3.0,3.5993847098651863,-6.0,0.001332094794832539,1
328085,2,0.2,0.0,0.1,-0.13114467705817584,0.5016108982933265,1.7999999999999998,3.0,1,2,ADOPT_OR_HOLD_AFTER_OBSERVING_ELIGIBLE_CONTENT,TERMINATE_CURRENT_AND_RESTART_CYCLE,3.600716804660019,-3.0,3.5993847098651863,-6.0,0.001332094794832539,2
479852,1,0.2,0.1,0.2,-0.8411435376149583,-0.6501457277292977,2.4,3.0,NOT_ADMITTED,2,ADOPT_OR_HOLD_AFTER_OBSERVING_ELIGIBLE_CONTENT,TERMINATE_CURRENT_AND_RESTART_CYCLE,8.23033275181768,-3.0,8.23033275181768,-6.0,0.0,1
479852,2,0.2,0.0,0.1,-0.13114467705817584,0.5016108982933265,1.7999999999999998,3.0,1,2,ADOPT_OR_HOLD_AFTER_OBSERVING_ELIGIBLE_CONTENT,TERMINATE_CURRENT_AND_RESTART_CYCLE,8.23033275181768,-3.0,8.23033275181768,-6.0,0.0,2
481931,1,0.2,0.1,0.2,-0.8411435376149583,-0.6501457277292977,2.4,3.0,NOT_ADMITTED,2,ADOPT_OR_HOLD_AFTER_OBSERVING_ELIGIBLE_CONTENT,TERMINATE_CURRENT_AND_RESTART_CYCLE,8.23033275181768,-3.0,8.23033275181768,-6.0,0.0,1
481931,2,0.2,0.0,0.1,-0.13114467705817584,0.5016108982933265,1.7999999999999998,3.0,1,2,ADOPT_OR_HOLD_AFTER_OBSERVING_ELIGIBLE_CONTENT,TERMINATE_CURRENT_AND_RESTART_CYCLE,8.23033275181768,-3.0,8.23033275181768,-6.0,0.0,2
484010,1,0.2,0.1,0.2,-0.8411435376149583,-0.6501457277292977,2.4,3.0,NOT_ADMITTED,2,ADOPT_OR_HOLD_AFTER_OBSERVING_ELIGIBLE_CONTENT,TERMINATE_CURRENT_AND_RESTART_CYCLE,8.23033275181768,-3.0,8.23033275181768,-6.0,0.0,1
484010,2,0.2,0.0,0.1,-0.13114467705817584,0.5016108982933265,1.7999999999999998,3.0,1,2,ADOPT_OR_HOLD_AFTER_OBSERVING_ELIGIBLE_CONTENT,TERMINATE_CURRENT_AND_RESTART_CYCLE,8.23033275181768,-3.0,8.23033275181768,-6.0,0.0,2
635777,1,0.2,0.1,0.2,-0.8411435376149583,-0.6501457277292977,2.4,3.0,NOT_ADMITTED,2,ADOPT_OR_HOLD_AFTER_OBSERVING_ELIGIBLE_CONTENT,TERMINATE_CURRENT_AND_RESTART_CYCLE,14.361451859761438,-3.0,14.361451859761438,-6.0,0.0,1
635777,2,0.2,0.0,0.1,-0.13114467705817584,0.5016108982933265,1.7999999999999998,3.0,1,2,ADOPT_OR_HOLD_AFTER_OBSERVING_ELIGIBLE_CONTENT,TERMINATE_CURRENT_AND_RESTART_CYCLE,14.361451859761438,-3.0,14.361451859761438,-6.0,0.0,2
637856,1,0.2,0.1,0.2,-0.8411435376149583,-0.6501457277292977,2.4,3.0,NOT_ADMITTED,2,ADOPT_OR_HOLD_AFTER_OBSERVING_ELIGIBLE_CONTENT,TERMINATE_CURRENT_AND_RESTART_CYCLE,14.361451859761438,-3.0,14.361451859761438,-6.0,0.0,1
637856,2,0.2,0.0,0.1,-0.13114467705817584,0.5016108982933265,1.7999999999999998,3.0,1,2,ADOPT_OR_HOLD_AFTER_OBSERVING_ELIGIBLE_CONTENT,TERMINATE_CURRENT_AND_RESTART_CYCLE,14.361451859761438,-3.0,14.361451859761438,-6.0,0.0,2
639935,1,0.2,0.1,0.2,-0.8411435376149583,-0.6501457277292977,2.4,3.0,NOT_ADMITTED,2,ADOPT_OR_HOLD_AFTER_OBSERVING_ELIGIBLE_CONTENT,TERMINATE_CURRENT_AND_RESTART_CYCLE,14.361451859761438,-3.0,14.361451859761438,-6.0,0.0,1
639935,2,0.2,0.0,0.1,-0.13114467705817584,0.5016108982933265,1.7999999999999998,3.0,1,2,ADOPT_OR_HOLD_AFTER_OBSERVING_ELIGIBLE_CONTENT,TERMINATE_CURRENT_AND_RESTART_CYCLE,14.361451859761438,-3.0,14.361451859761438,-6.0,0.0,2
645228,1,0.30000000000000004,0.1,0.2,-0.3737969951083843,0.25895858024311796,1.7999999999999998,3.0,NOT_ADMITTED,2,ADOPT_OR_HOLD_AFTER_OBSERVING_ELIGIBLE_CONTENT,TERMINATE_CURRENT_AND_RESTART_CYCLE,3.1135851006884554,-3.0,3.1135851006884554,-6.0,0.0,2
645228,2,0.30000000000000004,0.0,0.1,0.07094201347792983,1.333895766926347,1.1999999999999997,3.0,1,2,ADOPT_OR_HOLD_AFTER_OBSERVING_ELIGIBLE_CONTENT,TERMINATE_CURRENT_AND_RESTART_CYCLE,3.1135851006884554,-3.0,3.1135851006884554,-6.0,0.0,4
646172,1,0.2,0.1,0.2,-0.8411435376149583,-0.6501457277292977,2.4,3.0,NOT_ADMITTED,2,ADOPT_OR_HOLD_AFTER_OBSERVING_ELIGIBLE_CONTENT,TERMINATE_CURRENT_AND_RESTART_CYCLE,3.275643153527665,-3.0,3.2743110587328323,-6.0,0.001332094794832539,1
646172,2,0.2,0.0,0.1,-0.13114467705817584,0.5016108982933265,1.7999999999999998,3.0,1,2,ADOPT_OR_HOLD_AFTER_OBSERVING_ELIGIBLE_CONTENT,TERMINATE_CURRENT_AND_RESTART_CYCLE,3.275643153527665,-3.0,3.2743110587328323,-6.0,0.001332094794832539,2
647307,1,0.30000000000000004,0.1,0.2,-0.3737969951083843,0.25895858024311796,1.7999999999999998,3.0,NOT_ADMITTED,2,ADOPT_OR_HOLD_AFTER_OBSERVING_ELIGIBLE_CONTENT,TERMINATE_CURRENT_AND_RESTART_CYCLE,3.1135851006884554,-3.0,3.1135851006884554,-6.0,0.0,2
647307,2,0.30000000000000004,0.0,0.1,0.07094201347792983,1.333895766926347,1.1999999999999997,3.0,1,2,ADOPT_OR_HOLD_AFTER_OBSERVING_ELIGIBLE_CONTENT,TERMINATE_CURRENT_AND_RESTART_CYCLE,3.1135851006884554,-3.0,3.1135851006884554,-6.0,0.0,4
648251,1,0.2,0.1,0.2,-0.8411435376149583,-0.6501457277292977,2.4,3.0,NOT_ADMITTED,2,ADOPT_OR_HOLD_AFTER_OBSERVING_ELIGIBLE_CONTENT,TERMINATE_CURRENT_AND_RESTART_CYCLE,3.2858940824315406,-3.0,3.284561987636708,-6.0,0.001332094794832539,1
648251,2,0.2,0.0,0.1,-0.13114467705817584,0.5016108982933265,1.7999999999999998,3.0,1,2,ADOPT_OR_HOLD_AFTER_OBSERVING_ELIGIBLE_CONTENT,TERMINATE_CURRENT_AND_RESTART_CYCLE,3.2858940824315406,-3.0,3.284561987636708,-6.0,0.001332094794832539,2
649386,1,0.30000000000000004,0.1,0.2,-0.3737969951083843,0.25895858024311796,1.7999999999999998,3.0,NOT_ADMITTED,2,ADOPT_OR_HOLD_AFTER_OBSERVING_ELIGIBLE_CONTENT,TERMINATE_CURRENT_AND_RESTART_CYCLE,3.1135851006884554,-3.0,3.1135851006884554,-6.0,0.0,2
649386,2,0.30000000000000004,0.0,0.1,0.07094201347792983,1.333895766926347,1.1999999999999997,3.0,1,2,ADOPT_OR_HOLD_AFTER_OBSERVING_ELIGIBLE_CONTENT,TERMINATE_CURRENT_AND_RESTART_CYCLE,3.1135851006884554,-3.0,3.1135851006884554,-6.0,0.0,4
650330,1,0.2,0.1,0.2,-0.8411435376149583,-0.6501457277292977,2.4,3.0,NOT_ADMITTED,2,ADOPT_OR_HOLD_AFTER_OBSERVING_ELIGIBLE_CONTENT,TERMINATE_CURRENT_AND_RESTART_CYCLE,3.2961450113354163,-3.0,3.2948129165405837,-6.0,0.001332094794832539,1
650330,2,0.2,0.0,0.1,-0.13114467705817584,0.5016108982933265,1.7999999999999998,3.0,1,2,ADOPT_OR_HOLD_AFTER_OBSERVING_ELIGIBLE_CONTENT,TERMINATE_CURRENT_AND_RESTART_CYCLE,3.2961450113354163,-3.0,3.2948129165405837,-6.0,0.001332094794832539,2
802097,1,0.2,0.1,0.2,-0.8411435376149583,-0.6501457277292977,2.4,3.0,NOT_ADMITTED,2,ADOPT_OR_HOLD_AFTER_OBSERVING_ELIGIBLE_CONTENT,TERMINATE_CURRENT_AND_RESTART_CYCLE,8.941181478493263,-3.0,8.941181478493263,-6.0,0.0,1
802097,2,0.2,0.0,0.1,-0.13114467705817584,0.5016108982933265,1.7999999999999998,3.0,1,2,ADOPT_OR_HOLD_AFTER_OBSERVING_ELIGIBLE_CONTENT,TERMINATE_CURRENT_AND_RESTART_CYCLE,8.941181478493263,-3.0,8.941181478493263,-6.0,0.0,2
804176,1,0.2,0.1,0.2,-0.8411435376149583,-0.6501457277292977,2.4,3.0,NOT_ADMITTED,2,ADOPT_OR_HOLD_AFTER_OBSERVING_ELIGIBLE_CONTENT,TERMINATE_CURRENT_AND_RESTART_CYCLE,8.941181478493263,-3.0,8.941181478493263,-6.0,0.0,1
804176,2,0.2,0.0,0.1,-0.13114467705817584,0.5016108982933265,1.7999999999999998,3.0,1,2,ADOPT_OR_HOLD_AFTER_OBSERVING_ELIGIBLE_CONTENT,TERMINATE_CURRENT_AND_RESTART_CYCLE,8.941181478493263,-3.0,8.941181478493263,-6.0,0.0,2
806255,1,0.2,0.1,0.2,-0.8411435376149583,-0.6501457277292977,2.4,3.0,NOT_ADMITTED,2,ADOPT_OR_HOLD_AFTER_OBSERVING_ELIGIBLE_CONTENT,TERMINATE_CURRENT_AND_RESTART_CYCLE,8.941181478493263,-3.0,8.941181478493263,-6.0,0.0,1
806255,2,0.2,0.0,0.1,-0.13114467705817584,0.5016108982933265,1.7999999999999998,3.0,1,2,ADOPT_OR_HOLD_AFTER_OBSERVING_ELIGIBLE_CONTENT,TERMINATE_CURRENT_AND_RESTART_CYCLE,8.941181478493263,-3.0,8.941181478493263,-6.0,0.0,2
