unique_witness_id,v_f,v_p,a_f,bar_a,bar_u,age,refined_eval_index,refined_lookup_index,diagnostic_fast_q_viable_index,diagnostic_fast_q_nonviable_index,diagnostic_fast_h_viable_m,diagnostic_fast_h_nonviable_m,diagnostic_fast_q_span_m,diagnostic_fast_midpoint_d_m,diagnostic_fast_raw_halfspan_m,diagnostic_fast_certified_membership_margin_m,diagnostic_nominal_q_viable_index,diagnostic_nominal_q_nonviable_index,diagnostic_nominal_h_viable_m,diagnostic_nominal_h_nonviable_m,diagnostic_nominal_q_span_m,diagnostic_nominal_midpoint_d_m,diagnostic_nominal_raw_halfspan_m,diagnostic_nominal_certified_membership_margin_m,diagnostic_stressed_q_viable_index,diagnostic_stressed_q_nonviable_index,diagnostic_stressed_h_viable_m,diagnostic_stressed_h_nonviable_m,diagnostic_stressed_q_span_m,diagnostic_stressed_midpoint_d_m,diagnostic_stressed_raw_halfspan_m,diagnostic_stressed_certified_membership_margin_m
0,5.8333333333,8.75,-6.0,-1.984375,3.0,0.3333333333,178347,272395,0,1,0.4124626137414934,0.4222773023364613,0.009814688594967924,0.41736995803897736,0.004907344297483962,0.004901178068663534,0,1,0.4124626137414934,0.4222773023364613,0.009814688594967924,0.41736995803897736,0.004907344297483962,0.004901178068663534,0,1,0.4124626137414934,0.4222773023364613,0.009814688594967924,0.41736995803897736,0.004907344297483962,0.004901178068663534
1,5.8333333333,8.75,-6.0,-2.0703125,3.0,0.3333333333,178032,271990,0,1,0.41261367379235836,0.43499614858348334,0.022382474791124984,0.42380491118792085,0.011191237395562492,0.011185079187664324,0,1,0.41261367379235836,0.43499614858348334,0.022382474791124984,0.42380491118792085,0.011191237395562492,0.011185079187664324,0,1,0.41261367379235836,0.43499614858348334,0.022382474791124984,0.42380491118792085,0.011191237395562492,0.011185079187664324
2,5.8333333333,8.75,-6.0,-2.15625,3.0,0.3333333333,177717,271585,0,1,0.4127647338432233,0.4476985690818934,0.03493383523867011,0.4302316514625584,0.017466917619335054,0.017460767431285672,0,1,0.4127647338432233,0.4476985690818934,0.03493383523867011,0.4302316514625584,0.017466917619335054,0.017460767431285672,0,1,0.4127647338432233,0.4476985690818934,0.03493383523867011,0.4302316514625584,0.017466917619335054,0.017460767431285672
3,5.833333333299999,8.75,-6.0,-2.2421875,3.0,0.3333333333,177402,271180,0,1,0.4129157938940883,0.46038456603435285,0.04746877214026457,0.43665017996422056,0.023734386070132285,0.023728243900852996,0,1,0.4129157938940883,0.46038456603435285,0.04746877214026457,0.43665017996422056,0.023734386070132285,0.023728243900852996,0,1,0.4129157938940883,0.46038456603435285,0.04746877214026457,0.43665017996422056,0.023734386070132285,0.023728243900852996
4,5.8333333333,8.75,-6.0,-2.328125,3.0,0.3333333333,177087,270775,0,1,0.41306685394495324,0.47305414165700244,0.0599872877120492,0.44306049780097784,0.0299936438560246,0.029987509704429604,0,1,0.41306685394495324,0.47305414165700244,0.0599872877120492,0.44306049780097784,0.0299936438560246,0.029987509704429604,0,1,0.41306685394495324,0.47305414165700244,0.0599872877120492,0.44306049780097784,0.0299936438560246,0.029987509704429604
5,5.8333333333,8.75,-6.0,-2.4140625,3.0,0.3333333333,176772,270370,0,1,0.4132179139958181,0.48570729817954517,0.07248938418372708,0.4494626060876816,0.03624469209186354,0.0362385659568611,0,1,0.4132179139958181,0.48570729817954517,0.07248938418372708,0.4494626060876816,0.03624469209186354,0.0362385659568611,0,1,0.4132179139958181,0.48570729817954517,0.07248938418372708,0.4494626060876816,0.03624469209186354,0.0362385659568611
6,5.8333333333,8.75,-3.75,-2.0703125,3.0,0.3333333333,180237,274987,0,1,0.42286460269623405,0.43499614858348334,0.012131545887249295,0.4289303756398587,0.006065772943624648,0.006059614735726479,0,1,0.42286460269623405,0.43499614858348334,0.012131545887249295,0.4289303756398587,0.006065772943624648,0.006059614735726479,0,1,0.42286460269623405,0.43499614858348334,0.012131545887249295,0.4289303756398587,0.006065772943624648,0.006059614735726479
7,5.8333333333,8.75,-3.75,-2.15625,3.0,0.3333333333,179922,274582,0,1,0.423015662747099,0.4476985690818934,0.02468290633479442,0.4353571159144962,0.01234145316739721,0.012335302979347826,0,1,0.423015662747099,0.4476985690818934,0.02468290633479442,0.4353571159144962,0.01234145316739721,0.012335302979347826,0,1,0.423015662747099,0.4476985690818934,0.02468290633479442,0.4353571159144962,0.01234145316739721,0.012335302979347826
8,5.833333333299999,8.75,-3.75,-2.2421875,3.0,0.3333333333,179607,274177,0,1,0.42316672279796397,0.46038456603435285,0.03721784323638888,0.4417756444161584,0.01860892161819444,0.01860277944891515,0,1,0.42316672279796397,0.46038456603435285,0.03721784323638888,0.4417756444161584,0.01860892161819444,0.01860277944891515,0,1,0.42316672279796397,0.46038456603435285,0.03721784323638888,0.4417756444161584,0.01860892161819444,0.01860277944891515
9,5.8333333333,8.75,-3.75,-2.328125,3.0,0.3333333333,179292,273772,0,1,0.4233177828488289,0.47305414165700244,0.04973635880817351,0.4481859622529157,0.024868179404086754,0.02486204525249176,0,1,0.4233177828488289,0.47305414165700244,0.04973635880817351,0.4481859622529157,0.024868179404086754,0.02486204525249176,0,1,0.4233177828488289,0.47305414165700244,0.04973635880817351,0.4481859622529157,0.024868179404086754,0.02486204525249176
10,5.8333333333,8.75,-3.75,-2.4140625,3.0,0.3333333333,178977,273367,0,1,0.4234688428996938,0.48570729817954517,0.06223845527985139,0.45458807053961947,0.031119227639925695,0.031113101504923257,0,1,0.4234688428996938,0.48570729817954517,0.06223845527985139,0.45458807053961947,0.031119227639925695,0.031113101504923257,0,1,0.4234688428996938,0.48570729817954517,0.06223845527985139,0.45458807053961947,0.031119227639925695,0.031113101504923257
11,5.8333333333,8.75,-1.5,-2.0703125,3.0,0.3333333333,182442,277984,0,1,0.43311553160010974,0.43499614858348334,0.0018806169833736064,0.43405584009179654,0.0009403084916868032,0.000934150283788635,0,1,0.43311553160010974,0.43499614858348334,0.0018806169833736064,0.43405584009179654,0.0009403084916868032,0.000934150283788635,0,1,0.43311553160010974,0.43499614858348334,0.0018806169833736064,0.43405584009179654,0.0009403084916868032,0.000934150283788635
12,5.8333333333,8.75,-1.5,-2.15625,3.0,0.3333333333,182127,277579,0,1,0.4332665916509747,0.4476985690818934,0.01443197743091873,0.44048258036643406,0.007215988715459365,0.007209838527409982,0,1,0.4332665916509747,0.4476985690818934,0.01443197743091873,0.44048258036643406,0.007215988715459365,0.007209838527409982,0,1,0.4332665916509747,0.4476985690818934,0.01443197743091873,0.44048258036643406,0.007215988715459365,0.007209838527409982
13,5.833333333299999,8.75,-1.5,-2.2421875,3.0,0.3333333333,181812,277174,0,1,0.43341765170183966,0.46038456603435285,0.026966914332513192,0.44690110886809625,0.013483457166256596,0.013477314996977305,0,1,0.43341765170183966,0.46038456603435285,0.026966914332513192,0.44690110886809625,0.013483457166256596,0.013477314996977305,0,1,0.43341765170183966,0.46038456603435285,0.026966914332513192,0.44690110886809625,0.013483457166256596,0.013477314996977305
14,5.8333333333,8.75,-1.5,-2.328125,3.0,0.3333333333,181497,276769,0,1,0.4335687117527046,0.47305414165700244,0.03948542990429782,0.4533114267048535,0.01974271495214891,0.019736580800553915,0,1,0.4335687117527046,0.47305414165700244,0.03948542990429782,0.4533114267048535,0.01974271495214891,0.019736580800553915,0,1,0.4335687117527046,0.47305414165700244,0.03948542990429782,0.4533114267048535,0.01974271495214891,0.019736580800553915
15,5.8333333333,8.75,-1.5,-2.4140625,3.0,0.3333333333,181182,276364,0,1,0.43371977180356946,0.48570729817954517,0.0519875263759757,0.4597135349915573,0.02599376318798785,0.025987637052985412,0,1,0.43371977180356946,0.48570729817954517,0.0519875263759757,0.4597135349915573,0.02599376318798785,0.025987637052985412,0,1,0.43371977180356946,0.48570729817954517,0.0519875263759757,0.4597135349915573,0.02599376318798785,0.025987637052985412
