occurrence_id,unique_witness_id,edge_id,axis_name,t,classification,all_profiles_center_kernel_positive,minimum_positive_center_kernel_multiple_of_tol,fast_center_kernel_component_m,nominal_center_kernel_component_m,stressed_center_kernel_component_m,fast_classification,nominal_classification,stressed_classification,fast_center_signature,fast_smallest_minus_signature,fast_smallest_plus_signature,fast_ulp_witness_signature,fast_ulp_nonwitness_signature,smallest_tested_delta_t,diagnostic_fast_delta_0p0009765625_minus_kernel_positive,diagnostic_fast_delta_0p0009765625_plus_kernel_positive,diagnostic_nominal_delta_0p0009765625_minus_kernel_positive,diagnostic_nominal_delta_0p0009765625_plus_kernel_positive,diagnostic_stressed_delta_0p0009765625_minus_kernel_positive,diagnostic_stressed_delta_0p0009765625_plus_kernel_positive,diagnostic_fast_delta_0p000244140625_minus_kernel_positive,diagnostic_fast_delta_0p000244140625_plus_kernel_positive,diagnostic_nominal_delta_0p000244140625_minus_kernel_positive,diagnostic_nominal_delta_0p000244140625_plus_kernel_positive,diagnostic_stressed_delta_0p000244140625_minus_kernel_positive,diagnostic_stressed_delta_0p000244140625_plus_kernel_positive,diagnostic_fast_delta_6p103515625e-05_minus_kernel_positive,diagnostic_fast_delta_6p103515625e-05_plus_kernel_positive,diagnostic_nominal_delta_6p103515625e-05_minus_kernel_positive,diagnostic_nominal_delta_6p103515625e-05_plus_kernel_positive,diagnostic_stressed_delta_6p103515625e-05_minus_kernel_positive,diagnostic_stressed_delta_6p103515625e-05_plus_kernel_positive,diagnostic_fast_ulp_witness_kernel_positive,diagnostic_fast_ulp_nonwitness_kernel_positive,diagnostic_nominal_ulp_witness_kernel_positive,diagnostic_nominal_ulp_nonwitness_kernel_positive,diagnostic_stressed_ulp_witness_kernel_positive,diagnostic_stressed_ulp_nonwitness_kernel_positive
0,0,1038,bar_a,0.8125,OPEN_NEIGHBORHOOD_KERNEL_WITNESS_CANDIDATE,True,98146885.94967924,0.009814688594967924,0.009814688594967924,0.009814688594967924,OPEN_NEIGHBORHOOD_KERNEL_WITNESS_CANDIDATE,OPEN_NEIGHBORHOOD_KERNEL_WITNESS_CANDIDATE,OPEN_NEIGHBORHOOD_KERNEL_WITNESS_CANDIDATE,"(0, 4976, 4921)","(0, 4976, 4921)","(0, 4976, 4921)","(0, 4976, 4921)","(0, 4976, 4921)",6.103515625e-05,True,True,True,True,True,True,True,True,True,True,True,True,True,True,True,True,True,True,True,True,True,True,True,True
1,1,1038,bar_a,0.84375,OPEN_NEIGHBORHOOD_KERNEL_WITNESS_CANDIDATE,True,223824747.91124985,0.022382474791124984,0.022382474791124984,0.022382474791124984,OPEN_NEIGHBORHOOD_KERNEL_WITNESS_CANDIDATE,OPEN_NEIGHBORHOOD_KERNEL_WITNESS_CANDIDATE,OPEN_NEIGHBORHOOD_KERNEL_WITNESS_CANDIDATE,"(0, 4976, 4921)","(0, 4976, 4921)","(0, 4976, 4921)","(0, 4976, 4921)","(0, 4976, 4921)",6.103515625e-05,True,True,True,True,True,True,True,True,True,True,True,True,True,True,True,True,True,True,True,True,True,True,True,True
2,2,1038,bar_a,0.875,OPEN_NEIGHBORHOOD_KERNEL_WITNESS_CANDIDATE,True,349338352.38670105,0.03493383523867011,0.03493383523867011,0.03493383523867011,OPEN_NEIGHBORHOOD_KERNEL_WITNESS_CANDIDATE,OPEN_NEIGHBORHOOD_KERNEL_WITNESS_CANDIDATE,OPEN_NEIGHBORHOOD_KERNEL_WITNESS_CANDIDATE,"(0, 4976, 4921)","(0, 4976, 4921)","(0, 4976, 4921)","(0, 4976, 4921)","(0, 4976, 4921)",6.103515625e-05,True,True,True,True,True,True,True,True,True,True,True,True,True,True,True,True,True,True,True,True,True,True,True,True
3,3,1038,bar_a,0.90625,OPEN_NEIGHBORHOOD_KERNEL_WITNESS_CANDIDATE,True,474687721.4026446,0.04746877214026446,0.04746877214026446,0.04746877214026446,OPEN_NEIGHBORHOOD_KERNEL_WITNESS_CANDIDATE,OPEN_NEIGHBORHOOD_KERNEL_WITNESS_CANDIDATE,OPEN_NEIGHBORHOOD_KERNEL_WITNESS_CANDIDATE,"(0, 4976, 4921)","(0, 4976, 4921)","(0, 4976, 4921)","(0, 4976, 4921)","(0, 4976, 4921)",6.103515625e-05,True,True,True,True,True,True,True,True,True,True,True,True,True,True,True,True,True,True,True,True,True,True,True,True
4,4,1038,bar_a,0.9375,OPEN_NEIGHBORHOOD_KERNEL_WITNESS_CANDIDATE,True,599872877.120492,0.0599872877120492,0.0599872877120492,0.0599872877120492,OPEN_NEIGHBORHOOD_KERNEL_WITNESS_CANDIDATE,OPEN_NEIGHBORHOOD_KERNEL_WITNESS_CANDIDATE,OPEN_NEIGHBORHOOD_KERNEL_WITNESS_CANDIDATE,"(0, 4976, 4921)","(0, 4976, 4921)","(0, 4976, 4921)","(0, 4976, 4921)","(0, 4976, 4921)",6.103515625e-05,True,True,True,True,True,True,True,True,True,True,True,True,True,True,True,True,True,True,True,True,True,True,True,True
5,5,1038,bar_a,0.96875,OPEN_NEIGHBORHOOD_KERNEL_WITNESS_CANDIDATE,True,724893841.8372707,0.07248938418372708,0.07248938418372708,0.07248938418372708,OPEN_NEIGHBORHOOD_KERNEL_WITNESS_CANDIDATE,OPEN_NEIGHBORHOOD_KERNEL_WITNESS_CANDIDATE,OPEN_NEIGHBORHOOD_KERNEL_WITNESS_CANDIDATE,"(0, 4976, 4921)","(0, 4976, 4921)","(0, 4976, 4921)","(0, 4976, 4921)","(0, 4976, 4921)",6.103515625e-05,True,True,True,True,True,True,True,True,True,True,True,True,True,True,True,True,True,True,True,True,True,True,True,True
6,6,1041,bar_a,0.84375,OPEN_NEIGHBORHOOD_KERNEL_WITNESS_CANDIDATE,True,121315458.87249295,0.012131545887249295,0.012131545887249295,0.012131545887249295,OPEN_NEIGHBORHOOD_KERNEL_WITNESS_CANDIDATE,OPEN_NEIGHBORHOOD_KERNEL_WITNESS_CANDIDATE,OPEN_NEIGHBORHOOD_KERNEL_WITNESS_CANDIDATE,"(0, 5360, 5305)","(0, 5360, 5305)","(0, 5360, 5305)","(0, 5360, 5305)","(0, 5360, 5305)",6.103515625e-05,True,True,True,True,True,True,True,True,True,True,True,True,True,True,True,True,True,True,True,True,True,True,True,True
7,7,1041,bar_a,0.875,OPEN_NEIGHBORHOOD_KERNEL_WITNESS_CANDIDATE,True,246829063.34794417,0.02468290633479442,0.02468290633479442,0.02468290633479442,OPEN_NEIGHBORHOOD_KERNEL_WITNESS_CANDIDATE,OPEN_NEIGHBORHOOD_KERNEL_WITNESS_CANDIDATE,OPEN_NEIGHBORHOOD_KERNEL_WITNESS_CANDIDATE,"(0, 5360, 5305)","(0, 5360, 5305)","(0, 5360, 5305)","(0, 5360, 5305)","(0, 5360, 5305)",6.103515625e-05,True,True,True,True,True,True,True,True,True,True,True,True,True,True,True,True,True,True,True,True,True,True,True,True
8,8,1041,bar_a,0.90625,OPEN_NEIGHBORHOOD_KERNEL_WITNESS_CANDIDATE,True,372178432.36388767,0.03721784323638877,0.03721784323638877,0.03721784323638877,OPEN_NEIGHBORHOOD_KERNEL_WITNESS_CANDIDATE,OPEN_NEIGHBORHOOD_KERNEL_WITNESS_CANDIDATE,OPEN_NEIGHBORHOOD_KERNEL_WITNESS_CANDIDATE,"(0, 5360, 5305)","(0, 5360, 5305)","(0, 5360, 5305)","(0, 5360, 5305)","(0, 5360, 5305)",6.103515625e-05,True,True,True,True,True,True,True,True,True,True,True,True,True,True,True,True,True,True,True,True,True,True,True,True
9,9,1041,bar_a,0.9375,OPEN_NEIGHBORHOOD_KERNEL_WITNESS_CANDIDATE,True,497363588.0817351,0.04973635880817351,0.04973635880817351,0.04973635880817351,OPEN_NEIGHBORHOOD_KERNEL_WITNESS_CANDIDATE,OPEN_NEIGHBORHOOD_KERNEL_WITNESS_CANDIDATE,OPEN_NEIGHBORHOOD_KERNEL_WITNESS_CANDIDATE,"(0, 5360, 5305)","(0, 5360, 5305)","(0, 5360, 5305)","(0, 5360, 5305)","(0, 5360, 5305)",6.103515625e-05,True,True,True,True,True,True,True,True,True,True,True,True,True,True,True,True,True,True,True,True,True,True,True,True
10,10,1041,bar_a,0.96875,OPEN_NEIGHBORHOOD_KERNEL_WITNESS_CANDIDATE,True,622384552.7985139,0.06223845527985139,0.06223845527985139,0.06223845527985139,OPEN_NEIGHBORHOOD_KERNEL_WITNESS_CANDIDATE,OPEN_NEIGHBORHOOD_KERNEL_WITNESS_CANDIDATE,OPEN_NEIGHBORHOOD_KERNEL_WITNESS_CANDIDATE,"(0, 5360, 5305)","(0, 5360, 5305)","(0, 5360, 5305)","(0, 5360, 5305)","(0, 5360, 5305)",6.103515625e-05,True,True,True,True,True,True,True,True,True,True,True,True,True,True,True,True,True,True,True,True,True,True,True,True
11,11,1044,bar_a,0.84375,OPEN_NEIGHBORHOOD_KERNEL_WITNESS_CANDIDATE,True,18806169.833736062,0.0018806169833736064,0.0018806169833736064,0.0018806169833736064,OPEN_NEIGHBORHOOD_KERNEL_WITNESS_CANDIDATE,OPEN_NEIGHBORHOOD_KERNEL_WITNESS_CANDIDATE,OPEN_NEIGHBORHOOD_KERNEL_WITNESS_CANDIDATE,"(0, 5360, 5305)","(0, 5360, 5305)","(0, 5360, 5305)","(0, 5360, 5305)","(0, 5360, 5305)",6.103515625e-05,True,True,True,True,True,True,True,True,True,True,True,True,True,True,True,True,True,True,True,True,True,True,True,True
12,12,1044,bar_a,0.875,OPEN_NEIGHBORHOOD_KERNEL_WITNESS_CANDIDATE,True,144319774.3091873,0.01443197743091873,0.01443197743091873,0.01443197743091873,OPEN_NEIGHBORHOOD_KERNEL_WITNESS_CANDIDATE,OPEN_NEIGHBORHOOD_KERNEL_WITNESS_CANDIDATE,OPEN_NEIGHBORHOOD_KERNEL_WITNESS_CANDIDATE,"(0, 5360, 5305)","(0, 5360, 5305)","(0, 5360, 5305)","(0, 5360, 5305)","(0, 5360, 5305)",6.103515625e-05,True,True,True,True,True,True,True,True,True,True,True,True,True,True,True,True,True,True,True,True,True,True,True,True
13,13,1044,bar_a,0.90625,OPEN_NEIGHBORHOOD_KERNEL_WITNESS_CANDIDATE,True,269669143.3251308,0.02696691433251308,0.02696691433251308,0.02696691433251308,OPEN_NEIGHBORHOOD_KERNEL_WITNESS_CANDIDATE,OPEN_NEIGHBORHOOD_KERNEL_WITNESS_CANDIDATE,OPEN_NEIGHBORHOOD_KERNEL_WITNESS_CANDIDATE,"(0, 5360, 5305)","(0, 5360, 5305)","(0, 5360, 5305)","(0, 5360, 5305)","(0, 5360, 5305)",6.103515625e-05,True,True,True,True,True,True,True,True,True,True,True,True,True,True,True,True,True,True,True,True,True,True,True,True
14,14,1044,bar_a,0.9375,OPEN_NEIGHBORHOOD_KERNEL_WITNESS_CANDIDATE,True,394854299.04297817,0.03948542990429782,0.03948542990429782,0.03948542990429782,OPEN_NEIGHBORHOOD_KERNEL_WITNESS_CANDIDATE,OPEN_NEIGHBORHOOD_KERNEL_WITNESS_CANDIDATE,OPEN_NEIGHBORHOOD_KERNEL_WITNESS_CANDIDATE,"(0, 5360, 5305)","(0, 5360, 5305)","(0, 5360, 5305)","(0, 5360, 5305)","(0, 5360, 5305)",6.103515625e-05,True,True,True,True,True,True,True,True,True,True,True,True,True,True,True,True,True,True,True,True,True,True,True,True
15,15,1044,bar_a,0.96875,OPEN_NEIGHBORHOOD_KERNEL_WITNESS_CANDIDATE,True,519875263.759757,0.0519875263759757,0.0519875263759757,0.0519875263759757,OPEN_NEIGHBORHOOD_KERNEL_WITNESS_CANDIDATE,OPEN_NEIGHBORHOOD_KERNEL_WITNESS_CANDIDATE,OPEN_NEIGHBORHOOD_KERNEL_WITNESS_CANDIDATE,"(0, 5360, 5305)","(0, 5360, 5305)","(0, 5360, 5305)","(0, 5360, 5305)","(0, 5360, 5305)",6.103515625e-05,True,True,True,True,True,True,True,True,True,True,True,True,True,True,True,True,True,True,True,True,True,True,True,True
