node_index,v_f,v_p,a_f,bar_a,bar_u,age,q_span_m,admissible_q_count
167058,5.8333333333,8.75,-6.0,-2.4140625,3.0,0.30000000000000004,0.15063557406616224,2
167247,5.8333333333,8.75,-6.0,-2.328125,3.0,0.30000000000000004,0.13693072191219224,2
167436,5.8333333333,8.75,-6.0,-2.2421875,3.0,0.30000000000000004,0.12320601239182805,2
167625,5.8333333333,8.75,-6.0,-2.15625,3.0,0.30000000000000004,0.10946144249297718,2
167814,5.8333333333,8.75,-6.0,-2.0703125,3.0,0.30000000000000004,0.09569700922363666,2
168002,5.8333333333,8.75,-6.0,-1.984375,3.0,0.2,0.06026729697653965,2
168003,5.8333333333,8.75,-6.0,-1.984375,3.0,0.30000000000000004,0.081912709611759,2
169137,5.8333333333,8.75,-3.75,-2.4140625,3.0,0.30000000000000004,0.14038464516228655,2
169326,5.8333333333,8.75,-3.75,-2.328125,3.0,0.30000000000000004,0.12667979300831655,2
169515,5.8333333333,8.75,-3.75,-2.2421875,3.0,0.30000000000000004,0.11295508348795236,2
169704,5.8333333333,8.75,-3.75,-2.15625,3.0,0.30000000000000004,0.09921051358910149,2
169893,5.8333333333,8.75,-3.75,-2.0703125,3.0,0.30000000000000004,0.08544608031976098,2
170081,5.8333333333,8.75,-3.75,-1.984375,3.0,0.2,0.06026729697653965,2
170082,5.8333333333,8.75,-3.75,-1.984375,3.0,0.30000000000000004,0.07166178070788332,2
171216,5.8333333333,8.75,-1.5,-2.4140625,3.0,0.30000000000000004,0.13013371625841086,2
171405,5.8333333333,8.75,-1.5,-2.328125,3.0,0.30000000000000004,0.11642886410444087,2
171594,5.8333333333,8.75,-1.5,-2.2421875,3.0,0.30000000000000004,0.10270415458407667,2
171783,5.8333333333,8.75,-1.5,-2.15625,3.0,0.30000000000000004,0.0889595846852258,2
171972,5.8333333333,8.75,-1.5,-2.0703125,3.0,0.30000000000000004,0.07519515141588529,2
172160,5.8333333333,8.75,-1.5,-1.984375,3.0,0.2,0.06026729697653965,2
172161,5.8333333333,8.75,-1.5,-1.984375,3.0,0.30000000000000004,0.06141085180400763,2
322983,11.6666666667,14.58333333335,-6.0,-2.4140625,3.0,0.30000000000000004,0.03632541450658344,2
323172,11.6666666667,14.58333333335,-6.0,-2.328125,3.0,0.30000000000000004,0.013403972094784944,2
323927,11.6666666667,14.58333333335,-6.0,-1.984375,3.0,0.2,0.10117604154272808,2
325062,11.6666666667,14.58333333335,-3.75,-2.4140625,3.0,0.30000000000000004,0.026074485602707753,2
325251,11.6666666667,14.58333333335,-3.75,-2.328125,3.0,0.30000000000000004,0.003153043190909255,2
326006,11.6666666667,14.58333333335,-3.75,-1.984375,3.0,0.2,0.10117604154272808,2
327141,11.6666666667,14.58333333335,-1.5,-2.4140625,3.0,0.30000000000000004,0.015823556698832064,2
328085,11.6666666667,14.58333333335,-1.5,-1.984375,3.0,0.2,0.10117604154272808,2
479852,17.5,20.416666666650002,-6.0,-1.984375,3.0,0.2,0.09998249973370221,2
481931,17.5,20.416666666650002,-3.75,-1.984375,3.0,0.2,0.08973157082982652,2
484010,17.5,20.416666666650002,-1.5,-1.984375,3.0,0.2,0.07948064192595083,2
635777,23.3333333333,26.25,-6.0,-1.984375,3.0,0.2,0.03672330739852114,2
637856,23.3333333333,26.25,-3.75,-1.984375,3.0,0.2,0.026472378494645454,2
639935,23.3333333333,26.25,-1.5,-1.984375,3.0,0.2,0.016221449590769765,2
645228,23.3333333333,29.1666666667,-6.0,-2.4140625,3.0,0.30000000000000004,0.04211041189452125,2
646172,23.3333333333,29.1666666667,-6.0,-1.984375,3.0,0.2,0.20351418311620595,2
647307,23.3333333333,29.1666666667,-3.75,-2.4140625,3.0,0.30000000000000004,0.03185948299064556,2
648251,23.3333333333,29.1666666667,-3.75,-1.984375,3.0,0.2,0.20351418311620595,2
649386,23.3333333333,29.1666666667,-1.5,-2.4140625,3.0,0.30000000000000004,0.02160855408676987,2
650330,23.3333333333,29.1666666667,-1.5,-1.984375,3.0,0.2,0.20351418311620595,2
802097,29.1666666667,35.0,-6.0,-1.984375,3.0,0.2,0.2334642268422087,2
804176,29.1666666667,35.0,-3.75,-1.984375,3.0,0.2,0.223213297938333,2
806255,29.1666666667,35.0,-1.5,-1.984375,3.0,0.2,0.2129623690344573,2
