unique_witness_id,duplicate_occurrence_count,occurrence_ids,edge_ids,axis_names,v_f,v_p,a_f,bar_a,bar_u,age,all_occurrences_all_profiles_kernel_positive,local_classification
0,1,0,1038,bar_a,5.8333333333,8.75,-6.0,-1.984375,3.0,0.3333333333,True,OPEN_NEIGHBORHOOD_KERNEL_WITNESS_CANDIDATE
1,1,1,1038,bar_a,5.8333333333,8.75,-6.0,-2.0703125,3.0,0.3333333333,True,OPEN_NEIGHBORHOOD_KERNEL_WITNESS_CANDIDATE
2,1,2,1038,bar_a,5.8333333333,8.75,-6.0,-2.15625,3.0,0.3333333333,True,OPEN_NEIGHBORHOOD_KERNEL_WITNESS_CANDIDATE
3,1,3,1038,bar_a,5.833333333299999,8.75,-6.0,-2.2421875,3.0,0.3333333333,True,OPEN_NEIGHBORHOOD_KERNEL_WITNESS_CANDIDATE
4,1,4,1038,bar_a,5.8333333333,8.75,-6.0,-2.328125,3.0,0.3333333333,True,OPEN_NEIGHBORHOOD_KERNEL_WITNESS_CANDIDATE
5,1,5,1038,bar_a,5.8333333333,8.75,-6.0,-2.4140625,3.0,0.3333333333,True,OPEN_NEIGHBORHOOD_KERNEL_WITNESS_CANDIDATE
6,1,6,1041,bar_a,5.8333333333,8.75,-3.75,-2.0703125,3.0,0.3333333333,True,OPEN_NEIGHBORHOOD_KERNEL_WITNESS_CANDIDATE
7,1,7,1041,bar_a,5.8333333333,8.75,-3.75,-2.15625,3.0,0.3333333333,True,OPEN_NEIGHBORHOOD_KERNEL_WITNESS_CANDIDATE
8,1,8,1041,bar_a,5.833333333299999,8.75,-3.75,-2.2421875,3.0,0.3333333333,True,OPEN_NEIGHBORHOOD_KERNEL_WITNESS_CANDIDATE
9,1,9,1041,bar_a,5.8333333333,8.75,-3.75,-2.328125,3.0,0.3333333333,True,OPEN_NEIGHBORHOOD_KERNEL_WITNESS_CANDIDATE
10,1,10,1041,bar_a,5.8333333333,8.75,-3.75,-2.4140625,3.0,0.3333333333,True,OPEN_NEIGHBORHOOD_KERNEL_WITNESS_CANDIDATE
11,1,11,1044,bar_a,5.8333333333,8.75,-1.5,-2.0703125,3.0,0.3333333333,True,OPEN_NEIGHBORHOOD_KERNEL_WITNESS_CANDIDATE
12,1,12,1044,bar_a,5.8333333333,8.75,-1.5,-2.15625,3.0,0.3333333333,True,OPEN_NEIGHBORHOOD_KERNEL_WITNESS_CANDIDATE
13,1,13,1044,bar_a,5.833333333299999,8.75,-1.5,-2.2421875,3.0,0.3333333333,True,OPEN_NEIGHBORHOOD_KERNEL_WITNESS_CANDIDATE
14,1,14,1044,bar_a,5.8333333333,8.75,-1.5,-2.328125,3.0,0.3333333333,True,OPEN_NEIGHBORHOOD_KERNEL_WITNESS_CANDIDATE
15,1,15,1044,bar_a,5.8333333333,8.75,-1.5,-2.4140625,3.0,0.3333333333,True,OPEN_NEIGHBORHOOD_KERNEL_WITNESS_CANDIDATE
