state_a,state_b,common_nodes,same_liveness,common_predecessors,matched_current_chi_pair_declared,target_eligible,future_diff_tests,future_diff_nodes,max_future_gap_m,continuation_diff_tests,continuation_diff_nodes,max_continuation_gap_m,requirement_diff_tests,requirement_diff_nodes,max_requirement_gap_m,continuation_control_min_diff_nodes,max_continuation_control_min_gap_m,requirement_control_min_diff_nodes,max_requirement_control_min_gap_m,current_full_gfp_value_diff_nodes,max_current_full_gfp_value_gap_m,value_active_before_fallback
FRAGMENT_CARRY,CREDENTIAL_DECISION,810810,True,SAME_CANDIDATE_ENTRY,True,True,0,0,0.0,0,0,0.0,0,0,0.0,0,0.0,0,0.0,0,0.0,False
POST_TERMINATION_ENTRY,VERIFY_REPLACEMENT_LAST,765765,False,,False,False,543734,30307,1.6111551111840896,539106,30048,1.6111551111840967,538172,29996,1.6111551111840967,29169,1.6111551111840967,29118,1.6111551111840967,91,0.20676080345072378,True
SAME_CANDIDATE_ENTRY,VERIFY_REPLACEMENT_LAST,765765,False,,False,False,543734,30307,1.6111551111840896,539106,30048,1.6111551111840967,538172,29996,1.6111551111840967,29169,1.6111551111840967,29118,1.6111551111840967,91,0.20676080345072378,True
FRAGMENT_CARRY,VERIFY_REPLACEMENT_LAST,765765,False,,False,False,543734,30307,1.6111551111840896,539106,30048,1.6111551111840967,538172,29996,1.6111551111840967,29169,1.6111551111840967,29118,1.6111551111840967,91,0.20676080345072378,True
CREDENTIAL_DECISION,VERIFY_REPLACEMENT_LAST,765765,False,,False,False,543734,30307,1.6111551111840896,539106,30048,1.6111551111840967,538172,29996,1.6111551111840967,29169,1.6111551111840967,29118,1.6111551111840967,91,0.20676080345072378,True
VERIFY_OLD_LAST,VERIFY_REPLACEMENT_LAST,765765,True,,False,False,867100,48330,1.5289115679676968,857626,47798,1.5289115679677039,856873,47757,1.5289115679677039,46429,1.5289115679676968,46386,1.5289115679676968,96,0.20676080345072378,True
POST_TERMINATION_ENTRY,VERIFY_OLD_LAST,765765,False,,False,False,742714,41397,1.5289115679676968,735580,40995,1.5289115679677039,734613,40942,1.5289115679677039,39830,1.5289115679676968,39776,1.5289115679676968,11,0.03203246619028188,True
SAME_CANDIDATE_ENTRY,VERIFY_OLD_LAST,765765,False,,False,False,742714,41397,1.5289115679676968,735580,40995,1.5289115679677039,734613,40942,1.5289115679677039,39830,1.5289115679676968,39776,1.5289115679676968,11,0.03203246619028188,True
FRAGMENT_CARRY,VERIFY_OLD_LAST,765765,False,,False,False,742714,41397,1.5289115679676968,735580,40995,1.5289115679677039,734613,40942,1.5289115679677039,39830,1.5289115679676968,39776,1.5289115679676968,11,0.03203246619028188,True
CREDENTIAL_DECISION,VERIFY_OLD_LAST,765765,False,,False,False,742714,41397,1.5289115679676968,735580,40995,1.5289115679677039,734613,40942,1.5289115679677039,39830,1.5289115679676968,39776,1.5289115679676968,11,0.03203246619028188,True
POST_TERMINATION_ENTRY,SAME_CANDIDATE_ENTRY,855855,True,,False,False,0,0,0.0,0,0,0.0,0,0,0.0,0,0.0,0,0.0,0,0.0,False
POST_TERMINATION_ENTRY,FRAGMENT_CARRY,810810,False,,False,False,0,0,0.0,0,0,0.0,0,0,0.0,0,0.0,0,0.0,0,0.0,False
POST_TERMINATION_ENTRY,CREDENTIAL_DECISION,810810,False,,False,False,0,0,0.0,0,0,0.0,0,0,0.0,0,0.0,0,0.0,0,0.0,False
SAME_CANDIDATE_ENTRY,FRAGMENT_CARRY,810810,False,,False,False,0,0,0.0,0,0,0.0,0,0,0.0,0,0.0,0,0.0,0,0.0,False
SAME_CANDIDATE_ENTRY,CREDENTIAL_DECISION,810810,False,,False,False,0,0,0.0,0,0,0.0,0,0,0.0,0,0.0,0,0.0,0,0.0,False
