scenario,action,node_count,completion_invalid_count,completion_invalid_fraction,step_gain_count,step_gain_fraction,conservative_gain_count,conservative_gain_fraction,optimistic_gain_count,optimistic_gain_fraction,continuation_dominant_fraction,corner_penalty_mean_m,corner_penalty_p95_m,corner_penalty_max_m,fallback_required_mean_m,step_loss_upper_mean_m,required_conservative_mean_m,required_optimistic_mean_m,completion_v_f_below,completion_v_f_above,completion_v_p_below,completion_v_p_above,completion_a_f_below,completion_a_f_above,completion_bar_a_below,completion_bar_a_above,completion_bar_u_below,completion_bar_u_above,completion_age_below,completion_age_above,defer_v_f_below,defer_v_f_above,defer_v_p_below,defer_v_p_above,defer_a_f_below,defer_a_f_above,defer_bar_a_below,defer_bar_a_above,defer_bar_u_below,defer_bar_u_above,defer_age_below,defer_age_above,p95_penalty_reduction_m,p95_penalty_reduction_fraction
BASELINE,-6.0,42875,7175,0.1673469387755102,27585,0.6433819241982507,0,0.0,21941,0.5117434402332361,0.817865889212828,23.09219812954755,55.76999858729645,72.29194362111477,33.90483477333709,0.7278679481136131,42.5596164046624,19.650383845997993,0,1225,0,455,0,0,5670,0,0,0,0,0,0,1225,0,455,0,0,0,0,0,0,0,6125,,
REFINE_v_f,-6.0,79625,12425,0.15604395604395604,51625,0.6483516483516484,0,0.0,41679,0.5234411302982731,0.8035290423861853,15.732511957928446,40.68516542168607,54.7796470119988,32.13704171418662,0.7110338141614961,39.99019847633365,24.402214062625518,0,1225,0,845,0,0,10530,0,0,0,0,0,0,1225,0,845,0,0,0,0,0,0,0,11375,15.084833165610377,0.27048293971171933
REFINE_v_p,-6.0,79625,13733,0.17247095761381476,50740,0.6372370486656201,4,5.023547880690738e-05,38598,0.4847472527472527,0.7852056514913658,20.049036540291446,48.335368404227694,60.817373526976304,34.188053173263334,0.7127868437177023,39.92164471720595,20.009757162821128,0,2275,0,455,0,0,11340,0,0,0,0,0,0,2275,0,455,0,0,0,0,0,0,0,11375,7.434630183068755,0.13330877481431835
REFINE_a_f,-6.0,77175,13125,0.17006802721088435,49653,0.6433819241982507,0,0.0,39068,0.5062261094914157,0.8193456430191124,23.157737492214682,55.76999858729645,72.29194362111477,33.90483477333709,0.7278456094457281,42.680150306547304,19.70783580147576,0,2450,0,819,0,0,10206,0,0,0,0,0,0,2450,0,819,0,0,0,0,0,0,0,11025,0.0,0.0
REFINE_bar_a,-6.0,77175,12711,0.1647035957240039,49670,0.6436022027858762,0,0.0,39059,0.5061094914156139,0.8168837058632977,22.824964743716386,54.83914874833911,70.1587407342266,33.90548321292253,0.7278587676380851,42.49814317419782,19.855587551274194,0,2205,0,735,0,0,10080,0,0,0,0,0,0,2205,0,735,0,0,0,0,0,0,0,11025,0.9308498389573359,0.01669087076450759
REFINE_bar_u,-6.0,77175,12099,0.15677356656948493,49675,0.6436669906057662,24,0.0003109815354713314,39935,0.5174603174603175,0.8154713313896987,23.055922026860785,55.626785941001806,72.29194362111477,33.934396809790066,0.728032747059835,42.5381598754843,19.666107353785968,0,2205,0,735,0,0,9450,0,0,0,0,0,0,2205,0,735,0,0,0,0,0,0,0,11025,0.1432126462946428,0.0025679155446000756
REFINE_age,-6.0,79625,12339,0.15496389324960755,51250,0.6436420722135008,4,5.023547880690738e-05,41186,0.5172496075353218,0.8151459968602826,23.001985121882004,55.33320230068022,69.93060214800212,33.9086360281877,0.7278819033153782,42.49555359320779,19.677252144836174,0,2275,0,700,0,0,9660,0,0,0,0,0,0,2275,0,700,0,0,0,0,0,0,0,6125,0.4367962866162287,0.007832101446667855
PAIR_v_f_v_p_M6,-6.0,147875,23843,0.16123753169907015,95970,0.6489940828402367,4,2.7049873203719358e-05,73774,0.49889433643279796,0.7678579881656805,12.671805911219636,31.0197536999003,43.30507691786034,32.41319346118456,0.6903168327034869,37.41589579899163,24.84098081410111,0,2275,0,845,0,0,21060,0,0,0,0,0,0,2275,0,845,0,0,0,0,0,0,0,21125,24.75024488739615,0.4437913845139289
PAIR_v_f_v_p_M3,-3.0,147875,25781,0.17434319526627218,95970,0.6489940828402367,3,2.0287404902789517e-05,65161,0.44064919695688926,0.7768926458157227,12.860015306180902,31.059439458525272,43.30507691786034,32.41319346118456,0.6910081977309583,37.95729475044372,25.201351299413304,0,4550,0,845,0,0,21060,0,0,0,0,0,0,4550,0,845,0,0,0,0,0,0,0,21125,24.710559128771177,0.4430797876046542
