node_index,v_f,v_p,a_f,bar_a,bar_u,adopted_age_s,upper_fragment_carry_m,upper_credential_decision_m,upper_signed_credential_minus_fragment_m,lower_fragment_carry_m,lower_credential_decision_m,paired_credential_worse_margin_m,paired_fragment_worse_margin_m
945944,35.0,35.0,3.0,3.0,3.0,2.0,55.14786426555505,55.14786426555505,0.0,0.04547247724695991,0.04547247724695991,-55.10239178830809,-55.10239178830809
315325,11.6666666667,11.6666666667,-3.75,-2.0703125,-3.875,1.0,12.574643076222232,12.574643076222232,0.0,0.016773213510644647,0.016773213510644647,-12.557869862711588,-12.557869862711588
315323,11.6666666667,11.6666666667,-3.75,-2.0703125,-3.875,0.8,12.311702914576912,12.311702914576912,0.0,0.013798871794156842,0.013798871794156842,-12.297904042782756,-12.297904042782756
315322,11.6666666667,11.6666666667,-3.75,-2.0703125,-3.875,0.7000000000000001,12.107710617036881,12.107710617036881,0.0,0.011539069273647229,0.011539069273647229,-12.096171547763234,-12.096171547763234
315321,11.6666666667,11.6666666667,-3.75,-2.0703125,-3.875,0.6000000000000001,11.860902686061117,11.860902686061117,0.0,0.008691861554410263,0.008691861554410263,-11.852210824506706,-11.852210824506706
315320,11.6666666667,11.6666666667,-3.75,-2.0703125,-3.875,0.5,11.6098090098923,11.6098090098923,0.0,0.005753016890182261,0.005753016890182261,-11.604055993002119,-11.604055993002119
315319,11.6666666667,11.6666666667,-3.75,-2.0703125,-3.875,0.4,11.355541521443953,11.355541521443953,0.0,0.002834374000427742,0.002834374000427742,-11.352707147443526,-11.352707147443526
315318,11.6666666667,11.6666666667,-3.75,-2.0703125,-3.875,0.30000000000000004,11.098866088679747,11.098866088679747,0.0,0.0,0.0,-11.098866088679747,-11.098866088679747
315314,11.6666666667,11.6666666667,-3.75,-2.0703125,-5.25,2.0,12.87937881039376,12.87937881039376,0.0,0.020313093327634313,0.020313093327634313,-12.859065717066127,-12.859065717066127
315313,11.6666666667,11.6666666667,-3.75,-2.0703125,-5.25,1.9000000000000001,12.87937881039376,12.87937881039376,0.0,0.020313093327634313,0.020313093327634313,-12.859065717066127,-12.859065717066127
315312,11.6666666667,11.6666666667,-3.75,-2.0703125,-5.25,1.8,12.87937881039376,12.87937881039376,0.0,0.020313093327634313,0.020313093327634313,-12.859065717066127,-12.859065717066127
315311,11.6666666667,11.6666666667,-3.75,-2.0703125,-5.25,1.7000000000000002,12.87937881039376,12.87937881039376,0.0,0.020313093327634313,0.020313093327634313,-12.859065717066127,-12.859065717066127
315310,11.6666666667,11.6666666667,-3.75,-2.0703125,-5.25,1.6,12.87073573740857,12.87073573740857,0.0,0.02021125082585673,0.02021125082585673,-12.850524486582714,-12.850524486582714
315309,11.6666666667,11.6666666667,-3.75,-2.0703125,-5.25,1.5,12.858914561831414,12.858914561831414,0.0,0.020072100265785986,0.020072100265785986,-12.838842461565628,-12.838842461565628
315308,11.6666666667,11.6666666667,-3.75,-2.0703125,-5.25,1.4000000000000001,12.843162704640726,12.843162704640726,0.0,0.019886930918218138,0.019886930918218138,-12.823275773722507,-12.823275773722507
315307,11.6666666667,11.6666666667,-3.75,-2.0703125,-5.25,1.3,12.822163833901675,12.822163833901675,0.0,0.0196405238088162,0.0196405238088162,-12.802523310092859,-12.802523310092859
315306,11.6666666667,11.6666666667,-3.75,-2.0703125,-5.25,1.2000000000000002,12.794153631486633,12.794153631486633,0.0,0.019312626862797222,0.019312626862797222,-12.774841004623836,-12.774841004623836
315305,11.6666666667,11.6666666667,-3.75,-2.0703125,-5.25,1.1,12.756761864639605,12.756761864639605,0.0,0.01887629039722416,0.01887629039722416,-12.73788557424238,-12.73788557424238
315304,11.6666666667,11.6666666667,-3.75,-2.0703125,-5.25,1.0,12.706794673579113,12.706794673579113,0.0,0.01829565214029505,0.01829565214029505,-12.688499021438817,-12.688499021438817
315303,11.6666666667,11.6666666667,-3.75,-2.0703125,-5.25,0.9,12.639931452915771,12.639931452915771,0.0,0.017522989729494842,0.017522989729494842,-12.622408463186277,-12.622408463186277
315302,11.6666666667,11.6666666667,-3.75,-2.0703125,-5.25,0.8,12.550297687029076,12.550297687029076,0.0,0.016494798434934177,0.016494798434934177,-12.533802888594142,-12.533802888594142
315301,11.6666666667,11.6666666667,-3.75,-2.0703125,-5.25,0.7000000000000001,12.429854234252215,12.429854234252215,0.0,0.015126571737952732,0.015126571737952732,-12.414727662514261,-12.414727662514261
315300,11.6666666667,11.6666666667,-3.75,-2.0703125,-5.25,0.6000000000000001,12.267509473857562,12.267509473857562,0.0,0.013305855783406706,0.013305855783406706,-12.254203618074154,-12.254203618074154
315324,11.6666666667,11.6666666667,-3.75,-2.0703125,-3.875,0.9,12.462599712894036,12.462599712894036,0.0,0.015497062075154,0.015497062075154,-12.447102650818882,-12.447102650818882
315326,11.6666666667,11.6666666667,-3.75,-2.0703125,-3.875,1.1,12.658078644810296,12.658078644810296,0.0,0.017732212336941222,0.017732212336941222,-12.640346432473354,-12.640346432473354
315353,11.6666666667,11.6666666667,-3.75,-2.0703125,-2.5,1.7000000000000002,12.824524048601893,12.824524048601893,0.0,0.01966819411238352,0.01966819411238352,-12.804855854489508,-12.804855854489508
315327,11.6666666667,11.6666666667,-3.75,-2.0703125,-3.875,1.2000000000000002,12.72034848763629,12.72034848763629,0.0,0.018452878178988996,0.018452878178988996,-12.701895609457301,-12.701895609457301
315351,11.6666666667,11.6666666667,-3.75,-2.0703125,-2.5,1.5,12.760967507813271,12.760967507813271,0.0,0.018925288831113773,0.018925288831113773,-12.742042218982158,-12.742042218982158
315350,11.6666666667,11.6666666667,-3.75,-2.0703125,-2.5,1.4000000000000001,12.712417671683303,12.712417671683303,0.0,0.018360854953927586,0.018360854953927586,-12.694056816729375,-12.694056816729375
315349,11.6666666667,11.6666666667,-3.75,-2.0703125,-2.5,1.3,12.647461004383118,12.647461004383118,0.0,0.017609755908903457,0.017609755908903457,-12.629851248474214,-12.629851248474214
315348,11.6666666667,11.6666666667,-3.75,-2.0703125,-2.5,1.2000000000000002,12.56040059496571,12.56040059496571,0.0,0.016610259248199144,0.016610259248199144,-12.54379033571751,-12.54379033571751
315347,11.6666666667,11.6666666667,-3.75,-2.0703125,-2.5,1.1,12.443445898496954,12.443445898496954,0.0,0.015280216850491524,0.015280216850491524,-12.428165681646462,-12.428165681646462
315346,11.6666666667,11.6666666667,-3.75,-2.0703125,-2.5,1.0,12.28585788145218,12.28585788145218,0.0,0.013510313208740188,0.013510313208740188,-12.27234756824344,-12.27234756824344
315345,11.6666666667,11.6666666667,-3.75,-2.0703125,-2.5,0.9,12.07369198745946,12.07369198745946,0.0,0.011156363850153728,0.011156363850153728,-12.062535623609307,-12.062535623609307
315344,11.6666666667,11.6666666667,-3.75,-2.0703125,-2.5,0.8,11.838501046859543,11.838501046859543,0.0,0.00837351323970692,0.00837351323970692,-11.830127533619835,-11.830127533619835
315343,11.6666666667,11.6666666667,-3.75,-2.0703125,-2.5,0.7000000000000001,11.604438048895231,11.604438048895231,0.0,0.005618737036530819,0.005618737036530819,-11.5988193118587,-11.5988193118587
315342,11.6666666667,11.6666666667,-3.75,-2.0703125,-2.5,0.6000000000000001,11.37376943880686,11.37376943880686,0.0,0.002945059334068967,0.002945059334068967,-11.370824379472792,-11.370824379472792
315341,11.6666666667,11.6666666667,-3.75,-2.0703125,-2.5,0.5,11.149546852117558,11.149546852117558,0.0,0.000379300395701776,0.000379300395701776,-11.149167551721856,-11.149167551721856
315340,11.6666666667,11.6666666667,-3.75,-2.0703125,-2.5,0.4,10.935866486884233,10.935866486884233,0.0,0.0,0.0,-10.935866486884233,-10.935866486884233
315339,11.6666666667,11.6666666667,-3.75,-2.0703125,-2.5,0.30000000000000004,10.73820661262668,10.73820661262668,0.0,0.0,0.0,-10.73820661262668,-10.73820661262668
315335,11.6666666667,11.6666666667,-3.75,-2.0703125,-3.875,2.0,12.87937881039376,12.87937881039376,0.0,0.020313093327634313,0.020313093327634313,-12.859065717066127,-12.859065717066127
315334,11.6666666667,11.6666666667,-3.75,-2.0703125,-3.875,1.9000000000000001,12.87937881039376,12.87937881039376,0.0,0.020313093327634313,0.020313093327634313,-12.859065717066127,-12.859065717066127
315333,11.6666666667,11.6666666667,-3.75,-2.0703125,-3.875,1.8,12.873139502412176,12.873139502412176,0.0,0.020239566026694966,0.020239566026694966,-12.85289993638548,-12.85289993638548
315332,11.6666666667,11.6666666667,-3.75,-2.0703125,-3.875,1.7000000000000002,12.862116870606567,12.862116870606567,0.0,0.020109779648914694,0.020109779648914694,-12.842007090957653,-12.842007090957653
315331,11.6666666667,11.6666666667,-3.75,-2.0703125,-3.875,1.6,12.847430413298973,12.847430413298973,0.0,0.01993707133293965,0.01993707133293965,-12.827493341966033,-12.827493341966033
315330,11.6666666667,11.6666666667,-3.75,-2.0703125,-3.875,1.5,12.827854186364089,12.827854186364089,0.0,0.019707246270271206,0.019707246270271206,-12.808146940093817,-12.808146940093817
315329,11.6666666667,11.6666666667,-3.75,-2.0703125,-3.875,1.4000000000000001,12.801745799958496,12.801745799958496,0.0,0.019401415256099286,0.019401415256099286,-12.782344384702396,-12.782344384702396
315328,11.6666666667,11.6666666667,-3.75,-2.0703125,-3.875,1.3,12.766900194295722,12.766900194295722,0.0,0.01899444219518287,0.01899444219518287,-12.74790575210054,-12.74790575210054
315299,11.6666666667,11.6666666667,-3.75,-2.0703125,-5.25,0.5,12.04780411917813,12.04780411917813,0.0,0.010883006854605082,0.010883006854605082,-12.036921112323524,-12.036921112323524
315298,11.6666666667,11.6666666667,-3.75,-2.0703125,-5.25,0.4,11.762110801173524,11.762110801173524,0.0,0.0077094950721181554,0.0077094950721181554,-11.754401306101405,-11.754401306101405
315297,11.6666666667,11.6666666667,-3.75,-2.0703125,-5.25,0.30000000000000004,11.450147772152249,11.450147772152249,0.0,0.004159171645632398,0.004159171645632398,-11.445988600506617,-11.445988600506617
315293,11.6666666667,11.6666666667,-3.75,-2.0703125,-6.625,2.0,12.87937881039376,12.87937881039376,0.0,0.020313093327634313,0.020313093327634313,-12.859065717066127,-12.859065717066127
315265,11.6666666667,11.6666666667,-3.75,-2.0703125,-8.0,1.3,12.849874376297612,12.849874376297612,0.0,0.019965794371603174,0.019965794371603174,-12.82990858192601,-12.82990858192601
315264,11.6666666667,11.6666666667,-3.75,-2.0703125,-8.0,1.2000000000000002,12.831112494705327,12.831112494705327,0.0,0.019745468368168595,0.019745468368168595,-12.811367026337159,-12.811367026337159
315263,11.6666666667,11.6666666667,-3.75,-2.0703125,-8.0,1.1,12.806092470688231,12.806092470688231,0.0,0.019452277867983314,0.019452277867983314,-12.786640192820247,-12.786640192820247
315262,11.6666666667,11.6666666667,-3.75,-2.0703125,-8.0,1.0,12.772703495159574,12.772703495159574,0.0,0.019062125693211085,0.019062125693211085,-12.753641369466363,-12.753641369466363
315261,11.6666666667,11.6666666667,-3.75,-2.0703125,-8.0,0.9,12.72810491116864,12.72810491116864,0.0,0.01854294543538093,0.01854294543538093,-12.709561965733258,-12.709561965733258
315260,11.6666666667,11.6666666667,-3.75,-2.0703125,-8.0,0.8,12.668460287726468,12.668460287726468,0.0,0.01785206593361255,0.01785206593361255,-12.650608221792856,-12.650608221792856
315259,11.6666666667,11.6666666667,-3.75,-2.0703125,-8.0,0.7000000000000001,12.588564540050857,12.588564540050857,0.0,0.01693270415364312,0.01693270415364312,-12.571631835897215,-12.571631835897215
315258,11.6666666667,11.6666666667,-3.75,-2.0703125,-8.0,0.6000000000000001,12.481313973690032,12.481313973690032,0.0,0.015709298219170664,0.015709298219170664,-12.46560467547086,-12.46560467547086
315257,11.6666666667,11.6666666667,-3.75,-2.0703125,-8.0,0.5,12.33694106606028,12.33694106606028,0.0,0.014081297019739036,0.014081297019739036,-12.32285976904054,-12.32285976904054
315256,11.6666666667,11.6666666667,-3.75,-2.0703125,-8.0,0.4,12.141889475824888,12.141889475824888,0.0,0.011914895966196104,0.011914895966196104,-12.129974579858692,-12.129974579858692
315255,11.6666666667,11.6666666667,-3.75,-2.0703125,-8.0,0.30000000000000004,11.877127127751903,11.877127127751903,0.0,0.009032039659684132,0.009032039659684132,-11.868095088092218,-11.868095088092218
315251,11.6666666667,11.6666666667,-3.75,-2.15625,3.0,2.0,12.400658906903177,12.400658906903177,0.0,0.01479717808281733,0.01479717808281733,-12.385861728820359,-12.385861728820359
