node_index,v_f,v_p,a_f,bar_a,bar_u,age_s,actual_fragment_m,actual_credential_m,old_last_m,replacement_last_m,coop_fragment_m,coop_credential_m,fallback_m,forced_fragment_m,forced_credential_m,forced_signed_credential_minus_fragment_m
645229,23.3333333333,29.1666666667,-6.0,-2.4140625,3.0,0.4,2.879233512611521,2.879233512611521,2.879233512611521,2.672472709160797,3.892074804179241,3.892074804179241,2.879233512611521,2.879233512611521,2.879233512611521,0.0
647308,23.3333333333,29.1666666667,-3.75,-2.4140625,3.0,0.4,2.879233512611521,2.879233512611521,2.879233512611521,2.682723638064673,3.9023257330831167,3.9023257330831167,2.879233512611521,2.879233512611521,2.879233512611521,0.0
649387,23.3333333333,29.1666666667,-1.5,-2.4140625,3.0,0.4,2.879233512611521,2.879233512611521,2.879233512611521,2.6929745669685485,3.9125766619869924,3.9125766619869924,2.879233512611521,2.879233512611521,2.879233512611521,0.0
169138,5.8333333333,8.75,-3.75,-2.4140625,3.0,0.4,0.4482161698413025,0.4482161698413025,0.43679620175940215,0.2581543535653724,0.618415375151815,0.618415375151815,0.4482161698413025,0.4482161698413025,0.4482161698413025,0.0
169327,5.8333333333,8.75,-3.75,-2.328125,3.0,0.4,0.4377185189433044,0.4377185189433044,0.43667134074236336,0.2580294925483336,0.6126620305428859,0.6126620305428859,0.4377185189433044,0.4377185189433044,0.4377185189433044,0.0
167248,5.8333333333,8.75,-6.0,-2.328125,3.0,0.4,0.4377185189433044,0.4377185189433044,0.42642041183848767,0.24777856364445794,0.6024111016390102,0.6024111016390102,0.4377185189433044,0.4377185189433044,0.4377185189433044,0.0
167437,5.8333333333,8.75,-6.0,-2.2421875,3.0,0.4,0.42720964612400436,0.42720964612400436,0.42629555082144877,0.24765370262741904,0.5966541995844641,0.5966541995844641,0.42720964612400436,0.42720964612400436,0.42720964612400436,0.0
171217,5.8333333333,8.75,-1.5,-2.4140625,3.0,0.4,0.4482161698413025,0.4482161698413025,0.4470471306632777,0.268405282469248,0.6286663040556906,0.6286663040556906,0.4482161698413025,0.4482161698413025,0.4482161698413025,0.0
167059,5.8333333333,8.75,-6.0,-2.4140625,3.0,0.4,0.4482161698413025,0.4482161698413025,0.42654527285552646,0.24790342466149673,0.6081644462479393,0.6081644462479393,0.4482161698413025,0.4482161698413025,0.4482161698413025,0.0
651466,23.3333333333,29.1666666667,0.75,-2.4140625,3.0,0.4,2.879233512611521,2.879233512611521,2.879233512611521,2.7032254958724242,3.922827590890868,3.922827590890868,2.879233512611521,2.879233512611521,2.879233512611521,0.0
645418,23.3333333333,29.1666666667,-6.0,-2.328125,3.0,0.4,2.8444906127866423,2.8444906127866423,2.8444906127866423,2.672347848143758,3.8726354033687604,3.8726354033687604,2.8444906127866423,2.8444906127866423,2.8444906127866423,0.0
173296,5.8333333333,8.75,0.75,-2.4140625,3.0,0.4,0.4482161698413025,0.4482161698413025,0.4482161698413025,0.2786562113731237,0.6389172329595663,0.6389172329595663,0.4482161698413025,0.4482161698413025,0.4482161698413025,0.0
171406,5.8333333333,8.75,-1.5,-2.328125,3.0,0.4,0.4377185189433044,0.4377185189433044,0.4377185189433044,0.2682804214522092,0.6229129594467615,0.6229129594467615,0.4377185189433044,0.4377185189433044,0.4377185189433044,0.0
169516,5.8333333333,8.75,-3.75,-2.2421875,3.0,0.4,0.42720964612400436,0.42720964612400436,0.42720964612400436,0.2579046315312947,0.6069051284883398,0.6069051284883398,0.42720964612400436,0.42720964612400436,0.42720964612400436,0.0
167626,5.8333333333,8.75,-6.0,-2.15625,3.0,0.4,0.4166895501448161,0.4166895501448161,0.4166895501448161,0.24752884161038025,0.5908937398015357,0.5908937398015357,0.4166895501448161,0.4166895501448161,0.4166895501448161,0.0
647497,23.3333333333,29.1666666667,-3.75,-2.328125,3.0,0.4,2.8444906127866423,2.8444906127866423,2.8444906127866423,2.682598777047634,3.882886332272636,3.882886332272636,2.8444906127866423,2.8444906127866423,2.8444906127866423,0.0
173485,5.8333333333,8.75,0.75,-2.328125,3.0,0.4,0.4377185189433044,0.4377185189433044,0.4377185189433044,0.2785313503560849,0.6331638883506372,0.6331638883506372,0.4377185189433044,0.4377185189433044,0.4377185189433044,0.0
171595,5.8333333333,8.75,-1.5,-2.2421875,3.0,0.4,0.42720964612400436,0.42720964612400436,0.42720964612400436,0.2681555604351703,0.6171560573922154,0.6171560573922154,0.42720964612400436,0.42720964612400436,0.42720964612400436,0.0
169705,5.8333333333,8.75,-3.75,-2.15625,3.0,0.4,0.4166895501448161,0.4166895501448161,0.4166895501448161,0.25777977051425593,0.6011446687054114,0.6011446687054114,0.4166895501448161,0.4166895501448161,0.4166895501448161,0.0
167815,5.8333333333,8.75,-6.0,-2.0703125,3.0,0.4,0.40615822977339866,0.40615822977339866,0.40615822977339866,0.24740398059334145,0.5851297220082285,0.5851297220082285,0.40615822977339866,0.40615822977339866,0.40615822977339866,0.0
649576,23.3333333333,29.1666666667,-1.5,-2.328125,3.0,0.4,2.8444906127866423,2.8444906127866423,2.8444906127866423,2.6928497059515095,3.893137261176512,3.893137261176512,2.8444906127866423,2.8444906127866423,2.8444906127866423,0.0
173674,5.8333333333,8.75,0.75,-2.2421875,3.0,0.4,0.42720964612400436,0.42720964612400436,0.42720964612400436,0.278406489339046,0.627406986296091,0.627406986296091,0.42720964612400436,0.42720964612400436,0.42720964612400436,0.0
171784,5.8333333333,8.75,-1.5,-2.15625,3.0,0.4,0.4166895501448161,0.4166895501448161,0.4166895501448161,0.2680306994181315,0.611395597609287,0.611395597609287,0.4166895501448161,0.4166895501448161,0.4166895501448161,0.0
169894,5.8333333333,8.75,-3.75,-2.0703125,3.0,0.4,0.40615822977339866,0.40615822977339866,0.40615822977339866,0.25765490949721714,0.5953806509121042,0.5953806509121042,0.40615822977339866,0.40615822977339866,0.40615822977339866,0.0
168004,5.8333333333,8.75,-6.0,-1.984375,3.0,0.4,0.39561568378363177,0.39561568378363177,0.39561568378363177,0.24727911957630255,0.5793621459233239,0.5793621459233239,0.39561568378363177,0.39561568378363177,0.39561568378363177,0.0
651655,23.3333333333,29.1666666667,0.75,-2.328125,3.0,0.4,2.8444906127866423,2.8444906127866423,2.8444906127866423,2.703100634855385,3.9033881900803875,3.9033881900803875,2.8444906127866423,2.8444906127866423,2.8444906127866423,0.0
173863,5.8333333333,8.75,0.75,-2.15625,3.0,0.4,0.4166895501448161,0.4166895501448161,0.4166895501448161,0.2782816283220072,0.6216465265131627,0.6216465265131627,0.4166895501448161,0.4166895501448161,0.4166895501448161,0.0
171973,5.8333333333,8.75,-1.5,-2.0703125,3.0,0.4,0.40615822977339866,0.40615822977339866,0.40615822977339866,0.2679058384010927,0.6056315798159798,0.6056315798159798,0.40615822977339866,0.40615822977339866,0.40615822977339866,0.0
170083,5.8333333333,8.75,-3.75,-1.984375,3.0,0.4,0.39561568378363177,0.39561568378363177,0.39561568378363177,0.25753004848017824,0.5896130748271996,0.5896130748271996,0.39561568378363177,0.39561568378363177,0.39561568378363177,0.0
645607,23.3333333333,29.1666666667,-6.0,-2.2421875,3.0,0.4,2.809736311776366,2.809736311776366,2.809736311776366,2.6722229871267196,3.853192366660731,3.853192366660731,2.809736311776366,2.809736311776366,2.809736311776366,0.0
174052,5.8333333333,8.75,0.75,-2.0703125,3.0,0.4,0.40615822977339866,0.40615822977339866,0.40615822977339866,0.2781567673049684,0.6158825087198555,0.6158825087198555,0.40615822977339866,0.40615822977339866,0.40615822977339866,0.0
172162,5.8333333333,8.75,-1.5,-1.984375,3.0,0.4,0.39561568378363177,0.39561568378363177,0.39561568378363177,0.2677809773840538,0.5998640037310752,0.5998640037310752,0.39561568378363177,0.39561568378363177,0.39561568378363177,0.0
647686,23.3333333333,29.1666666667,-3.75,-2.2421875,3.0,0.4,2.809736311776366,2.809736311776366,2.809736311776366,2.6824739160305953,3.8634432955646067,3.8634432955646067,2.809736311776366,2.809736311776366,2.809736311776366,0.0
801154,29.1666666667,35.0,-6.0,-2.4140625,3.0,0.4,8.353720146041244,8.353720146041244,8.353720146041244,8.22843485580982,9.693565511964191,9.693565511964191,8.353720146041244,8.353720146041244,8.353720146041244,0.0
322984,11.6666666667,14.58333333335,-6.0,-2.4140625,3.0,0.4,3.39732279079864,3.39732279079864,3.39732279079864,3.278491774818752,3.884148755887437,3.884148755887437,3.39732279079864,3.39732279079864,3.39732279079864,0.0
174241,5.8333333333,8.75,0.75,-1.984375,3.0,0.4,0.39561568378363177,0.39561568378363177,0.39561568378363177,0.2780319062879295,0.6101149326349509,0.6101149326349509,0.39561568378363177,0.39561568378363177,0.39561568378363177,0.0
649765,23.3333333333,29.1666666667,-1.5,-2.2421875,3.0,0.4,2.809736311776366,2.809736311776366,2.809736311776366,2.692724844934471,3.8736942244684824,3.8736942244684824,2.809736311776366,2.809736311776366,2.809736311776366,0.0
803233,29.1666666667,35.0,-3.75,-2.4140625,3.0,0.4,8.353720146041244,8.353720146041244,8.353720146041244,8.238685784713695,9.703816440868067,9.703816440868067,8.353720146041244,8.353720146041244,8.353720146041244,0.0
325063,11.6666666667,14.58333333335,-3.75,-2.4140625,3.0,0.4,3.39732279079864,3.39732279079864,3.39732279079864,3.288742703722628,3.8943996847913125,3.8943996847913125,3.39732279079864,3.39732279079864,3.39732279079864,0.0
651844,23.3333333333,29.1666666667,0.75,-2.2421875,3.0,0.4,2.809736311776366,2.809736311776366,2.809736311776366,2.7029757738383466,3.883945153372358,3.883945153372358,2.809736311776366,2.809736311776366,2.809736311776366,0.0
805312,29.1666666667,35.0,-1.5,-2.4140625,3.0,0.4,8.353720146041244,8.353720146041244,8.353720146041244,8.24893671361757,9.714067369771943,9.714067369771943,8.353720146041244,8.353720146041244,8.353720146041244,0.0
645796,23.3333333333,29.1666666667,-6.0,-2.15625,3.0,0.4,2.7749706095798334,2.7749706095798334,2.7749706095798334,2.6720981261096806,3.833745694054937,3.833745694054937,2.7749706095798334,2.7749706095798334,2.7749706095798334,0.0
323173,11.6666666667,14.58333333335,-6.0,-2.328125,3.0,0.4,3.37989801979802,3.37989801979802,3.37989801979802,3.278366913801713,3.8744885107525158,3.8744885107525158,3.37989801979802,3.37989801979802,3.37989801979802,0.0
327142,11.6666666667,14.58333333335,-1.5,-2.4140625,3.0,0.4,3.39732279079864,3.39732279079864,3.39732279079864,3.2989936326265035,3.904650613695188,3.904650613695188,3.39732279079864,3.39732279079864,3.39732279079864,0.0
807391,29.1666666667,35.0,0.75,-2.4140625,3.0,0.4,8.353720146041244,8.353720146041244,8.353720146041244,8.259187642521447,9.724318298675819,9.724318298675819,8.353720146041244,8.353720146041244,8.353720146041244,0.0
647875,23.3333333333,29.1666666667,-3.75,-2.15625,3.0,0.4,2.7749706095798334,2.7749706095798334,2.7749706095798334,2.6823490550135562,3.8439966229588127,3.8439966229588127,2.7749706095798334,2.7749706095798334,2.7749706095798334,0.0
325252,11.6666666667,14.58333333335,-3.75,-2.328125,3.0,0.4,3.37989801979802,3.37989801979802,3.37989801979802,3.2886178427055888,3.8847394396563915,3.8847394396563915,3.37989801979802,3.37989801979802,3.37989801979802,0.0
329221,11.6666666667,14.58333333335,0.75,-2.4140625,3.0,0.4,3.39732279079864,3.39732279079864,3.39732279079864,3.309244561530379,3.914901542599064,3.914901542599064,3.39732279079864,3.39732279079864,3.39732279079864,0.0
323362,11.6666666667,14.58333333335,-6.0,-2.2421875,3.0,0.4,3.362461869895164,3.362461869895164,3.362461869895164,3.278242052784674,3.864824639475283,3.864824639475283,3.362461869895164,3.362461869895164,3.362461869895164,0.0
801343,29.1666666667,35.0,-6.0,-2.328125,3.0,0.4,8.312051687974796,8.312051687974796,8.312051687974796,8.228309994792781,9.67021512644866,9.67021512644866,8.312051687974796,8.312051687974796,8.312051687974796,0.0
649954,23.3333333333,29.1666666667,-1.5,-2.15625,3.0,0.4,2.7749706095798334,2.7749706095798334,2.7749706095798334,2.692599983917432,3.8542475518626884,3.8542475518626884,2.7749706095798334,2.7749706095798334,2.7749706095798334,0.0
327331,11.6666666667,14.58333333335,-1.5,-2.328125,3.0,0.4,3.37989801979802,3.37989801979802,3.37989801979802,3.2988687716094645,3.894990368560267,3.894990368560267,3.37989801979802,3.37989801979802,3.37989801979802,0.0
325441,11.6666666667,14.58333333335,-3.75,-2.2421875,3.0,0.4,3.362461869895164,3.362461869895164,3.362461869895164,3.2884929816885498,3.8750755683791587,3.8750755683791587,3.362461869895164,3.362461869895164,3.362461869895164,0.0
803422,29.1666666667,35.0,-3.75,-2.328125,3.0,0.4,8.312051687974796,8.312051687974796,8.312051687974796,8.238560923696657,9.680466055352536,9.680466055352536,8.312051687974796,8.312051687974796,8.312051687974796,0.0
652033,23.3333333333,29.1666666667,0.75,-2.15625,3.0,0.4,2.7749706095798334,2.7749706095798334,2.7749706095798334,2.7028509128213076,3.864498480766564,3.864498480766564,2.7749706095798334,2.7749706095798334,2.7749706095798334,0.0
329410,11.6666666667,14.58333333335,0.75,-2.328125,3.0,0.4,3.37989801979802,3.37989801979802,3.37989801979802,3.30911970051334,3.905241297464143,3.905241297464143,3.37989801979802,3.37989801979802,3.37989801979802,0.0
645985,23.3333333333,29.1666666667,-6.0,-2.0703125,3.0,0.4,2.74019350619615,2.74019350619615,2.74019350619615,2.6719732650926415,3.8142953855511763,3.8142953855511763,2.74019350619615,2.74019350619615,2.74019350619615,0.0
323551,11.6666666667,14.58333333335,-6.0,-2.15625,3.0,0.4,3.3450143409354536,3.3450143409354536,3.3450143409354536,3.2781171917676355,3.8551571420202704,3.8551571420202704,3.3450143409354536,3.3450143409354536,3.3450143409354536,0.0
327520,11.6666666667,14.58333333335,-1.5,-2.2421875,3.0,0.4,3.362461869895164,3.362461869895164,3.362461869895164,3.2987439105924254,3.8853264972830344,3.8853264972830344,3.362461869895164,3.362461869895164,3.362461869895164,0.0
805501,29.1666666667,35.0,-1.5,-2.328125,3.0,0.4,8.312051687974796,8.312051687974796,8.312051687974796,8.248811852600532,9.690716984256412,9.690716984256412,8.312051687974796,8.312051687974796,8.312051687974796,0.0
648064,23.3333333333,29.1666666667,-3.75,-2.0703125,3.0,0.4,2.74019350619615,2.74019350619615,2.74019350619615,2.6822241939965172,3.824546314455052,3.824546314455052,2.74019350619615,2.74019350619615,2.74019350619615,0.0
325630,11.6666666667,14.58333333335,-3.75,-2.15625,3.0,0.4,3.3450143409354536,3.3450143409354536,3.3450143409354536,3.288368120671511,3.865408070924146,3.865408070924146,3.3450143409354536,3.3450143409354536,3.3450143409354536,0.0
329599,11.6666666667,14.58333333335,0.75,-2.2421875,3.0,0.4,3.362461869895164,3.362461869895164,3.362461869895164,3.308994839496301,3.89557742618691,3.89557742618691,3.362461869895164,3.362461869895164,3.362461869895164,0.0
807580,29.1666666667,35.0,0.75,-2.328125,3.0,0.4,8.312051687974796,8.312051687974796,8.312051687974796,8.259062781504408,9.700967913160287,9.700967913160287,8.312051687974796,8.312051687974796,8.312051687974796,0.0
