axis_scenario,profile,iteration,sup_change_m,mean_eval_required_gap_m,min_eval_required_gap_m,max_eval_required_gap_m
bar_a,ideal,1,0.614342627373055,34.20814140887409,0.0011393229166601563,132.86994648888614
bar_a,ideal,2,0.027756281340397537,34.20814120981288,0.0011393229166601563,132.86994648888614
bar_a,ideal,3,0.0,34.20814120981288,0.0011393229166601563,132.86994648888614
bar_a,diagnostic_fast,1,0.614342627373055,34.20814320972727,0.0011393229166601563,132.86994648888614
bar_a,diagnostic_fast,2,0.027756281340397537,34.208143010666056,0.0011393229166601563,132.86994648888614
bar_a,diagnostic_fast,3,0.0,34.208143010666056,0.0011393229166601563,132.86994648888614
bar_a,diagnostic_nominal,1,0.614342627373055,34.20814320972727,0.0011393229166601563,132.86994648888614
bar_a,diagnostic_nominal,2,0.027756281340397537,34.208143010666056,0.0011393229166601563,132.86994648888614
bar_a,diagnostic_nominal,3,0.0,34.208143010666056,0.0011393229166601563,132.86994648888614
bar_a,diagnostic_stressed,1,0.614342627373055,34.20814320972727,0.0011393229166601563,132.86994648888614
bar_a,diagnostic_stressed,2,0.027756281340397537,34.208143010666056,0.0011393229166601563,132.86994648888614
bar_a,diagnostic_stressed,3,0.0,34.208143010666056,0.0011393229166601563,132.86994648888614
