node_index,pending_age_s,fragmented_upper_m,verifying_upper_m,fragmented_lower_m,verifying_lower_m,candidate_interval_separation_margin_m,candidate_positive,p2c_lower_candidate_m,p2c_upper_candidate_m
167058,0.0,0.0546875,0.5188225247898499,0.0546875,0.0546875,0.0,False,0.49253881154602874,0.49418154362376754
167058,0.1,0.0546875,0.49593699053888285,0.0546875,0.0546875,0.0,False,0.49253881154602874,0.49418154362376754
167058,0.2,0.0546875,0.427122152905395,0.0546875,0.0546875,0.0,False,0.49253881154602874,0.49418154362376754
167058,0.30000000000000004,0.0546875,0.5188225247898499,0.0546875,0.0546875,0.0,False,0.49253881154602874,0.49418154362376754
167247,0.0,0.0546875,0.5049515185575206,0.0546875,0.0546875,0.0,False,0.4786503709772729,0.48029419270103835
167247,0.1,0.0546875,0.49577083646052356,0.0546875,0.0546875,0.0,False,0.4786503709772729,0.48029419270103835
167247,0.2,0.0546875,0.4269559988270357,0.0546875,0.0546875,0.0,False,0.4786503709772729,0.48029419270103835
167247,0.30000000000000004,0.0546875,0.5049515185575206,0.0546875,0.0546875,0.0,False,0.4786503709772729,0.48029419270103835
169137,0.0,0.0546875,0.5188225247898499,0.0546875,0.0546875,0.0,False,0.49253881154602874,0.49418154362376754
169137,0.1,0.0546875,0.5061879194427585,0.0546875,0.0546875,0.0,False,0.49253881154602874,0.49418154362376754
169137,0.2,0.0546875,0.4373730818092707,0.0546875,0.0546875,0.0,False,0.49253881154602874,0.49418154362376754
169137,0.30000000000000004,0.0546875,0.5188225247898499,0.0546875,0.0546875,0.0,False,0.49253881154602874,0.49418154362376754
171216,0.0,0.0546875,0.5188225247898499,0.0546875,0.0546875,0.0,False,0.49253881154602874,0.49418154362376754
171216,0.1,0.0546875,0.5164388483466341,0.0546875,0.0546875,0.0,False,0.49253881154602874,0.49418154362376754
171216,0.2,0.0546875,0.4476240107131463,0.0546875,0.0546875,0.0,False,0.49253881154602874,0.49418154362376754
171216,0.30000000000000004,0.0546875,0.5188225247898499,0.0546875,0.0546875,0.0,False,0.49253881154602874,0.49418154362376754
