node_index,v_f,v_p,a_f,bar_a,bar_u,age,legacy_qspan_m,causal_qspan_m,hull_qspan_m,qage_admissible_count,semantically_comparable,survives_exact_qage
55686,5.8333333333,8.75,-6.0,-2.4140625,3.0,0.3333333333,0.07248938418372708,0.07248938418372708,0.07248938418372708,0,False,False
55749,5.8333333333,8.75,-6.0,-2.328125,3.0,0.3333333333,0.0599872877120492,0.0599872877120492,0.0599872877120492,0,False,False
55812,5.8333333333,8.75,-6.0,-2.2421875,3.0,0.3333333333,0.04746877214026457,0.04746877214026457,0.04746877214026457,0,False,False
55875,5.8333333333,8.75,-6.0,-2.15625,3.0,0.3333333333,0.03493383523867011,0.03493383523867011,0.03493383523867011,0,False,False
55938,5.8333333333,8.75,-6.0,-2.0703125,3.0,0.3333333333,0.022382474791124984,0.022382474791124984,0.022382474791124984,0,False,False
56001,5.8333333333,8.75,-6.0,-1.984375,3.0,0.3333333333,0.009814688594967924,0.009814688594967924,0.009814688594967924,0,False,False
56379,5.8333333333,8.75,-3.75,-2.4140625,3.0,0.3333333333,0.06223845527985139,0.06223845527985139,0.06223845527985139,0,False,False
56442,5.8333333333,8.75,-3.75,-2.328125,3.0,0.3333333333,0.04973635880817351,0.04973635880817351,0.04973635880817351,0,False,False
56505,5.8333333333,8.75,-3.75,-2.2421875,3.0,0.3333333333,0.03721784323638888,0.03721784323638888,0.03721784323638888,0,False,False
56568,5.8333333333,8.75,-3.75,-2.15625,3.0,0.3333333333,0.02468290633479442,0.02468290633479442,0.02468290633479442,0,False,False
56631,5.8333333333,8.75,-3.75,-2.0703125,3.0,0.3333333333,0.012131545887249295,0.012131545887249295,0.012131545887249295,0,False,False
57072,5.8333333333,8.75,-1.5,-2.4140625,3.0,0.3333333333,0.0519875263759757,0.0519875263759757,0.0519875263759757,0,False,False
57135,5.8333333333,8.75,-1.5,-2.328125,3.0,0.3333333333,0.03948542990429782,0.03948542990429782,0.03948542990429782,0,False,False
57198,5.8333333333,8.75,-1.5,-2.2421875,3.0,0.3333333333,0.026966914332513192,0.026966914332513192,0.026966914332513192,0,False,False
57261,5.8333333333,8.75,-1.5,-2.15625,3.0,0.3333333333,0.01443197743091873,0.01443197743091873,0.01443197743091873,0,False,False
57324,5.8333333333,8.75,-1.5,-2.0703125,3.0,0.3333333333,0.0018806169833736064,0.0018806169833736064,0.0018806169833736064,0,False,False
