cell_flat_index,hit_count,raw_gap_amplitude_m,max_corner_raw_gap_m,gap_corner_bits,mask_corner_bits,separating_axes,selected_axis
16783,46,0.03203246619028188,0.03203246619028188,110110,100000,"v_p,bar_a,bar_u",bar_u
16951,46,0.17864184819402973,0.17864184819402973,110110,100001,"v_p,bar_a,bar_u,age",bar_u
17119,46,0.17864184819402973,0.17864184819402973,110010,100001,"v_p,bar_u,age",bar_u
17287,46,0.17864184819402973,0.17864184819402973,110010,100001,"v_p,bar_u,age",bar_u
17455,46,0.17864184819402973,0.17864184819402973,110010,100001,"v_p,bar_u,age",bar_u
17623,46,0.16916070853443588,0.16916070853443588,110010,100001,"v_p,bar_u,age",bar_u
17791,46,0.1587542491800572,0.1587542491800572,110010,100001,"v_p,bar_u,age",bar_u
17959,46,0.1483365642073292,0.1483365642073292,110010,100001,"v_p,bar_u,age",bar_u
18127,92,0.0011225539490505865,0.0011225539490505865,110010,100001,"v_p,bar_u,age",bar_u
18799,44,0.021781537286406194,0.021781537286406194,110110,100000,"v_p,bar_a,bar_u",bar_u
18967,44,0.17864184819402973,0.17864184819402973,110110,100001,"v_p,bar_a,bar_u,age",bar_u
19135,44,0.17864184819402973,0.17864184819402973,110010,100001,"v_p,bar_u,age",bar_u
19303,44,0.17864184819402973,0.17864184819402973,110010,100001,"v_p,bar_u,age",bar_u
19471,44,0.16930501459270964,0.16930501459270964,110010,100001,"v_p,bar_u,age",bar_u
19639,44,0.1589097796305602,0.1589097796305602,110010,100001,"v_p,bar_u,age",bar_u
19807,44,0.14850332027618152,0.14850332027618152,110010,100001,"v_p,bar_u,age",bar_u
19975,44,0.13808563530345352,0.13808563530345352,110010,100001,"v_p,bar_u,age",bar_u
20815,202,0.011530608382530616,0.011530608382530616,110110,100000,"v_p,bar_a,bar_u",bar_u
20983,202,0.17864184819402973,0.17864184819402973,110110,100001,"v_p,bar_a,bar_u,age",bar_u
21151,202,0.17864184819402973,0.17864184819402973,110010,100001,"v_p,bar_u,age",bar_u
21319,202,0.16943809749109517,0.16943809749109517,110010,100001,"v_p,bar_u,age",bar_u
21487,202,0.15905408568883406,0.15905408568883406,110010,100001,"v_p,bar_u,age",bar_u
21655,202,0.1486588507266846,0.1486588507266846,110010,100001,"v_p,bar_u,age",bar_u
21823,202,0.13825239137230594,0.13825239137230594,110010,100001,"v_p,bar_u,age",bar_u
21991,202,0.12783470639957795,0.12783470639957795,110010,100001,"v_p,bar_u,age",bar_u
24847,46,0.03203246619028188,0.03203246619028188,100110,100000,"bar_a,bar_u",bar_u
25015,46,0.17864184819402973,0.17864184819402973,100110,100001,"bar_a,bar_u,age",bar_u
25183,46,0.17864184819402973,0.17864184819402973,100010,100001,"bar_u,age",bar_u
25351,46,0.17864184819402973,0.17864184819402973,100010,100001,"bar_u,age",bar_u
25519,46,0.17864184819402973,0.17864184819402973,100010,100001,"bar_u,age",bar_u
25687,46,0.16916070853443588,0.16916070853443588,100010,100001,"bar_u,age",bar_u
25855,46,0.1587542491800572,0.1587542491800572,100010,100001,"bar_u,age",bar_u
26023,46,0.1483365642073292,0.1483365642073292,100010,100001,"bar_u,age",bar_u
26191,92,0.0011225539490505865,0.0011225539490505865,100010,100001,"bar_u,age",bar_u
26863,44,0.021781537286406194,0.021781537286406194,100110,100000,"bar_a,bar_u",bar_u
27031,44,0.17864184819402973,0.17864184819402973,100110,100001,"bar_a,bar_u,age",bar_u
27199,44,0.17864184819402973,0.17864184819402973,100010,100001,"bar_u,age",bar_u
27367,44,0.17864184819402973,0.17864184819402973,100010,100001,"bar_u,age",bar_u
27535,44,0.16930501459270964,0.16930501459270964,100010,100001,"bar_u,age",bar_u
27703,44,0.1589097796305602,0.1589097796305602,100010,100001,"bar_u,age",bar_u
27871,44,0.14850332027618152,0.14850332027618152,100010,100001,"bar_u,age",bar_u
28039,44,0.13808563530345352,0.13808563530345352,100010,100001,"bar_u,age",bar_u
28879,202,0.011530608382530616,0.011530608382530616,100110,100000,"bar_a,bar_u",bar_u
29047,202,0.17864184819402973,0.17864184819402973,100110,100001,"bar_a,bar_u,age",bar_u
29215,202,0.17864184819402973,0.17864184819402973,100010,100001,"bar_u,age",bar_u
29383,202,0.16943809749109517,0.16943809749109517,100010,100001,"bar_u,age",bar_u
29551,202,0.15905408568883406,0.15905408568883406,100010,100001,"bar_u,age",bar_u
29719,202,0.1486588507266846,0.1486588507266846,100010,100001,"bar_u,age",bar_u
29887,202,0.13825239137230594,0.13825239137230594,100010,100001,"bar_u,age",bar_u
30055,202,0.12783470639957795,0.12783470639957795,100010,100001,"bar_u,age",bar_u
129679,46,0.03203246619028188,0.03203246619028188,010110,100000,"v_f,v_p,bar_a,bar_u",bar_u
129847,46,0.17864184819402973,0.17864184819402973,010110,100001,"v_f,v_p,bar_a,bar_u,age",bar_u
130015,46,0.17864184819402973,0.17864184819402973,010010,100001,"v_f,v_p,bar_u,age",bar_u
130183,46,0.17864184819402973,0.17864184819402973,010010,100001,"v_f,v_p,bar_u,age",bar_u
130351,46,0.17864184819402973,0.17864184819402973,010010,100001,"v_f,v_p,bar_u,age",bar_u
130519,46,0.16916070853443588,0.16916070853443588,010010,100001,"v_f,v_p,bar_u,age",bar_u
130687,46,0.1587542491800572,0.1587542491800572,010010,100001,"v_f,v_p,bar_u,age",bar_u
130855,46,0.1483365642073292,0.1483365642073292,010010,100001,"v_f,v_p,bar_u,age",bar_u
131023,92,0.0011225539490505865,0.0011225539490505865,010010,100001,"v_f,v_p,bar_u,age",bar_u
131695,44,0.021781537286406194,0.021781537286406194,010110,100000,"v_f,v_p,bar_a,bar_u",bar_u
131863,44,0.17864184819402973,0.17864184819402973,010110,100001,"v_f,v_p,bar_a,bar_u,age",bar_u
132031,44,0.17864184819402973,0.17864184819402973,010010,100001,"v_f,v_p,bar_u,age",bar_u
132199,44,0.17864184819402973,0.17864184819402973,010010,100001,"v_f,v_p,bar_u,age",bar_u
132367,44,0.16930501459270964,0.16930501459270964,010010,100001,"v_f,v_p,bar_u,age",bar_u
132535,44,0.1589097796305602,0.1589097796305602,010010,100001,"v_f,v_p,bar_u,age",bar_u
132703,44,0.14850332027618152,0.14850332027618152,010010,100001,"v_f,v_p,bar_u,age",bar_u
132871,44,0.13808563530345352,0.13808563530345352,010010,100001,"v_f,v_p,bar_u,age",bar_u
133711,46,0.011530608382530616,0.011530608382530616,010110,100000,"v_f,v_p,bar_a,bar_u",bar_u
133879,46,0.17864184819402973,0.17864184819402973,010110,100001,"v_f,v_p,bar_a,bar_u,age",bar_u
134047,46,0.17864184819402973,0.17864184819402973,010010,100001,"v_f,v_p,bar_u,age",bar_u
134215,46,0.16943809749109517,0.16943809749109517,010010,100001,"v_f,v_p,bar_u,age",bar_u
134383,46,0.15905408568883406,0.15905408568883406,010010,100001,"v_f,v_p,bar_u,age",bar_u
134551,46,0.1486588507266846,0.1486588507266846,010010,100001,"v_f,v_p,bar_u,age",bar_u
134719,46,0.13825239137230594,0.13825239137230594,010010,100001,"v_f,v_p,bar_u,age",bar_u
134887,46,0.12783470639957795,0.12783470639957795,010010,100001,"v_f,v_p,bar_u,age",bar_u
135727,44,0.001279679478654927,0.001279679478654927,010110,100000,"v_f,v_p,bar_a,bar_u",bar_u
135895,44,0.16955995846817884,0.16955995846817884,010110,100001,"v_f,v_p,bar_a,bar_u,age",bar_u
136063,44,0.16955995846817884,0.16955995846817884,010010,100001,"v_f,v_p,bar_u,age",bar_u
136231,44,0.15918716858721949,0.15918716858721949,010010,100001,"v_f,v_p,bar_u,age",bar_u
136399,44,0.14880315678495837,0.14880315678495837,010010,100001,"v_f,v_p,bar_u,age",bar_u
136567,44,0.13840792182280892,0.13840792182280892,010010,100001,"v_f,v_p,bar_u,age",bar_u
136735,44,0.12800146246843025,0.12800146246843025,010010,100001,"v_f,v_p,bar_u,age",bar_u
136903,44,0.11758377749570226,0.11758377749570226,010010,100001,"v_f,v_p,bar_u,age",bar_u
137743,46,0.03203246619028188,0.03203246619028188,000110,100000,"v_f,bar_a,bar_u",bar_u
137911,46,0.17864184819402973,0.17864184819402973,000110,100001,"v_f,bar_a,bar_u,age",bar_u
138079,46,0.17864184819402973,0.17864184819402973,000010,100001,"v_f,bar_u,age",bar_u
138247,46,0.17864184819402973,0.17864184819402973,000010,100001,"v_f,bar_u,age",bar_u
138415,46,0.17864184819402973,0.17864184819402973,000010,100001,"v_f,bar_u,age",bar_u
138583,46,0.16916070853443588,0.16916070853443588,000010,100001,"v_f,bar_u,age",bar_u
138751,46,0.1587542491800572,0.1587542491800572,000010,100001,"v_f,bar_u,age",bar_u
138919,46,0.1483365642073292,0.1483365642073292,000010,100001,"v_f,bar_u,age",bar_u
139087,92,0.0011225539490505865,0.0011225539490505865,000010,100001,"v_f,bar_u,age",bar_u
139759,44,0.021781537286406194,0.021781537286406194,000110,100000,"v_f,bar_a,bar_u",bar_u
139927,44,0.17864184819402973,0.17864184819402973,000110,100001,"v_f,bar_a,bar_u,age",bar_u
140095,44,0.17864184819402973,0.17864184819402973,000010,100001,"v_f,bar_u,age",bar_u
140263,44,0.17864184819402973,0.17864184819402973,000010,100001,"v_f,bar_u,age",bar_u
140431,44,0.16930501459270964,0.16930501459270964,000010,100001,"v_f,bar_u,age",bar_u
140599,44,0.1589097796305602,0.1589097796305602,000010,100001,"v_f,bar_u,age",bar_u
140767,44,0.14850332027618152,0.14850332027618152,000010,100001,"v_f,bar_u,age",bar_u
140935,44,0.13808563530345352,0.13808563530345352,000010,100001,"v_f,bar_u,age",bar_u
141775,46,0.011530608382530616,0.011530608382530616,000110,100000,"v_f,bar_a,bar_u",bar_u
141943,46,0.17864184819402973,0.17864184819402973,000110,100001,"v_f,bar_a,bar_u,age",bar_u
142111,46,0.17864184819402973,0.17864184819402973,000010,100001,"v_f,bar_u,age",bar_u
142279,46,0.16943809749109517,0.16943809749109517,000010,100001,"v_f,bar_u,age",bar_u
142447,46,0.15905408568883406,0.15905408568883406,000010,100001,"v_f,bar_u,age",bar_u
142615,46,0.1486588507266846,0.1486588507266846,000010,100001,"v_f,bar_u,age",bar_u
142783,46,0.13825239137230594,0.13825239137230594,000010,100001,"v_f,bar_u,age",bar_u
142951,46,0.12783470639957795,0.12783470639957795,000010,100001,"v_f,bar_u,age",bar_u
143791,44,0.001279679478654927,0.001279679478654927,000110,100000,"v_f,bar_a,bar_u",bar_u
143959,44,0.16955995846817884,0.16955995846817884,000110,100001,"v_f,bar_a,bar_u,age",bar_u
144127,44,0.16955995846817884,0.16955995846817884,000010,100001,"v_f,bar_u,age",bar_u
144295,44,0.15918716858721949,0.15918716858721949,000010,100001,"v_f,bar_u,age",bar_u
144463,44,0.14880315678495837,0.14880315678495837,000010,100001,"v_f,bar_u,age",bar_u
144631,44,0.13840792182280892,0.13840792182280892,000010,100001,"v_f,bar_u,age",bar_u
144799,44,0.12800146246843025,0.12800146246843025,000010,100001,"v_f,bar_u,age",bar_u
144967,44,0.11758377749570226,0.11758377749570226,000010,100001,"v_f,bar_u,age",bar_u
145975,46,0.11883101597988777,0.11883101597988777,110110,100001,"v_p,bar_a,bar_u,age",bar_u
146143,46,0.11883101597988777,0.11883101597988777,110010,100001,"v_p,bar_u,age",bar_u
146311,46,0.10153110599630688,0.10153110599630688,110010,100001,"v_p,bar_u,age",bar_u
146479,46,0.08421981711048998,0.08421981711048998,110010,100001,"v_p,bar_u,age",bar_u
146647,46,0.06689714916781808,0.06689714916781808,110010,100001,"v_p,bar_u,age",bar_u
146815,46,0.049563102014474225,0.049563102014474225,110010,100001,"v_p,bar_u,age",bar_u
146983,46,0.03221767549743548,0.03221767549743548,110010,100001,"v_p,bar_u,age",bar_u
147991,44,0.10858008707601208,0.10858008707601208,110110,100001,"v_p,bar_a,bar_u,age",bar_u
148159,44,0.10858008707601208,0.10858008707601208,110010,100001,"v_p,bar_u,age",bar_u
148327,44,0.09128017709243119,0.09128017709243119,110010,100001,"v_p,bar_u,age",bar_u
148495,44,0.07396888820661429,0.07396888820661429,110010,100001,"v_p,bar_u,age",bar_u
148663,44,0.05664622026394239,0.05664622026394239,110010,100001,"v_p,bar_u,age",bar_u
148831,44,0.039312173110598536,0.039312173110598536,110010,100001,"v_p,bar_u,age",bar_u
148999,44,0.021966746593559794,0.021966746593559794,110010,100001,"v_p,bar_u,age",bar_u
150007,46,0.09832915817213639,0.09832915817213639,110110,100001,"v_p,bar_a,bar_u,age",bar_u
150175,46,0.09832915817213639,0.09832915817213639,110010,100001,"v_p,bar_u,age",bar_u
150343,46,0.0810292481885555,0.0810292481885555,110010,100001,"v_p,bar_u,age",bar_u
150511,46,0.0637179593027386,0.0637179593027386,110010,100001,"v_p,bar_u,age",bar_u
150679,46,0.046395291360066704,0.046395291360066704,110010,100001,"v_p,bar_u,age",bar_u
150847,46,0.029061244206722847,0.029061244206722847,110010,100001,"v_p,bar_u,age",bar_u
151015,46,0.011715817689684105,0.011715817689684105,110010,100001,"v_p,bar_u,age",bar_u
152023,44,0.0880782292682607,0.0880782292682607,110110,100001,"v_p,bar_a,bar_u,age",bar_u
152191,44,0.0880782292682607,0.0880782292682607,110010,100001,"v_p,bar_u,age",bar_u
152359,44,0.07077831928467981,0.07077831928467981,110010,100001,"v_p,bar_u,age",bar_u
152527,44,0.053467030398862914,0.053467030398862914,110010,100001,"v_p,bar_u,age",bar_u
152695,44,0.036144362456191015,0.036144362456191015,110010,100001,"v_p,bar_u,age",bar_u
152863,44,0.018810315302847158,0.018810315302847158,110010,100001,"v_p,bar_u,age",bar_u
153031,44,0.0014648887858084159,0.0014648887858084159,110010,100001,"v_p,bar_u,age",bar_u
154039,46,0.11883101597988777,0.11883101597988777,100110,100001,"bar_a,bar_u,age",bar_u
154207,46,0.11883101597988777,0.11883101597988777,100010,100001,"bar_u,age",bar_u
154375,46,0.10153110599630688,0.10153110599630688,100010,100001,"bar_u,age",bar_u
154543,46,0.08421981711048998,0.08421981711048998,100010,100001,"bar_u,age",bar_u
154711,46,0.06689714916781808,0.06689714916781808,100010,100001,"bar_u,age",bar_u
154879,46,0.049563102014474225,0.049563102014474225,100010,100001,"bar_u,age",bar_u
155047,46,0.03221767549743548,0.03221767549743548,100010,100001,"bar_u,age",bar_u
156055,44,0.10858008707601208,0.10858008707601208,100110,100001,"bar_a,bar_u,age",bar_u
156223,44,0.10858008707601208,0.10858008707601208,100010,100001,"bar_u,age",bar_u
156391,44,0.09128017709243119,0.09128017709243119,100010,100001,"bar_u,age",bar_u
156559,44,0.07396888820661429,0.07396888820661429,100010,100001,"bar_u,age",bar_u
156727,44,0.05664622026394239,0.05664622026394239,100010,100001,"bar_u,age",bar_u
156895,44,0.039312173110598536,0.039312173110598536,100010,100001,"bar_u,age",bar_u
157063,44,0.021966746593559794,0.021966746593559794,100010,100001,"bar_u,age",bar_u
158071,46,0.09832915817213639,0.09832915817213639,100110,100001,"bar_a,bar_u,age",bar_u
158239,46,0.09832915817213639,0.09832915817213639,100010,100001,"bar_u,age",bar_u
158407,46,0.0810292481885555,0.0810292481885555,100010,100001,"bar_u,age",bar_u
158575,46,0.0637179593027386,0.0637179593027386,100010,100001,"bar_u,age",bar_u
158743,46,0.046395291360066704,0.046395291360066704,100010,100001,"bar_u,age",bar_u
158911,46,0.029061244206722847,0.029061244206722847,100010,100001,"bar_u,age",bar_u
159079,46,0.011715817689684105,0.011715817689684105,100010,100001,"bar_u,age",bar_u
160087,44,0.0880782292682607,0.0880782292682607,100110,100001,"bar_a,bar_u,age",bar_u
160255,44,0.0880782292682607,0.0880782292682607,100010,100001,"bar_u,age",bar_u
160423,44,0.07077831928467981,0.07077831928467981,100010,100001,"bar_u,age",bar_u
160591,44,0.053467030398862914,0.053467030398862914,100010,100001,"bar_u,age",bar_u
160759,44,0.036144362456191015,0.036144362456191015,100010,100001,"bar_u,age",bar_u
160927,44,0.018810315302847158,0.018810315302847158,100010,100001,"bar_u,age",bar_u
161095,44,0.0014648887858084159,0.0014648887858084159,100010,100001,"bar_u,age",bar_u
258871,46,0.11883101597988777,0.11883101597988777,010110,100001,"v_f,v_p,bar_a,bar_u,age",bar_u
259039,46,0.11883101597988777,0.11883101597988777,010010,100001,"v_f,v_p,bar_u,age",bar_u
259207,46,0.10153110599630688,0.10153110599630688,010010,100001,"v_f,v_p,bar_u,age",bar_u
259375,46,0.08421981711048998,0.08421981711048998,010010,100001,"v_f,v_p,bar_u,age",bar_u
259543,46,0.06689714916781808,0.06689714916781808,010010,100001,"v_f,v_p,bar_u,age",bar_u
259711,46,0.049563102014474225,0.049563102014474225,010010,100001,"v_f,v_p,bar_u,age",bar_u
259879,46,0.03221767549743548,0.03221767549743548,010010,100001,"v_f,v_p,bar_u,age",bar_u
260887,44,0.10858008707601208,0.10858008707601208,010110,100001,"v_f,v_p,bar_a,bar_u,age",bar_u
261055,44,0.10858008707601208,0.10858008707601208,010010,100001,"v_f,v_p,bar_u,age",bar_u
261223,44,0.09128017709243119,0.09128017709243119,010010,100001,"v_f,v_p,bar_u,age",bar_u
261391,44,0.07396888820661429,0.07396888820661429,010010,100001,"v_f,v_p,bar_u,age",bar_u
261559,44,0.05664622026394239,0.05664622026394239,010010,100001,"v_f,v_p,bar_u,age",bar_u
261727,44,0.039312173110598536,0.039312173110598536,010010,100001,"v_f,v_p,bar_u,age",bar_u
261895,44,0.021966746593559794,0.021966746593559794,010010,100001,"v_f,v_p,bar_u,age",bar_u
262903,46,0.09832915817213639,0.09832915817213639,010110,100001,"v_f,v_p,bar_a,bar_u,age",bar_u
263071,46,0.09832915817213639,0.09832915817213639,010010,100001,"v_f,v_p,bar_u,age",bar_u
263239,46,0.0810292481885555,0.0810292481885555,010010,100001,"v_f,v_p,bar_u,age",bar_u
263407,46,0.0637179593027386,0.0637179593027386,010010,100001,"v_f,v_p,bar_u,age",bar_u
263575,46,0.046395291360066704,0.046395291360066704,010010,100001,"v_f,v_p,bar_u,age",bar_u
263743,46,0.029061244206722847,0.029061244206722847,010010,100001,"v_f,v_p,bar_u,age",bar_u
263911,46,0.011715817689684105,0.011715817689684105,010010,100001,"v_f,v_p,bar_u,age",bar_u
264919,44,0.0880782292682607,0.0880782292682607,010110,100001,"v_f,v_p,bar_a,bar_u,age",bar_u
265087,44,0.0880782292682607,0.0880782292682607,010010,100001,"v_f,v_p,bar_u,age",bar_u
265255,44,0.07077831928467981,0.07077831928467981,010010,100001,"v_f,v_p,bar_u,age",bar_u
265423,44,0.053467030398862914,0.053467030398862914,010010,100001,"v_f,v_p,bar_u,age",bar_u
265591,44,0.036144362456191015,0.036144362456191015,010010,100001,"v_f,v_p,bar_u,age",bar_u
265759,44,0.018810315302847158,0.018810315302847158,010010,100001,"v_f,v_p,bar_u,age",bar_u
265927,44,0.0014648887858084159,0.0014648887858084159,010010,100001,"v_f,v_p,bar_u,age",bar_u
266935,46,0.11883101597988777,0.11883101597988777,000110,100001,"v_f,bar_a,bar_u,age",bar_u
267103,46,0.11883101597988777,0.11883101597988777,000010,100001,"v_f,bar_u,age",bar_u
267271,46,0.10153110599630688,0.10153110599630688,000010,100001,"v_f,bar_u,age",bar_u
267439,46,0.08421981711048998,0.08421981711048998,000010,100001,"v_f,bar_u,age",bar_u
267607,46,0.06689714916781808,0.06689714916781808,000010,100001,"v_f,bar_u,age",bar_u
267775,46,0.049563102014474225,0.049563102014474225,000010,100001,"v_f,bar_u,age",bar_u
267943,46,0.03221767549743548,0.03221767549743548,000010,100001,"v_f,bar_u,age",bar_u
268951,44,0.10858008707601208,0.10858008707601208,000110,100001,"v_f,bar_a,bar_u,age",bar_u
269119,44,0.10858008707601208,0.10858008707601208,000010,100001,"v_f,bar_u,age",bar_u
269287,44,0.09128017709243119,0.09128017709243119,000010,100001,"v_f,bar_u,age",bar_u
269455,44,0.07396888820661429,0.07396888820661429,000010,100001,"v_f,bar_u,age",bar_u
269623,44,0.05664622026394239,0.05664622026394239,000010,100001,"v_f,bar_u,age",bar_u
269791,44,0.039312173110598536,0.039312173110598536,000010,100001,"v_f,bar_u,age",bar_u
269959,44,0.021966746593559794,0.021966746593559794,000010,100001,"v_f,bar_u,age",bar_u
270967,46,0.09832915817213639,0.09832915817213639,000110,100001,"v_f,bar_a,bar_u,age",bar_u
271135,46,0.09832915817213639,0.09832915817213639,000010,100001,"v_f,bar_u,age",bar_u
271303,46,0.0810292481885555,0.0810292481885555,000010,100001,"v_f,bar_u,age",bar_u
271471,46,0.0637179593027386,0.0637179593027386,000010,100001,"v_f,bar_u,age",bar_u
271639,46,0.046395291360066704,0.046395291360066704,000010,100001,"v_f,bar_u,age",bar_u
271807,46,0.029061244206722847,0.029061244206722847,000010,100001,"v_f,bar_u,age",bar_u
271975,46,0.011715817689684105,0.011715817689684105,000010,100001,"v_f,bar_u,age",bar_u
272983,44,0.0880782292682607,0.0880782292682607,000110,100001,"v_f,bar_a,bar_u,age",bar_u
273151,44,0.0880782292682607,0.0880782292682607,000010,100001,"v_f,bar_u,age",bar_u
273319,44,0.07077831928467981,0.07077831928467981,000010,100001,"v_f,bar_u,age",bar_u
273487,44,0.053467030398862914,0.053467030398862914,000010,100001,"v_f,bar_u,age",bar_u
273655,44,0.036144362456191015,0.036144362456191015,000010,100001,"v_f,bar_u,age",bar_u
273823,44,0.018810315302847158,0.018810315302847158,000010,100001,"v_f,bar_u,age",bar_u
273991,44,0.0014648887858084159,0.0014648887858084159,000010,100001,"v_f,bar_u,age",bar_u
274999,46,0.03735470017599685,0.03735470017599685,110110,100001,"v_p,bar_a,bar_u,age",bar_u
275167,46,0.03735470017599685,0.03735470017599685,110010,100001,"v_p,bar_u,age",bar_u
275335,46,0.013129035503119724,0.013129035503119724,110010,100001,"v_p,bar_u,age",bar_u
277015,44,0.027103771272121158,0.027103771272121158,110110,100001,"v_p,bar_a,bar_u,age",bar_u
277183,44,0.027103771272121158,0.027103771272121158,110010,100001,"v_p,bar_u,age",bar_u
277351,44,0.0028781065992440347,0.0028781065992440347,110010,100001,"v_p,bar_u,age",bar_u
279031,46,0.01685284236824547,0.01685284236824547,110110,100001,"v_p,bar_a,bar_u,age",bar_u
279199,46,0.01685284236824547,0.01685284236824547,110010,100001,"v_p,bar_u,age",bar_u
281047,44,0.00660191346436978,0.00660191346436978,110110,100001,"v_p,bar_a,bar_u,age",bar_u
281215,44,0.00660191346436978,0.00660191346436978,110010,100001,"v_p,bar_u,age",bar_u
283063,46,0.03735470017599685,0.03735470017599685,100110,100001,"bar_a,bar_u,age",bar_u
283231,46,0.03735470017599685,0.03735470017599685,100010,100001,"bar_u,age",bar_u
283399,46,0.013129035503119724,0.013129035503119724,100010,100001,"bar_u,age",bar_u
285079,44,0.027103771272121158,0.027103771272121158,100110,100001,"bar_a,bar_u,age",bar_u
285247,44,0.027103771272121158,0.027103771272121158,100010,100001,"bar_u,age",bar_u
285415,44,0.0028781065992440347,0.0028781065992440347,100010,100001,"bar_u,age",bar_u
287095,46,0.01685284236824547,0.01685284236824547,100110,100001,"bar_a,bar_u,age",bar_u
287263,46,0.01685284236824547,0.01685284236824547,100010,100001,"bar_u,age",bar_u
289111,44,0.00660191346436978,0.00660191346436978,100110,100001,"bar_a,bar_u,age",bar_u
289279,44,0.00660191346436978,0.00660191346436978,100010,100001,"bar_u,age",bar_u
387895,46,0.03735470017599685,0.03735470017599685,010110,100001,"v_f,v_p,bar_a,bar_u,age",bar_u
388063,46,0.03735470017599685,0.03735470017599685,010010,100001,"v_f,v_p,bar_u,age",bar_u
388231,46,0.013129035503119724,0.013129035503119724,010010,100001,"v_f,v_p,bar_u,age",bar_u
389911,44,0.027103771272121158,0.027103771272121158,010110,100001,"v_f,v_p,bar_a,bar_u,age",bar_u
390079,44,0.027103771272121158,0.027103771272121158,010010,100001,"v_f,v_p,bar_u,age",bar_u
390247,44,0.0028781065992440347,0.0028781065992440347,010010,100001,"v_f,v_p,bar_u,age",bar_u
391927,46,0.01685284236824547,0.01685284236824547,010110,100001,"v_f,v_p,bar_a,bar_u,age",bar_u
392095,46,0.01685284236824547,0.01685284236824547,010010,100001,"v_f,v_p,bar_u,age",bar_u
393943,44,0.00660191346436978,0.00660191346436978,010110,100001,"v_f,v_p,bar_a,bar_u,age",bar_u
394111,44,0.00660191346436978,0.00660191346436978,010010,100001,"v_f,v_p,bar_u,age",bar_u
395959,46,0.03735470017599685,0.03735470017599685,000110,100001,"v_f,bar_a,bar_u,age",bar_u
396127,46,0.03735470017599685,0.03735470017599685,000010,100001,"v_f,bar_u,age",bar_u
396295,46,0.013129035503119724,0.013129035503119724,000010,100001,"v_f,bar_u,age",bar_u
397975,44,0.027103771272121158,0.027103771272121158,000110,100001,"v_f,bar_a,bar_u,age",bar_u
398143,44,0.027103771272121158,0.027103771272121158,000010,100001,"v_f,bar_u,age",bar_u
398311,44,0.0028781065992440347,0.0028781065992440347,000010,100001,"v_f,bar_u,age",bar_u
399991,46,0.01685284236824547,0.01685284236824547,000110,100001,"v_f,bar_a,bar_u,age",bar_u
400159,46,0.01685284236824547,0.01685284236824547,000010,100001,"v_f,bar_u,age",bar_u
402007,44,0.00660191346436978,0.00660191346436978,000110,100001,"v_f,bar_a,bar_u,age",bar_u
402175,44,0.00660191346436978,0.00660191346436978,000010,100001,"v_f,bar_u,age",bar_u
412087,46,0.20676080345072378,0.20676080345072378,110110,100001,"v_p,bar_a,bar_u,age",bar_u
412255,46,0.20676080345072378,0.20676080345072378,110010,100001,"v_p,bar_u,age",bar_u
412423,46,0.17214276464288414,0.17214276464288414,110010,100001,"v_p,bar_u,age",bar_u
412591,46,0.1375133246496465,0.1375133246496465,110010,100001,"v_p,bar_u,age",bar_u
412759,46,0.10287248347015288,0.10287248347015288,110010,100001,"v_p,bar_u,age",bar_u
412927,46,0.06822024110350844,0.06822024110350844,110010,100001,"v_p,bar_u,age",bar_u
413095,46,0.03355659754882989,0.03355659754882989,110010,100001,"v_p,bar_u,age",bar_u
414103,44,0.1965098745468481,0.1965098745468481,110110,100001,"v_p,bar_a,bar_u,age",bar_u
414271,44,0.1965098745468481,0.1965098745468481,110010,100001,"v_p,bar_u,age",bar_u
414439,44,0.16189183573900845,0.16189183573900845,110010,100001,"v_p,bar_u,age",bar_u
414607,44,0.1272623957457708,0.1272623957457708,110010,100001,"v_p,bar_u,age",bar_u
414775,44,0.09262155456627719,0.09262155456627719,110010,100001,"v_p,bar_u,age",bar_u
414943,44,0.05796931219963275,0.05796931219963275,110010,100001,"v_p,bar_u,age",bar_u
415111,44,0.023305668644954203,0.023305668644954203,110010,100001,"v_p,bar_u,age",bar_u
416119,46,0.1862589456429724,0.1862589456429724,110110,100001,"v_p,bar_a,bar_u,age",bar_u
416287,46,0.1862589456429724,0.1862589456429724,110010,100001,"v_p,bar_u,age",bar_u
416455,46,0.15164090683513276,0.15164090683513276,110010,100001,"v_p,bar_u,age",bar_u
416623,46,0.11701146684189512,0.11701146684189512,110010,100001,"v_p,bar_u,age",bar_u
416791,46,0.0823706256624015,0.0823706256624015,110010,100001,"v_p,bar_u,age",bar_u
416959,46,0.04771838329575706,0.04771838329575706,110010,100001,"v_p,bar_u,age",bar_u
417127,46,0.013054739741078514,0.013054739741078514,110010,100001,"v_p,bar_u,age",bar_u
418135,44,0.17600801673909672,0.17600801673909672,110110,100001,"v_p,bar_a,bar_u,age",bar_u
418303,44,0.17600801673909672,0.17600801673909672,110010,100001,"v_p,bar_u,age",bar_u
418471,44,0.14138997793125707,0.14138997793125707,110010,100001,"v_p,bar_u,age",bar_u
418639,44,0.10676053793801943,0.10676053793801943,110010,100001,"v_p,bar_u,age",bar_u
418807,44,0.07211969675852581,0.07211969675852581,110010,100001,"v_p,bar_u,age",bar_u
418975,44,0.03746745439188137,0.03746745439188137,110010,100001,"v_p,bar_u,age",bar_u
419143,44,0.0028038108372028248,0.0028038108372028248,110010,100001,"v_p,bar_u,age",bar_u
420151,46,0.20676080345072378,0.20676080345072378,100110,100001,"bar_a,bar_u,age",bar_u
420319,46,0.20676080345072378,0.20676080345072378,100010,100001,"bar_u,age",bar_u
420487,46,0.17214276464288414,0.17214276464288414,100010,100001,"bar_u,age",bar_u
420655,46,0.1375133246496465,0.1375133246496465,100010,100001,"bar_u,age",bar_u
420823,46,0.10287248347015288,0.10287248347015288,100010,100001,"bar_u,age",bar_u
420991,46,0.06822024110350844,0.06822024110350844,100010,100001,"bar_u,age",bar_u
421159,46,0.03355659754882989,0.03355659754882989,100010,100001,"bar_u,age",bar_u
422167,44,0.1965098745468481,0.1965098745468481,100110,100001,"bar_a,bar_u,age",bar_u
422335,44,0.1965098745468481,0.1965098745468481,100010,100001,"bar_u,age",bar_u
422503,44,0.16189183573900845,0.16189183573900845,100010,100001,"bar_u,age",bar_u
422671,44,0.1272623957457708,0.1272623957457708,100010,100001,"bar_u,age",bar_u
422839,44,0.09262155456627719,0.09262155456627719,100010,100001,"bar_u,age",bar_u
423007,44,0.05796931219963275,0.05796931219963275,100010,100001,"bar_u,age",bar_u
423175,44,0.023305668644954203,0.023305668644954203,100010,100001,"bar_u,age",bar_u
424183,46,0.1862589456429724,0.1862589456429724,100110,100001,"bar_a,bar_u,age",bar_u
424351,46,0.1862589456429724,0.1862589456429724,100010,100001,"bar_u,age",bar_u
424519,46,0.15164090683513276,0.15164090683513276,100010,100001,"bar_u,age",bar_u
424687,46,0.11701146684189512,0.11701146684189512,100010,100001,"bar_u,age",bar_u
424855,46,0.0823706256624015,0.0823706256624015,100010,100001,"bar_u,age",bar_u
425023,46,0.04771838329575706,0.04771838329575706,100010,100001,"bar_u,age",bar_u
425191,46,0.013054739741078514,0.013054739741078514,100010,100001,"bar_u,age",bar_u
426199,44,0.17600801673909672,0.17600801673909672,100110,100001,"bar_a,bar_u,age",bar_u
426367,44,0.17600801673909672,0.17600801673909672,100010,100001,"bar_u,age",bar_u
426535,44,0.14138997793125707,0.14138997793125707,100010,100001,"bar_u,age",bar_u
426703,44,0.10676053793801943,0.10676053793801943,100010,100001,"bar_u,age",bar_u
426871,44,0.07211969675852581,0.07211969675852581,100010,100001,"bar_u,age",bar_u
427039,44,0.03746745439188137,0.03746745439188137,100010,100001,"bar_u,age",bar_u
427207,44,0.0028038108372028248,0.0028038108372028248,100010,100001,"bar_u,age",bar_u
524983,46,0.20676080345072378,0.20676080345072378,010110,100001,"v_f,v_p,bar_a,bar_u,age",bar_u
525151,46,0.20676080345072378,0.20676080345072378,010010,100001,"v_f,v_p,bar_u,age",bar_u
525319,46,0.17214276464288414,0.17214276464288414,010010,100001,"v_f,v_p,bar_u,age",bar_u
525487,46,0.1375133246496465,0.1375133246496465,010010,100001,"v_f,v_p,bar_u,age",bar_u
525655,46,0.10287248347015288,0.10287248347015288,010010,100001,"v_f,v_p,bar_u,age",bar_u
525823,46,0.06822024110350844,0.06822024110350844,010010,100001,"v_f,v_p,bar_u,age",bar_u
525991,46,0.03355659754882989,0.03355659754882989,010010,100001,"v_f,v_p,bar_u,age",bar_u
526999,44,0.1965098745468481,0.1965098745468481,010110,100001,"v_f,v_p,bar_a,bar_u,age",bar_u
527167,44,0.1965098745468481,0.1965098745468481,010010,100001,"v_f,v_p,bar_u,age",bar_u
527335,44,0.16189183573900845,0.16189183573900845,010010,100001,"v_f,v_p,bar_u,age",bar_u
527503,44,0.1272623957457708,0.1272623957457708,010010,100001,"v_f,v_p,bar_u,age",bar_u
527671,44,0.09262155456627719,0.09262155456627719,010010,100001,"v_f,v_p,bar_u,age",bar_u
527839,44,0.05796931219963275,0.05796931219963275,010010,100001,"v_f,v_p,bar_u,age",bar_u
528007,44,0.023305668644954203,0.023305668644954203,010010,100001,"v_f,v_p,bar_u,age",bar_u
529015,46,0.1862589456429724,0.1862589456429724,010110,100001,"v_f,v_p,bar_a,bar_u,age",bar_u
529183,46,0.1862589456429724,0.1862589456429724,010010,100001,"v_f,v_p,bar_u,age",bar_u
529351,46,0.15164090683513276,0.15164090683513276,010010,100001,"v_f,v_p,bar_u,age",bar_u
529519,46,0.11701146684189512,0.11701146684189512,010010,100001,"v_f,v_p,bar_u,age",bar_u
529687,46,0.0823706256624015,0.0823706256624015,010010,100001,"v_f,v_p,bar_u,age",bar_u
529855,46,0.04771838329575706,0.04771838329575706,010010,100001,"v_f,v_p,bar_u,age",bar_u
530023,46,0.013054739741078514,0.013054739741078514,010010,100001,"v_f,v_p,bar_u,age",bar_u
531031,44,0.17600801673909672,0.17600801673909672,010110,100001,"v_f,v_p,bar_a,bar_u,age",bar_u
531199,44,0.17600801673909672,0.17600801673909672,010010,100001,"v_f,v_p,bar_u,age",bar_u
531367,44,0.14138997793125707,0.14138997793125707,010010,100001,"v_f,v_p,bar_u,age",bar_u
531535,44,0.10676053793801943,0.10676053793801943,010010,100001,"v_f,v_p,bar_u,age",bar_u
531703,44,0.07211969675852581,0.07211969675852581,010010,100001,"v_f,v_p,bar_u,age",bar_u
531871,44,0.03746745439188137,0.03746745439188137,010010,100001,"v_f,v_p,bar_u,age",bar_u
532039,44,0.0028038108372028248,0.0028038108372028248,010010,100001,"v_f,v_p,bar_u,age",bar_u
533047,46,0.20676080345072378,0.20676080345072378,000110,100001,"v_f,bar_a,bar_u,age",bar_u
533215,46,0.20676080345072378,0.20676080345072378,000010,100001,"v_f,bar_u,age",bar_u
533383,46,0.17214276464288414,0.17214276464288414,000010,100001,"v_f,bar_u,age",bar_u
533551,46,0.1375133246496465,0.1375133246496465,000010,100001,"v_f,bar_u,age",bar_u
533719,46,0.10287248347015288,0.10287248347015288,000010,100001,"v_f,bar_u,age",bar_u
533887,46,0.06822024110350844,0.06822024110350844,000010,100001,"v_f,bar_u,age",bar_u
534055,46,0.03355659754882989,0.03355659754882989,000010,100001,"v_f,bar_u,age",bar_u
535063,44,0.1965098745468481,0.1965098745468481,000110,100001,"v_f,bar_a,bar_u,age",bar_u
535231,44,0.1965098745468481,0.1965098745468481,000010,100001,"v_f,bar_u,age",bar_u
535399,44,0.16189183573900845,0.16189183573900845,000010,100001,"v_f,bar_u,age",bar_u
535567,44,0.1272623957457708,0.1272623957457708,000010,100001,"v_f,bar_u,age",bar_u
535735,44,0.09262155456627719,0.09262155456627719,000010,100001,"v_f,bar_u,age",bar_u
535903,44,0.05796931219963275,0.05796931219963275,000010,100001,"v_f,bar_u,age",bar_u
536071,44,0.023305668644954203,0.023305668644954203,000010,100001,"v_f,bar_u,age",bar_u
537079,46,0.1862589456429724,0.1862589456429724,000110,100001,"v_f,bar_a,bar_u,age",bar_u
537247,46,0.1862589456429724,0.1862589456429724,000010,100001,"v_f,bar_u,age",bar_u
537415,46,0.15164090683513276,0.15164090683513276,000010,100001,"v_f,bar_u,age",bar_u
537583,46,0.11701146684189512,0.11701146684189512,000010,100001,"v_f,bar_u,age",bar_u
537751,46,0.0823706256624015,0.0823706256624015,000010,100001,"v_f,bar_u,age",bar_u
537919,46,0.04771838329575706,0.04771838329575706,000010,100001,"v_f,bar_u,age",bar_u
538087,46,0.013054739741078514,0.013054739741078514,000010,100001,"v_f,bar_u,age",bar_u
539095,44,0.17600801673909672,0.17600801673909672,000110,100001,"v_f,bar_a,bar_u,age",bar_u
539263,44,0.17600801673909672,0.17600801673909672,000010,100001,"v_f,bar_u,age",bar_u
539431,44,0.14138997793125707,0.14138997793125707,000010,100001,"v_f,bar_u,age",bar_u
539599,44,0.10676053793801943,0.10676053793801943,000010,100001,"v_f,bar_u,age",bar_u
539767,44,0.07211969675852581,0.07211969675852581,000010,100001,"v_f,bar_u,age",bar_u
539935,44,0.03746745439188137,0.03746745439188137,000010,100001,"v_f,bar_u,age",bar_u
540103,44,0.0028038108372028248,0.0028038108372028248,000010,100001,"v_f,bar_u,age",bar_u
541111,46,0.12528529023142454,0.12528529023142454,110110,100001,"v_p,bar_a,bar_u,age",bar_u
541279,46,0.12528529023142454,0.12528529023142454,110010,100001,"v_p,bar_u,age",bar_u
541447,46,0.08374169318201474,0.08374169318201474,110010,100001,"v_p,bar_u,age",bar_u
541615,46,0.04218669483541859,0.04218669483541859,110010,100001,"v_p,bar_u,age",bar_u
541783,46,0.000620295191522402,0.000620295191522402,110010,100001,"v_p,bar_u,age",bar_u
543127,44,0.11503436132754885,0.11503436132754885,110110,100001,"v_p,bar_a,bar_u,age",bar_u
543295,44,0.11503436132754885,0.11503436132754885,110010,100001,"v_p,bar_u,age",bar_u
543463,44,0.07349076427813905,0.07349076427813905,110010,100001,"v_p,bar_u,age",bar_u
543631,44,0.0319357659315429,0.0319357659315429,110010,100001,"v_p,bar_u,age",bar_u
545143,46,0.10478343242367316,0.10478343242367316,110110,100001,"v_p,bar_a,bar_u,age",bar_u
545311,46,0.10478343242367316,0.10478343242367316,110010,100001,"v_p,bar_u,age",bar_u
545479,46,0.06323983537426336,0.06323983537426336,110010,100001,"v_p,bar_u,age",bar_u
545647,46,0.021684837027667214,0.021684837027667214,110010,100001,"v_p,bar_u,age",bar_u
547159,44,0.09453250351979747,0.09453250351979747,110110,100001,"v_p,bar_a,bar_u,age",bar_u
547327,44,0.09453250351979747,0.09453250351979747,110010,100001,"v_p,bar_u,age",bar_u
547495,44,0.052988906470387676,0.052988906470387676,110010,100001,"v_p,bar_u,age",bar_u
547663,44,0.011433908123791525,0.011433908123791525,110010,100001,"v_p,bar_u,age",bar_u
549175,23,0.12528529023142454,0.12528529023142454,100110,100001,"bar_a,bar_u,age",bar_u
549343,23,0.12528529023142454,0.12528529023142454,100010,100001,"bar_u,age",bar_u
549511,23,0.08374169318201474,0.08374169318201474,100010,100001,"bar_u,age",bar_u
549679,23,0.04218669483541859,0.04218669483541859,100010,100001,"bar_u,age",bar_u
549847,23,0.000620295191522402,0.000620295191522402,100010,100001,"bar_u,age",bar_u
551191,22,0.11503436132754885,0.11503436132754885,100110,100001,"bar_a,bar_u,age",bar_u
551359,22,0.11503436132754885,0.11503436132754885,100010,100001,"bar_u,age",bar_u
551527,22,0.07349076427813905,0.07349076427813905,100010,100001,"bar_u,age",bar_u
551695,22,0.0319357659315429,0.0319357659315429,100010,100001,"bar_u,age",bar_u
553207,23,0.10478343242367316,0.10478343242367316,100110,100001,"bar_a,bar_u,age",bar_u
553375,23,0.10478343242367316,0.10478343242367316,100010,100001,"bar_u,age",bar_u
553543,23,0.06323983537426336,0.06323983537426336,100010,100001,"bar_u,age",bar_u
553711,23,0.021684837027667214,0.021684837027667214,100010,100001,"bar_u,age",bar_u
555223,22,0.09453250351979747,0.09453250351979747,100110,100001,"bar_a,bar_u,age",bar_u
555391,22,0.09453250351979747,0.09453250351979747,100010,100001,"bar_u,age",bar_u
555559,22,0.052988906470387676,0.052988906470387676,100010,100001,"bar_u,age",bar_u
555727,22,0.011433908123791525,0.011433908123791525,100010,100001,"bar_u,age",bar_u
654007,46,0.12528529023142454,0.12528529023142454,010110,100001,"v_f,v_p,bar_a,bar_u,age",bar_u
654175,46,0.12528529023142454,0.12528529023142454,010010,100001,"v_f,v_p,bar_u,age",bar_u
654343,46,0.08374169318201474,0.08374169318201474,010010,100001,"v_f,v_p,bar_u,age",bar_u
654511,46,0.04218669483541859,0.04218669483541859,010010,100001,"v_f,v_p,bar_u,age",bar_u
654679,46,0.000620295191522402,0.000620295191522402,010010,100001,"v_f,v_p,bar_u,age",bar_u
656023,44,0.11503436132754885,0.11503436132754885,010110,100001,"v_f,v_p,bar_a,bar_u,age",bar_u
656191,44,0.11503436132754885,0.11503436132754885,010010,100001,"v_f,v_p,bar_u,age",bar_u
656359,44,0.07349076427813905,0.07349076427813905,010010,100001,"v_f,v_p,bar_u,age",bar_u
656527,44,0.0319357659315429,0.0319357659315429,010010,100001,"v_f,v_p,bar_u,age",bar_u
658039,46,0.10478343242367316,0.10478343242367316,010110,100001,"v_f,v_p,bar_a,bar_u,age",bar_u
658207,46,0.10478343242367316,0.10478343242367316,010010,100001,"v_f,v_p,bar_u,age",bar_u
658375,46,0.06323983537426336,0.06323983537426336,010010,100001,"v_f,v_p,bar_u,age",bar_u
658543,46,0.021684837027667214,0.021684837027667214,010010,100001,"v_f,v_p,bar_u,age",bar_u
660055,44,0.09453250351979747,0.09453250351979747,010110,100001,"v_f,v_p,bar_a,bar_u,age",bar_u
660223,44,0.09453250351979747,0.09453250351979747,010010,100001,"v_f,v_p,bar_u,age",bar_u
660391,44,0.052988906470387676,0.052988906470387676,010010,100001,"v_f,v_p,bar_u,age",bar_u
660559,44,0.011433908123791525,0.011433908123791525,010010,100001,"v_f,v_p,bar_u,age",bar_u
662071,23,0.12528529023142454,0.12528529023142454,000110,100001,"v_f,bar_a,bar_u,age",bar_u
662239,23,0.12528529023142454,0.12528529023142454,000010,100001,"v_f,bar_u,age",bar_u
662407,23,0.08374169318201474,0.08374169318201474,000010,100001,"v_f,bar_u,age",bar_u
662575,23,0.04218669483541859,0.04218669483541859,000010,100001,"v_f,bar_u,age",bar_u
662743,23,0.000620295191522402,0.000620295191522402,000010,100001,"v_f,bar_u,age",bar_u
664087,22,0.11503436132754885,0.11503436132754885,000110,100001,"v_f,bar_a,bar_u,age",bar_u
664255,22,0.11503436132754885,0.11503436132754885,000010,100001,"v_f,bar_u,age",bar_u
664423,22,0.07349076427813905,0.07349076427813905,000010,100001,"v_f,bar_u,age",bar_u
664591,22,0.0319357659315429,0.0319357659315429,000010,100001,"v_f,bar_u,age",bar_u
666103,23,0.10478343242367316,0.10478343242367316,000110,100001,"v_f,bar_a,bar_u,age",bar_u
666271,23,0.10478343242367316,0.10478343242367316,000010,100001,"v_f,bar_u,age",bar_u
666439,23,0.06323983537426336,0.06323983537426336,000010,100001,"v_f,bar_u,age",bar_u
666607,23,0.021684837027667214,0.021684837027667214,000010,100001,"v_f,bar_u,age",bar_u
668119,22,0.09453250351979747,0.09453250351979747,000110,100001,"v_f,bar_a,bar_u,age",bar_u
668287,22,0.09453250351979747,0.09453250351979747,000010,100001,"v_f,bar_u,age",bar_u
668455,22,0.052988906470387676,0.052988906470387676,000010,100001,"v_f,bar_u,age",bar_u
668623,22,0.011433908123791525,0.011433908123791525,000010,100001,"v_f,bar_u,age",bar_u
