node_index,pending_age_s,coarsest_gap_m,finest_gap_m,max_refinement_drift_m,sign_stable,numerically_stable_progress_gap
167058,0.0,0.4641350247898499,0.4641350247898499,0.0,True,True
167058,0.1,0.44124949053888285,0.44124949053888285,0.0,True,True
167058,0.2,0.372434652905395,0.372434652905395,0.0,True,True
167058,0.30000000000000004,0.4641350247898499,0.4641350247898499,0.0,True,True
167247,0.0,0.45026401855752063,0.45026401855752063,0.0,True,True
167247,0.1,0.44108333646052356,0.44108333646052356,0.0,True,True
167247,0.2,0.3722684988270357,0.3722684988270357,0.0,True,True
167247,0.30000000000000004,0.45026401855752063,0.45026401855752063,0.0,True,True
169137,0.0,0.4641350247898499,0.4641350247898499,0.0,True,True
169137,0.1,0.45150041944275854,0.45150041944275854,0.0,True,True
169137,0.2,0.3826855818092707,0.3826855818092707,0.0,True,True
169137,0.30000000000000004,0.4641350247898499,0.4641350247898499,0.0,True,True
171216,0.0,0.4641350247898499,0.4641350247898499,0.0,True,True
171216,0.1,0.4617513483466341,0.4617513483466341,0.0,True,True
171216,0.2,0.3929365107131463,0.3929365107131463,0.0,True,True
171216,0.30000000000000004,0.4641350247898499,0.4641350247898499,0.0,True,True
