cell_flat_index,hit_count,raw_gap_amplitude_m,max_corner_raw_gap_m,gap_corner_bits,mask_corner_bits,separating_axes,first_axis,selected_second_axis
19072,46,0.1529654848252595,0.1529654848252595,110110,100001,"v_p,bar_a,bar_u,age",bar_u,age
19261,46,0.1529654848252595,0.1529654848252595,110010,100001,"v_p,bar_u,age",bar_u,age
19450,46,0.14720725637566012,0.14720725637566012,110010,100001,"v_p,bar_u,age",bar_u,age
19639,46,0.14144546066871255,0.14144546066871255,110010,100001,"v_p,bar_u,age",bar_u,age
19828,46,0.13568009744877063,0.13568009744877063,110010,100001,"v_p,bar_u,age",bar_u,age
20017,46,0.1299111664608854,0.1299111664608854,110010,100001,"v_p,bar_u,age",bar_u,age
20206,46,0.1241386674508318,0.1241386674508318,110010,100001,"v_p,bar_u,age",bar_u,age
20395,92,0.0011225539490505865,0.0011225539490505865,110010,100001,"v_p,bar_u,age",bar_u,age
21340,44,0.1529654848252595,0.1529654848252595,110110,100001,"v_p,bar_a,bar_u,age",bar_u,age
21529,44,0.1529654848252595,0.1529654848252595,110010,100001,"v_p,bar_u,age",bar_u,age
21718,44,0.14720725637566012,0.14720725637566012,110010,100001,"v_p,bar_u,age",bar_u,age
21907,44,0.14144546066871255,0.14144546066871255,110010,100001,"v_p,bar_u,age",bar_u,age
22096,44,0.13568009744877063,0.13568009744877063,110010,100001,"v_p,bar_u,age",bar_u,age
22285,44,0.1299111664608854,0.1299111664608854,110010,100001,"v_p,bar_u,age",bar_u,age
22474,44,0.1241386674508318,0.1241386674508318,110010,100001,"v_p,bar_u,age",bar_u,age
23608,202,0.1529654848252595,0.1529654848252595,110110,100001,"v_p,bar_a,bar_u,age",bar_u,age
23797,202,0.1529654848252595,0.1529654848252595,110010,100001,"v_p,bar_u,age",bar_u,age
23986,202,0.14720725637566012,0.14720725637566012,110010,100001,"v_p,bar_u,age",bar_u,age
24175,202,0.14144546066871255,0.14144546066871255,110010,100001,"v_p,bar_u,age",bar_u,age
24364,202,0.13568009744877063,0.13568009744877063,110010,100001,"v_p,bar_u,age",bar_u,age
24553,202,0.1299111664608854,0.1299111664608854,110010,100001,"v_p,bar_u,age",bar_u,age
24742,202,0.1241386674508318,0.1241386674508318,110010,100001,"v_p,bar_u,age",bar_u,age
28144,46,0.1529654848252595,0.1529654848252595,100110,100001,"bar_a,bar_u,age",bar_u,age
28333,46,0.1529654848252595,0.1529654848252595,100010,100001,"bar_u,age",bar_u,age
28522,46,0.14720725637566012,0.14720725637566012,100010,100001,"bar_u,age",bar_u,age
28711,46,0.14144546066871255,0.14144546066871255,100010,100001,"bar_u,age",bar_u,age
28900,46,0.13568009744877063,0.13568009744877063,100010,100001,"bar_u,age",bar_u,age
29089,46,0.1299111664608854,0.1299111664608854,100010,100001,"bar_u,age",bar_u,age
29278,46,0.1241386674508318,0.1241386674508318,100010,100001,"bar_u,age",bar_u,age
29467,92,0.0011225539490505865,0.0011225539490505865,100010,101001,"a_f,bar_u,age",bar_u,age
30412,44,0.1529654848252595,0.1529654848252595,100110,100001,"bar_a,bar_u,age",bar_u,age
30601,44,0.1529654848252595,0.1529654848252595,100010,100001,"bar_u,age",bar_u,age
30790,44,0.14720725637566012,0.14720725637566012,100010,100001,"bar_u,age",bar_u,age
30979,44,0.14144546066871255,0.14144546066871255,100010,100001,"bar_u,age",bar_u,age
31168,44,0.13568009744877063,0.13568009744877063,100010,100001,"bar_u,age",bar_u,age
31357,44,0.1299111664608854,0.1299111664608854,100010,100001,"bar_u,age",bar_u,age
31546,44,0.1241386674508318,0.1241386674508318,100010,100001,"bar_u,age",bar_u,age
32680,202,0.1529654848252595,0.1529654848252595,100110,100001,"bar_a,bar_u,age",bar_u,age
32869,202,0.1529654848252595,0.1529654848252595,100010,100001,"bar_u,age",bar_u,age
33058,202,0.14720725637566012,0.14720725637566012,100010,100001,"bar_u,age",bar_u,age
33247,202,0.14144546066871255,0.14144546066871255,100010,100001,"bar_u,age",bar_u,age
33436,202,0.13568009744877063,0.13568009744877063,100010,100001,"bar_u,age",bar_u,age
33625,202,0.1299111664608854,0.1299111664608854,100010,100001,"bar_u,age",bar_u,age
33814,202,0.1241386674508318,0.1241386674508318,100010,100001,"bar_u,age",bar_u,age
146080,46,0.1529654848252595,0.1529654848252595,010110,100001,"v_f,v_p,bar_a,bar_u,age",bar_u,age
146269,46,0.1529654848252595,0.1529654848252595,010010,100001,"v_f,v_p,bar_u,age",bar_u,age
146458,46,0.14720725637566012,0.14720725637566012,010010,100001,"v_f,v_p,bar_u,age",bar_u,age
146647,46,0.14144546066871255,0.14144546066871255,010010,100001,"v_f,v_p,bar_u,age",bar_u,age
146836,46,0.13568009744877063,0.13568009744877063,010010,100001,"v_f,v_p,bar_u,age",bar_u,age
147025,46,0.1299111664608854,0.1299111664608854,010010,100001,"v_f,v_p,bar_u,age",bar_u,age
147214,46,0.1241386674508318,0.1241386674508318,010010,100001,"v_f,v_p,bar_u,age",bar_u,age
147403,92,0.0011225539490505865,0.0011225539490505865,010010,100001,"v_f,v_p,bar_u,age",bar_u,age
148348,44,0.1529654848252595,0.1529654848252595,010110,100001,"v_f,v_p,bar_a,bar_u,age",bar_u,age
148537,44,0.1529654848252595,0.1529654848252595,010010,100001,"v_f,v_p,bar_u,age",bar_u,age
148726,44,0.14720725637566012,0.14720725637566012,010010,100001,"v_f,v_p,bar_u,age",bar_u,age
148915,44,0.14144546066871255,0.14144546066871255,010010,100001,"v_f,v_p,bar_u,age",bar_u,age
149104,44,0.13568009744877063,0.13568009744877063,010010,100001,"v_f,v_p,bar_u,age",bar_u,age
149293,44,0.1299111664608854,0.1299111664608854,010010,100001,"v_f,v_p,bar_u,age",bar_u,age
149482,44,0.1241386674508318,0.1241386674508318,010010,100001,"v_f,v_p,bar_u,age",bar_u,age
150616,46,0.1529654848252595,0.1529654848252595,010110,100001,"v_f,v_p,bar_a,bar_u,age",bar_u,age
150805,46,0.1529654848252595,0.1529654848252595,010010,100001,"v_f,v_p,bar_u,age",bar_u,age
150994,46,0.14720725637566012,0.14720725637566012,010010,100001,"v_f,v_p,bar_u,age",bar_u,age
151183,46,0.14144546066871255,0.14144546066871255,010010,100001,"v_f,v_p,bar_u,age",bar_u,age
151372,46,0.13568009744877063,0.13568009744877063,010010,100001,"v_f,v_p,bar_u,age",bar_u,age
151561,46,0.1299111664608854,0.1299111664608854,010010,100001,"v_f,v_p,bar_u,age",bar_u,age
151750,46,0.1241386674508318,0.1241386674508318,010010,100001,"v_f,v_p,bar_u,age",bar_u,age
152884,44,0.1529654848252595,0.1529654848252595,010110,100001,"v_f,v_p,bar_a,bar_u,age",bar_u,age
153073,44,0.1529654848252595,0.1529654848252595,010010,100001,"v_f,v_p,bar_u,age",bar_u,age
153262,44,0.14720725637566012,0.14720725637566012,010010,100001,"v_f,v_p,bar_u,age",bar_u,age
153451,44,0.14144546066871255,0.14144546066871255,010010,100001,"v_f,v_p,bar_u,age",bar_u,age
153640,44,0.13568009744877063,0.13568009744877063,010010,100001,"v_f,v_p,bar_u,age",bar_u,age
153829,44,0.12800146246843025,0.12800146246843025,010010,100001,"v_f,v_p,bar_u,age",bar_u,age
154018,44,0.11758377749570226,0.11758377749570226,010010,100001,"v_f,v_p,bar_u,age",bar_u,age
155152,46,0.1529654848252595,0.1529654848252595,000110,100001,"v_f,bar_a,bar_u,age",bar_u,age
155341,46,0.1529654848252595,0.1529654848252595,000010,100001,"v_f,bar_u,age",bar_u,age
155530,46,0.14720725637566012,0.14720725637566012,000010,100001,"v_f,bar_u,age",bar_u,age
155719,46,0.14144546066871255,0.14144546066871255,000010,100001,"v_f,bar_u,age",bar_u,age
155908,46,0.13568009744877063,0.13568009744877063,000010,100001,"v_f,bar_u,age",bar_u,age
156097,46,0.1299111664608854,0.1299111664608854,000010,100001,"v_f,bar_u,age",bar_u,age
156286,46,0.1241386674508318,0.1241386674508318,000010,100001,"v_f,bar_u,age",bar_u,age
156475,92,0.0011225539490505865,0.0011225539490505865,000010,100001,"v_f,bar_u,age",bar_u,age
157420,44,0.1529654848252595,0.1529654848252595,000110,100001,"v_f,bar_a,bar_u,age",bar_u,age
157609,44,0.1529654848252595,0.1529654848252595,000010,100001,"v_f,bar_u,age",bar_u,age
157798,44,0.14720725637566012,0.14720725637566012,000010,100001,"v_f,bar_u,age",bar_u,age
157987,44,0.14144546066871255,0.14144546066871255,000010,100001,"v_f,bar_u,age",bar_u,age
158176,44,0.13568009744877063,0.13568009744877063,000010,100001,"v_f,bar_u,age",bar_u,age
158365,44,0.1299111664608854,0.1299111664608854,000010,100001,"v_f,bar_u,age",bar_u,age
158554,44,0.1241386674508318,0.1241386674508318,000010,100001,"v_f,bar_u,age",bar_u,age
159688,46,0.1529654848252595,0.1529654848252595,000110,100001,"v_f,bar_a,bar_u,age",bar_u,age
159877,46,0.1529654848252595,0.1529654848252595,000010,100001,"v_f,bar_u,age",bar_u,age
160066,46,0.14720725637566012,0.14720725637566012,000010,100001,"v_f,bar_u,age",bar_u,age
160255,46,0.14144546066871255,0.14144546066871255,000010,100001,"v_f,bar_u,age",bar_u,age
160444,46,0.13568009744877063,0.13568009744877063,000010,100001,"v_f,bar_u,age",bar_u,age
160633,46,0.1299111664608854,0.1299111664608854,000010,100001,"v_f,bar_u,age",bar_u,age
160822,46,0.1241386674508318,0.1241386674508318,000010,100001,"v_f,bar_u,age",bar_u,age
161956,44,0.1529654848252595,0.1529654848252595,000110,100001,"v_f,bar_a,bar_u,age",bar_u,age
162145,44,0.1529654848252595,0.1529654848252595,000010,100001,"v_f,bar_u,age",bar_u,age
162334,44,0.14720725637566012,0.14720725637566012,000010,100001,"v_f,bar_u,age",bar_u,age
162523,44,0.14144546066871255,0.14144546066871255,000010,100001,"v_f,bar_u,age",bar_u,age
162712,44,0.13568009744877063,0.13568009744877063,000010,100001,"v_f,bar_u,age",bar_u,age
162901,44,0.12800146246843025,0.12800146246843025,000010,100001,"v_f,bar_u,age",bar_u,age
163090,44,0.11758377749570226,0.11758377749570226,000010,100001,"v_f,bar_u,age",bar_u,age
164224,46,0.11883101597988777,0.11883101597988777,110110,100001,"v_p,bar_a,bar_u,age",bar_u,age
164413,46,0.11883101597988777,0.11883101597988777,110010,100001,"v_p,bar_u,age",bar_u,age
164602,46,0.10153110599630688,0.10153110599630688,110010,100001,"v_p,bar_u,age",bar_u,age
164791,46,0.08421981711048998,0.08421981711048998,110010,100001,"v_p,bar_u,age",bar_u,age
164980,46,0.06689714916781808,0.06689714916781808,110010,100001,"v_p,bar_u,age",bar_u,age
165169,46,0.049563102014474225,0.049563102014474225,110010,100001,"v_p,bar_u,age",bar_u,age
165358,46,0.03221767549743548,0.03221767549743548,110010,100001,"v_p,bar_u,age",bar_u,age
166492,44,0.10858008707601208,0.10858008707601208,110110,100001,"v_p,bar_a,bar_u,age",bar_u,age
166681,44,0.10858008707601208,0.10858008707601208,110010,100001,"v_p,bar_u,age",bar_u,age
166870,44,0.09128017709243119,0.09128017709243119,110010,100001,"v_p,bar_u,age",bar_u,age
167059,44,0.07396888820661429,0.07396888820661429,110010,100001,"v_p,bar_u,age",bar_u,age
167248,44,0.05664622026394239,0.05664622026394239,110010,100001,"v_p,bar_u,age",bar_u,age
167437,44,0.039312173110598536,0.039312173110598536,110010,100001,"v_p,bar_u,age",bar_u,age
167626,44,0.021966746593559794,0.021966746593559794,110010,100001,"v_p,bar_u,age",bar_u,age
168760,46,0.09832915817213639,0.09832915817213639,110110,100001,"v_p,bar_a,bar_u,age",bar_u,age
168949,46,0.09832915817213639,0.09832915817213639,110010,100001,"v_p,bar_u,age",bar_u,age
169138,46,0.0810292481885555,0.0810292481885555,110010,100001,"v_p,bar_u,age",bar_u,age
169327,46,0.0637179593027386,0.0637179593027386,110010,100001,"v_p,bar_u,age",bar_u,age
169516,46,0.046395291360066704,0.046395291360066704,110010,100001,"v_p,bar_u,age",bar_u,age
169705,46,0.029061244206722847,0.029061244206722847,110010,100001,"v_p,bar_u,age",bar_u,age
169894,46,0.011715817689684105,0.011715817689684105,110010,100001,"v_p,bar_u,age",bar_u,age
171028,44,0.0880782292682607,0.0880782292682607,110110,100001,"v_p,bar_a,bar_u,age",bar_u,age
171217,44,0.0880782292682607,0.0880782292682607,110010,100001,"v_p,bar_u,age",bar_u,age
171406,44,0.07077831928467981,0.07077831928467981,110010,100001,"v_p,bar_u,age",bar_u,age
171595,44,0.053467030398862914,0.053467030398862914,110010,100001,"v_p,bar_u,age",bar_u,age
171784,44,0.036144362456191015,0.036144362456191015,110010,100001,"v_p,bar_u,age",bar_u,age
171973,44,0.018810315302847158,0.018810315302847158,110010,100001,"v_p,bar_u,age",bar_u,age
172162,44,0.0014648887858084159,0.0014648887858084159,110010,100001,"v_p,bar_u,age",bar_u,age
173296,46,0.11883101597988777,0.11883101597988777,100110,100001,"bar_a,bar_u,age",bar_u,age
173485,46,0.11883101597988777,0.11883101597988777,100010,100001,"bar_u,age",bar_u,age
173674,46,0.10153110599630688,0.10153110599630688,100010,100001,"bar_u,age",bar_u,age
173863,46,0.08421981711048998,0.08421981711048998,100010,100001,"bar_u,age",bar_u,age
174052,46,0.06689714916781808,0.06689714916781808,100010,100001,"bar_u,age",bar_u,age
174241,46,0.049563102014474225,0.049563102014474225,100010,100001,"bar_u,age",bar_u,age
174430,46,0.03221767549743548,0.03221767549743548,100010,100001,"bar_u,age",bar_u,age
175564,44,0.10858008707601208,0.10858008707601208,100110,100001,"bar_a,bar_u,age",bar_u,age
175753,44,0.10858008707601208,0.10858008707601208,100010,100001,"bar_u,age",bar_u,age
175942,44,0.09128017709243119,0.09128017709243119,100010,100001,"bar_u,age",bar_u,age
176131,44,0.07396888820661429,0.07396888820661429,100010,100001,"bar_u,age",bar_u,age
176320,44,0.05664622026394239,0.05664622026394239,100010,100001,"bar_u,age",bar_u,age
176509,44,0.039312173110598536,0.039312173110598536,100010,100001,"bar_u,age",bar_u,age
176698,44,0.021966746593559794,0.021966746593559794,100010,100001,"bar_u,age",bar_u,age
177832,46,0.09832915817213639,0.09832915817213639,100110,100001,"bar_a,bar_u,age",bar_u,age
178021,46,0.09832915817213639,0.09832915817213639,100010,100001,"bar_u,age",bar_u,age
178210,46,0.0810292481885555,0.0810292481885555,100010,100001,"bar_u,age",bar_u,age
178399,46,0.0637179593027386,0.0637179593027386,100010,100001,"bar_u,age",bar_u,age
178588,46,0.046395291360066704,0.046395291360066704,100010,100001,"bar_u,age",bar_u,age
178777,46,0.029061244206722847,0.029061244206722847,100010,100001,"bar_u,age",bar_u,age
178966,46,0.011715817689684105,0.011715817689684105,100010,100001,"bar_u,age",bar_u,age
180100,44,0.0880782292682607,0.0880782292682607,100110,100001,"bar_a,bar_u,age",bar_u,age
180289,44,0.0880782292682607,0.0880782292682607,100010,100001,"bar_u,age",bar_u,age
180478,44,0.07077831928467981,0.07077831928467981,100010,100001,"bar_u,age",bar_u,age
180667,44,0.053467030398862914,0.053467030398862914,100010,100001,"bar_u,age",bar_u,age
180856,44,0.036144362456191015,0.036144362456191015,100010,100001,"bar_u,age",bar_u,age
181045,44,0.018810315302847158,0.018810315302847158,100010,100001,"bar_u,age",bar_u,age
181234,44,0.0014648887858084159,0.0014648887858084159,100010,100001,"bar_u,age",bar_u,age
291232,46,0.11883101597988777,0.11883101597988777,010110,100001,"v_f,v_p,bar_a,bar_u,age",bar_u,age
291421,46,0.11883101597988777,0.11883101597988777,010010,100001,"v_f,v_p,bar_u,age",bar_u,age
291610,46,0.10153110599630688,0.10153110599630688,010010,100001,"v_f,v_p,bar_u,age",bar_u,age
291799,46,0.08421981711048998,0.08421981711048998,010010,100001,"v_f,v_p,bar_u,age",bar_u,age
291988,46,0.06689714916781808,0.06689714916781808,010010,100001,"v_f,v_p,bar_u,age",bar_u,age
292177,46,0.049563102014474225,0.049563102014474225,010010,100001,"v_f,v_p,bar_u,age",bar_u,age
292366,46,0.03221767549743548,0.03221767549743548,010010,100001,"v_f,v_p,bar_u,age",bar_u,age
293500,44,0.10858008707601208,0.10858008707601208,010110,100001,"v_f,v_p,bar_a,bar_u,age",bar_u,age
293689,44,0.10858008707601208,0.10858008707601208,010010,100001,"v_f,v_p,bar_u,age",bar_u,age
293878,44,0.09128017709243119,0.09128017709243119,010010,100001,"v_f,v_p,bar_u,age",bar_u,age
294067,44,0.07396888820661429,0.07396888820661429,010010,100001,"v_f,v_p,bar_u,age",bar_u,age
294256,44,0.05664622026394239,0.05664622026394239,010010,100001,"v_f,v_p,bar_u,age",bar_u,age
294445,44,0.039312173110598536,0.039312173110598536,010010,100001,"v_f,v_p,bar_u,age",bar_u,age
294634,44,0.021966746593559794,0.021966746593559794,010010,100001,"v_f,v_p,bar_u,age",bar_u,age
295768,46,0.09832915817213639,0.09832915817213639,010110,100001,"v_f,v_p,bar_a,bar_u,age",bar_u,age
295957,46,0.09832915817213639,0.09832915817213639,010010,100001,"v_f,v_p,bar_u,age",bar_u,age
296146,46,0.0810292481885555,0.0810292481885555,010010,100001,"v_f,v_p,bar_u,age",bar_u,age
296335,46,0.0637179593027386,0.0637179593027386,010010,100001,"v_f,v_p,bar_u,age",bar_u,age
296524,46,0.046395291360066704,0.046395291360066704,010010,100001,"v_f,v_p,bar_u,age",bar_u,age
296713,46,0.029061244206722847,0.029061244206722847,010010,100001,"v_f,v_p,bar_u,age",bar_u,age
296902,46,0.011715817689684105,0.011715817689684105,010010,100001,"v_f,v_p,bar_u,age",bar_u,age
298036,44,0.0880782292682607,0.0880782292682607,010110,100001,"v_f,v_p,bar_a,bar_u,age",bar_u,age
298225,44,0.0880782292682607,0.0880782292682607,010010,100001,"v_f,v_p,bar_u,age",bar_u,age
298414,44,0.07077831928467981,0.07077831928467981,010010,100001,"v_f,v_p,bar_u,age",bar_u,age
298603,44,0.053467030398862914,0.053467030398862914,010010,100001,"v_f,v_p,bar_u,age",bar_u,age
298792,44,0.036144362456191015,0.036144362456191015,010010,100001,"v_f,v_p,bar_u,age",bar_u,age
298981,44,0.018810315302847158,0.018810315302847158,010010,100001,"v_f,v_p,bar_u,age",bar_u,age
299170,44,0.0014648887858084159,0.0014648887858084159,010010,100001,"v_f,v_p,bar_u,age",bar_u,age
300304,46,0.11883101597988777,0.11883101597988777,000110,100001,"v_f,bar_a,bar_u,age",bar_u,age
300493,46,0.11883101597988777,0.11883101597988777,000010,100001,"v_f,bar_u,age",bar_u,age
300682,46,0.10153110599630688,0.10153110599630688,000010,100001,"v_f,bar_u,age",bar_u,age
300871,46,0.08421981711048998,0.08421981711048998,000010,100001,"v_f,bar_u,age",bar_u,age
301060,46,0.06689714916781808,0.06689714916781808,000010,100001,"v_f,bar_u,age",bar_u,age
301249,46,0.049563102014474225,0.049563102014474225,000010,100001,"v_f,bar_u,age",bar_u,age
301438,46,0.03221767549743548,0.03221767549743548,000010,100001,"v_f,bar_u,age",bar_u,age
302572,44,0.10858008707601208,0.10858008707601208,000110,100001,"v_f,bar_a,bar_u,age",bar_u,age
302761,44,0.10858008707601208,0.10858008707601208,000010,100001,"v_f,bar_u,age",bar_u,age
302950,44,0.09128017709243119,0.09128017709243119,000010,100001,"v_f,bar_u,age",bar_u,age
303139,44,0.07396888820661429,0.07396888820661429,000010,100001,"v_f,bar_u,age",bar_u,age
303328,44,0.05664622026394239,0.05664622026394239,000010,100001,"v_f,bar_u,age",bar_u,age
303517,44,0.039312173110598536,0.039312173110598536,000010,100001,"v_f,bar_u,age",bar_u,age
303706,44,0.021966746593559794,0.021966746593559794,000010,100001,"v_f,bar_u,age",bar_u,age
304840,46,0.09832915817213639,0.09832915817213639,000110,100001,"v_f,bar_a,bar_u,age",bar_u,age
305029,46,0.09832915817213639,0.09832915817213639,000010,100001,"v_f,bar_u,age",bar_u,age
305218,46,0.0810292481885555,0.0810292481885555,000010,100001,"v_f,bar_u,age",bar_u,age
305407,46,0.0637179593027386,0.0637179593027386,000010,100001,"v_f,bar_u,age",bar_u,age
305596,46,0.046395291360066704,0.046395291360066704,000010,100001,"v_f,bar_u,age",bar_u,age
305785,46,0.029061244206722847,0.029061244206722847,000010,100001,"v_f,bar_u,age",bar_u,age
305974,46,0.011715817689684105,0.011715817689684105,000010,100001,"v_f,bar_u,age",bar_u,age
307108,44,0.0880782292682607,0.0880782292682607,000110,100001,"v_f,bar_a,bar_u,age",bar_u,age
307297,44,0.0880782292682607,0.0880782292682607,000010,100001,"v_f,bar_u,age",bar_u,age
307486,44,0.07077831928467981,0.07077831928467981,000010,100001,"v_f,bar_u,age",bar_u,age
307675,44,0.053467030398862914,0.053467030398862914,000010,100001,"v_f,bar_u,age",bar_u,age
307864,44,0.036144362456191015,0.036144362456191015,000010,100001,"v_f,bar_u,age",bar_u,age
308053,44,0.018810315302847158,0.018810315302847158,000010,100001,"v_f,bar_u,age",bar_u,age
308242,44,0.0014648887858084159,0.0014648887858084159,000010,100001,"v_f,bar_u,age",bar_u,age
309376,46,0.03735470017599685,0.03735470017599685,110110,100001,"v_p,bar_a,bar_u,age",bar_u,age
309565,46,0.03735470017599685,0.03735470017599685,110010,100001,"v_p,bar_u,age",bar_u,age
309754,46,0.013129035503119724,0.013129035503119724,110010,100001,"v_p,bar_u,age",bar_u,age
311644,44,0.027103771272121158,0.027103771272121158,110110,100001,"v_p,bar_a,bar_u,age",bar_u,age
311833,44,0.027103771272121158,0.027103771272121158,110010,100001,"v_p,bar_u,age",bar_u,age
312022,44,0.0028781065992440347,0.0028781065992440347,110010,100001,"v_p,bar_u,age",bar_u,age
313912,46,0.01685284236824547,0.01685284236824547,110110,100001,"v_p,bar_a,bar_u,age",bar_u,age
314101,46,0.01685284236824547,0.01685284236824547,110010,100001,"v_p,bar_u,age",bar_u,age
316180,44,0.00660191346436978,0.00660191346436978,110110,100001,"v_p,bar_a,bar_u,age",bar_u,age
316369,44,0.00660191346436978,0.00660191346436978,110010,100001,"v_p,bar_u,age",bar_u,age
318448,46,0.03735470017599685,0.03735470017599685,100110,100001,"bar_a,bar_u,age",bar_u,age
318637,46,0.03735470017599685,0.03735470017599685,100010,100001,"bar_u,age",bar_u,age
318826,46,0.013129035503119724,0.013129035503119724,100010,100001,"bar_u,age",bar_u,age
320716,44,0.027103771272121158,0.027103771272121158,100110,100001,"bar_a,bar_u,age",bar_u,age
320905,44,0.027103771272121158,0.027103771272121158,100010,100001,"bar_u,age",bar_u,age
321094,44,0.0028781065992440347,0.0028781065992440347,100010,100001,"bar_u,age",bar_u,age
322984,46,0.01685284236824547,0.01685284236824547,100110,100001,"bar_a,bar_u,age",bar_u,age
323173,46,0.01685284236824547,0.01685284236824547,100010,100001,"bar_u,age",bar_u,age
325252,44,0.00660191346436978,0.00660191346436978,100110,100001,"bar_a,bar_u,age",bar_u,age
325441,44,0.00660191346436978,0.00660191346436978,100010,100001,"bar_u,age",bar_u,age
436384,46,0.03735470017599685,0.03735470017599685,010110,100001,"v_f,v_p,bar_a,bar_u,age",bar_u,age
436573,46,0.03735470017599685,0.03735470017599685,010010,100001,"v_f,v_p,bar_u,age",bar_u,age
436762,46,0.013129035503119724,0.013129035503119724,010010,100001,"v_f,v_p,bar_u,age",bar_u,age
438652,44,0.027103771272121158,0.027103771272121158,010110,100001,"v_f,v_p,bar_a,bar_u,age",bar_u,age
438841,44,0.027103771272121158,0.027103771272121158,010010,100001,"v_f,v_p,bar_u,age",bar_u,age
439030,44,0.0028781065992440347,0.0028781065992440347,010010,100001,"v_f,v_p,bar_u,age",bar_u,age
440920,46,0.01685284236824547,0.01685284236824547,010110,100001,"v_f,v_p,bar_a,bar_u,age",bar_u,age
441109,46,0.01685284236824547,0.01685284236824547,010010,100001,"v_f,v_p,bar_u,age",bar_u,age
443188,44,0.00660191346436978,0.00660191346436978,010110,100001,"v_f,v_p,bar_a,bar_u,age",bar_u,age
443377,44,0.00660191346436978,0.00660191346436978,010010,100001,"v_f,v_p,bar_u,age",bar_u,age
445456,46,0.03735470017599685,0.03735470017599685,000110,100001,"v_f,bar_a,bar_u,age",bar_u,age
445645,46,0.03735470017599685,0.03735470017599685,000010,100001,"v_f,bar_u,age",bar_u,age
445834,46,0.013129035503119724,0.013129035503119724,000010,100001,"v_f,bar_u,age",bar_u,age
447724,44,0.027103771272121158,0.027103771272121158,000110,100001,"v_f,bar_a,bar_u,age",bar_u,age
447913,44,0.027103771272121158,0.027103771272121158,000010,100001,"v_f,bar_u,age",bar_u,age
448102,44,0.0028781065992440347,0.0028781065992440347,000010,100001,"v_f,bar_u,age",bar_u,age
449992,46,0.01685284236824547,0.01685284236824547,000110,100001,"v_f,bar_a,bar_u,age",bar_u,age
450181,46,0.01685284236824547,0.01685284236824547,000010,100001,"v_f,bar_u,age",bar_u,age
452260,44,0.00660191346436978,0.00660191346436978,000110,100001,"v_f,bar_a,bar_u,age",bar_u,age
452449,44,0.00660191346436978,0.00660191346436978,000010,100001,"v_f,bar_u,age",bar_u,age
463600,46,0.20676080345072378,0.20676080345072378,110110,100001,"v_p,bar_a,bar_u,age",bar_u,age
463789,46,0.20676080345072378,0.20676080345072378,110010,100001,"v_p,bar_u,age",bar_u,age
463978,46,0.17214276464288414,0.17214276464288414,110010,100001,"v_p,bar_u,age",bar_u,age
464167,46,0.1375133246496465,0.1375133246496465,110010,100001,"v_p,bar_u,age",bar_u,age
464356,46,0.10287248347015288,0.10287248347015288,110010,100001,"v_p,bar_u,age",bar_u,age
464545,46,0.06822024110350844,0.06822024110350844,110010,100001,"v_p,bar_u,age",bar_u,age
464734,46,0.03355659754882989,0.03355659754882989,110010,100001,"v_p,bar_u,age",bar_u,age
465868,44,0.1965098745468481,0.1965098745468481,110110,100001,"v_p,bar_a,bar_u,age",bar_u,age
466057,44,0.1965098745468481,0.1965098745468481,110010,100001,"v_p,bar_u,age",bar_u,age
466246,44,0.16189183573900845,0.16189183573900845,110010,100001,"v_p,bar_u,age",bar_u,age
466435,44,0.1272623957457708,0.1272623957457708,110010,100001,"v_p,bar_u,age",bar_u,age
466624,44,0.09262155456627719,0.09262155456627719,110010,100001,"v_p,bar_u,age",bar_u,age
466813,44,0.05796931219963275,0.05796931219963275,110010,100001,"v_p,bar_u,age",bar_u,age
467002,44,0.023305668644954203,0.023305668644954203,110010,100001,"v_p,bar_u,age",bar_u,age
468136,46,0.1862589456429724,0.1862589456429724,110110,100001,"v_p,bar_a,bar_u,age",bar_u,age
468325,46,0.1862589456429724,0.1862589456429724,110010,100001,"v_p,bar_u,age",bar_u,age
468514,46,0.15164090683513276,0.15164090683513276,110010,100001,"v_p,bar_u,age",bar_u,age
468703,46,0.11701146684189512,0.11701146684189512,110010,100001,"v_p,bar_u,age",bar_u,age
468892,46,0.0823706256624015,0.0823706256624015,110010,100001,"v_p,bar_u,age",bar_u,age
469081,46,0.04771838329575706,0.04771838329575706,110010,100001,"v_p,bar_u,age",bar_u,age
469270,46,0.013054739741078514,0.013054739741078514,110010,100001,"v_p,bar_u,age",bar_u,age
470404,44,0.17600801673909672,0.17600801673909672,110110,100001,"v_p,bar_a,bar_u,age",bar_u,age
470593,44,0.17600801673909672,0.17600801673909672,110010,100001,"v_p,bar_u,age",bar_u,age
470782,44,0.14138997793125707,0.14138997793125707,110010,100001,"v_p,bar_u,age",bar_u,age
470971,44,0.10676053793801943,0.10676053793801943,110010,100001,"v_p,bar_u,age",bar_u,age
471160,44,0.07211969675852581,0.07211969675852581,110010,100001,"v_p,bar_u,age",bar_u,age
471349,44,0.03746745439188137,0.03746745439188137,110010,100001,"v_p,bar_u,age",bar_u,age
471538,44,0.0028038108372028248,0.0028038108372028248,110010,100001,"v_p,bar_u,age",bar_u,age
472672,46,0.20676080345072378,0.20676080345072378,100110,100001,"bar_a,bar_u,age",bar_u,age
472861,46,0.20676080345072378,0.20676080345072378,100010,100001,"bar_u,age",bar_u,age
473050,46,0.17214276464288414,0.17214276464288414,100010,100001,"bar_u,age",bar_u,age
473239,46,0.1375133246496465,0.1375133246496465,100010,100001,"bar_u,age",bar_u,age
473428,46,0.10287248347015288,0.10287248347015288,100010,100001,"bar_u,age",bar_u,age
473617,46,0.06822024110350844,0.06822024110350844,100010,100001,"bar_u,age",bar_u,age
473806,46,0.03355659754882989,0.03355659754882989,100010,100001,"bar_u,age",bar_u,age
474940,44,0.1965098745468481,0.1965098745468481,100110,100001,"bar_a,bar_u,age",bar_u,age
475129,44,0.1965098745468481,0.1965098745468481,100010,100001,"bar_u,age",bar_u,age
475318,44,0.16189183573900845,0.16189183573900845,100010,100001,"bar_u,age",bar_u,age
475507,44,0.1272623957457708,0.1272623957457708,100010,100001,"bar_u,age",bar_u,age
475696,44,0.09262155456627719,0.09262155456627719,100010,100001,"bar_u,age",bar_u,age
475885,44,0.05796931219963275,0.05796931219963275,100010,100001,"bar_u,age",bar_u,age
476074,44,0.023305668644954203,0.023305668644954203,100010,100001,"bar_u,age",bar_u,age
477208,46,0.1862589456429724,0.1862589456429724,100110,100001,"bar_a,bar_u,age",bar_u,age
477397,46,0.1862589456429724,0.1862589456429724,100010,100001,"bar_u,age",bar_u,age
477586,46,0.15164090683513276,0.15164090683513276,100010,100001,"bar_u,age",bar_u,age
477775,46,0.11701146684189512,0.11701146684189512,100010,100001,"bar_u,age",bar_u,age
477964,46,0.0823706256624015,0.0823706256624015,100010,100001,"bar_u,age",bar_u,age
478153,46,0.04771838329575706,0.04771838329575706,100010,100001,"bar_u,age",bar_u,age
478342,46,0.013054739741078514,0.013054739741078514,100010,100001,"bar_u,age",bar_u,age
479476,44,0.17600801673909672,0.17600801673909672,100110,100001,"bar_a,bar_u,age",bar_u,age
479665,44,0.17600801673909672,0.17600801673909672,100010,100001,"bar_u,age",bar_u,age
479854,44,0.14138997793125707,0.14138997793125707,100010,100001,"bar_u,age",bar_u,age
480043,44,0.10676053793801943,0.10676053793801943,100010,100001,"bar_u,age",bar_u,age
480232,44,0.07211969675852581,0.07211969675852581,100010,100001,"bar_u,age",bar_u,age
480421,44,0.03746745439188137,0.03746745439188137,100010,100001,"bar_u,age",bar_u,age
480610,44,0.0028038108372028248,0.0028038108372028248,100010,100001,"bar_u,age",bar_u,age
590608,46,0.20676080345072378,0.20676080345072378,010110,100001,"v_f,v_p,bar_a,bar_u,age",bar_u,age
590797,46,0.20676080345072378,0.20676080345072378,010010,100001,"v_f,v_p,bar_u,age",bar_u,age
590986,46,0.17214276464288414,0.17214276464288414,010010,100001,"v_f,v_p,bar_u,age",bar_u,age
591175,46,0.1375133246496465,0.1375133246496465,010010,100001,"v_f,v_p,bar_u,age",bar_u,age
591364,46,0.10287248347015288,0.10287248347015288,010010,100001,"v_f,v_p,bar_u,age",bar_u,age
591553,46,0.06822024110350844,0.06822024110350844,010010,100001,"v_f,v_p,bar_u,age",bar_u,age
591742,46,0.03355659754882989,0.03355659754882989,010010,100001,"v_f,v_p,bar_u,age",bar_u,age
592876,44,0.1965098745468481,0.1965098745468481,010110,100001,"v_f,v_p,bar_a,bar_u,age",bar_u,age
593065,44,0.1965098745468481,0.1965098745468481,010010,100001,"v_f,v_p,bar_u,age",bar_u,age
593254,44,0.16189183573900845,0.16189183573900845,010010,100001,"v_f,v_p,bar_u,age",bar_u,age
593443,44,0.1272623957457708,0.1272623957457708,010010,100001,"v_f,v_p,bar_u,age",bar_u,age
593632,44,0.09262155456627719,0.09262155456627719,010010,100001,"v_f,v_p,bar_u,age",bar_u,age
593821,44,0.05796931219963275,0.05796931219963275,010010,100001,"v_f,v_p,bar_u,age",bar_u,age
594010,44,0.023305668644954203,0.023305668644954203,010010,100001,"v_f,v_p,bar_u,age",bar_u,age
595144,46,0.1862589456429724,0.1862589456429724,010110,100001,"v_f,v_p,bar_a,bar_u,age",bar_u,age
595333,46,0.1862589456429724,0.1862589456429724,010010,100001,"v_f,v_p,bar_u,age",bar_u,age
595522,46,0.15164090683513276,0.15164090683513276,010010,100001,"v_f,v_p,bar_u,age",bar_u,age
595711,46,0.11701146684189512,0.11701146684189512,010010,100001,"v_f,v_p,bar_u,age",bar_u,age
595900,46,0.0823706256624015,0.0823706256624015,010010,100001,"v_f,v_p,bar_u,age",bar_u,age
596089,46,0.04771838329575706,0.04771838329575706,010010,100001,"v_f,v_p,bar_u,age",bar_u,age
596278,46,0.013054739741078514,0.013054739741078514,010010,100001,"v_f,v_p,bar_u,age",bar_u,age
597412,44,0.17600801673909672,0.17600801673909672,010110,100001,"v_f,v_p,bar_a,bar_u,age",bar_u,age
597601,44,0.17600801673909672,0.17600801673909672,010010,100001,"v_f,v_p,bar_u,age",bar_u,age
597790,44,0.14138997793125707,0.14138997793125707,010010,100001,"v_f,v_p,bar_u,age",bar_u,age
597979,44,0.10676053793801943,0.10676053793801943,010010,100001,"v_f,v_p,bar_u,age",bar_u,age
598168,44,0.07211969675852581,0.07211969675852581,010010,100001,"v_f,v_p,bar_u,age",bar_u,age
598357,44,0.03746745439188137,0.03746745439188137,010010,100001,"v_f,v_p,bar_u,age",bar_u,age
598546,44,0.0028038108372028248,0.0028038108372028248,010010,100001,"v_f,v_p,bar_u,age",bar_u,age
599680,46,0.20676080345072378,0.20676080345072378,000110,100001,"v_f,bar_a,bar_u,age",bar_u,age
599869,46,0.20676080345072378,0.20676080345072378,000010,100001,"v_f,bar_u,age",bar_u,age
600058,46,0.17214276464288414,0.17214276464288414,000010,100001,"v_f,bar_u,age",bar_u,age
600247,46,0.1375133246496465,0.1375133246496465,000010,100001,"v_f,bar_u,age",bar_u,age
600436,46,0.10287248347015288,0.10287248347015288,000010,100001,"v_f,bar_u,age",bar_u,age
600625,46,0.06822024110350844,0.06822024110350844,000010,100001,"v_f,bar_u,age",bar_u,age
600814,46,0.03355659754882989,0.03355659754882989,000010,100001,"v_f,bar_u,age",bar_u,age
601948,44,0.1965098745468481,0.1965098745468481,000110,100001,"v_f,bar_a,bar_u,age",bar_u,age
602137,44,0.1965098745468481,0.1965098745468481,000010,100001,"v_f,bar_u,age",bar_u,age
602326,44,0.16189183573900845,0.16189183573900845,000010,100001,"v_f,bar_u,age",bar_u,age
602515,44,0.1272623957457708,0.1272623957457708,000010,100001,"v_f,bar_u,age",bar_u,age
602704,44,0.09262155456627719,0.09262155456627719,000010,100001,"v_f,bar_u,age",bar_u,age
602893,44,0.05796931219963275,0.05796931219963275,000010,100001,"v_f,bar_u,age",bar_u,age
603082,44,0.023305668644954203,0.023305668644954203,000010,100001,"v_f,bar_u,age",bar_u,age
604216,46,0.1862589456429724,0.1862589456429724,000110,100001,"v_f,bar_a,bar_u,age",bar_u,age
604405,46,0.1862589456429724,0.1862589456429724,000010,100001,"v_f,bar_u,age",bar_u,age
604594,46,0.15164090683513276,0.15164090683513276,000010,100001,"v_f,bar_u,age",bar_u,age
604783,46,0.11701146684189512,0.11701146684189512,000010,100001,"v_f,bar_u,age",bar_u,age
604972,46,0.0823706256624015,0.0823706256624015,000010,100001,"v_f,bar_u,age",bar_u,age
605161,46,0.04771838329575706,0.04771838329575706,000010,100001,"v_f,bar_u,age",bar_u,age
605350,46,0.013054739741078514,0.013054739741078514,000010,100001,"v_f,bar_u,age",bar_u,age
606484,44,0.17600801673909672,0.17600801673909672,000110,100001,"v_f,bar_a,bar_u,age",bar_u,age
606673,44,0.17600801673909672,0.17600801673909672,000010,100001,"v_f,bar_u,age",bar_u,age
606862,44,0.14138997793125707,0.14138997793125707,000010,100001,"v_f,bar_u,age",bar_u,age
607051,44,0.10676053793801943,0.10676053793801943,000010,100001,"v_f,bar_u,age",bar_u,age
607240,44,0.07211969675852581,0.07211969675852581,000010,100001,"v_f,bar_u,age",bar_u,age
607429,44,0.03746745439188137,0.03746745439188137,000010,100001,"v_f,bar_u,age",bar_u,age
607618,44,0.0028038108372028248,0.0028038108372028248,000010,100001,"v_f,bar_u,age",bar_u,age
608752,46,0.12528529023142454,0.12528529023142454,110110,100001,"v_p,bar_a,bar_u,age",bar_u,age
608941,46,0.12528529023142454,0.12528529023142454,110010,100001,"v_p,bar_u,age",bar_u,age
609130,46,0.08374169318201474,0.08374169318201474,110010,100001,"v_p,bar_u,age",bar_u,age
609319,46,0.04218669483541859,0.04218669483541859,110010,100001,"v_p,bar_u,age",bar_u,age
609508,46,0.000620295191522402,0.000620295191522402,110010,100001,"v_p,bar_u,age",bar_u,age
611020,44,0.11503436132754885,0.11503436132754885,110110,100001,"v_p,bar_a,bar_u,age",bar_u,age
611209,44,0.11503436132754885,0.11503436132754885,110010,100001,"v_p,bar_u,age",bar_u,age
611398,44,0.07349076427813905,0.07349076427813905,110010,100001,"v_p,bar_u,age",bar_u,age
611587,44,0.0319357659315429,0.0319357659315429,110010,100001,"v_p,bar_u,age",bar_u,age
613288,46,0.10478343242367316,0.10478343242367316,110110,100001,"v_p,bar_a,bar_u,age",bar_u,age
613477,46,0.10478343242367316,0.10478343242367316,110010,100001,"v_p,bar_u,age",bar_u,age
613666,46,0.06323983537426336,0.06323983537426336,110010,100001,"v_p,bar_u,age",bar_u,age
613855,46,0.021684837027667214,0.021684837027667214,110010,100001,"v_p,bar_u,age",bar_u,age
615556,44,0.09453250351979747,0.09453250351979747,110110,100001,"v_p,bar_a,bar_u,age",bar_u,age
615745,44,0.09453250351979747,0.09453250351979747,110010,100001,"v_p,bar_u,age",bar_u,age
615934,44,0.052988906470387676,0.052988906470387676,110010,100001,"v_p,bar_u,age",bar_u,age
616123,44,0.011433908123791525,0.011433908123791525,110010,100001,"v_p,bar_u,age",bar_u,age
617824,23,0.12528529023142454,0.12528529023142454,100110,100001,"bar_a,bar_u,age",bar_u,age
618013,23,0.12528529023142454,0.12528529023142454,100010,100001,"bar_u,age",bar_u,age
618202,23,0.08374169318201474,0.08374169318201474,100010,100001,"bar_u,age",bar_u,age
618391,23,0.04218669483541859,0.04218669483541859,100010,100001,"bar_u,age",bar_u,age
618580,23,0.000620295191522402,0.000620295191522402,100010,100001,"bar_u,age",bar_u,age
620092,22,0.11503436132754885,0.11503436132754885,100110,100001,"bar_a,bar_u,age",bar_u,age
620281,22,0.11503436132754885,0.11503436132754885,100010,100001,"bar_u,age",bar_u,age
620470,22,0.07349076427813905,0.07349076427813905,100010,100001,"bar_u,age",bar_u,age
620659,22,0.0319357659315429,0.0319357659315429,100010,100001,"bar_u,age",bar_u,age
622360,23,0.10478343242367316,0.10478343242367316,100110,100001,"bar_a,bar_u,age",bar_u,age
622549,23,0.10478343242367316,0.10478343242367316,100010,100001,"bar_u,age",bar_u,age
622738,23,0.06323983537426336,0.06323983537426336,100010,100001,"bar_u,age",bar_u,age
622927,23,0.021684837027667214,0.021684837027667214,100010,100001,"bar_u,age",bar_u,age
624628,22,0.09453250351979747,0.09453250351979747,100110,100001,"bar_a,bar_u,age",bar_u,age
624817,22,0.09453250351979747,0.09453250351979747,100010,100001,"bar_u,age",bar_u,age
625006,22,0.052988906470387676,0.052988906470387676,100010,100001,"bar_u,age",bar_u,age
625195,22,0.011433908123791525,0.011433908123791525,100010,100001,"bar_u,age",bar_u,age
735760,46,0.12528529023142454,0.12528529023142454,010110,100001,"v_f,v_p,bar_a,bar_u,age",bar_u,age
735949,46,0.12528529023142454,0.12528529023142454,010010,100001,"v_f,v_p,bar_u,age",bar_u,age
736138,46,0.08374169318201474,0.08374169318201474,010010,100001,"v_f,v_p,bar_u,age",bar_u,age
736327,46,0.04218669483541859,0.04218669483541859,010010,100001,"v_f,v_p,bar_u,age",bar_u,age
736516,46,0.000620295191522402,0.000620295191522402,010010,100001,"v_f,v_p,bar_u,age",bar_u,age
738028,44,0.11503436132754885,0.11503436132754885,010110,100001,"v_f,v_p,bar_a,bar_u,age",bar_u,age
738217,44,0.11503436132754885,0.11503436132754885,010010,100001,"v_f,v_p,bar_u,age",bar_u,age
738406,44,0.07349076427813905,0.07349076427813905,010010,100001,"v_f,v_p,bar_u,age",bar_u,age
738595,44,0.0319357659315429,0.0319357659315429,010010,100001,"v_f,v_p,bar_u,age",bar_u,age
740296,46,0.10478343242367316,0.10478343242367316,010110,100001,"v_f,v_p,bar_a,bar_u,age",bar_u,age
740485,46,0.10478343242367316,0.10478343242367316,010010,100001,"v_f,v_p,bar_u,age",bar_u,age
740674,46,0.06323983537426336,0.06323983537426336,010010,100001,"v_f,v_p,bar_u,age",bar_u,age
740863,46,0.021684837027667214,0.021684837027667214,010010,100001,"v_f,v_p,bar_u,age",bar_u,age
742564,44,0.09453250351979747,0.09453250351979747,010110,100001,"v_f,v_p,bar_a,bar_u,age",bar_u,age
742753,44,0.09453250351979747,0.09453250351979747,010010,100001,"v_f,v_p,bar_u,age",bar_u,age
742942,44,0.052988906470387676,0.052988906470387676,010010,100001,"v_f,v_p,bar_u,age",bar_u,age
743131,44,0.011433908123791525,0.011433908123791525,010010,100001,"v_f,v_p,bar_u,age",bar_u,age
744832,23,0.12528529023142454,0.12528529023142454,000110,100001,"v_f,bar_a,bar_u,age",bar_u,age
745021,23,0.12528529023142454,0.12528529023142454,000010,100001,"v_f,bar_u,age",bar_u,age
745210,23,0.08374169318201474,0.08374169318201474,000010,100001,"v_f,bar_u,age",bar_u,age
745399,23,0.04218669483541859,0.04218669483541859,000010,100001,"v_f,bar_u,age",bar_u,age
745588,23,0.000620295191522402,0.000620295191522402,000010,100001,"v_f,bar_u,age",bar_u,age
747100,22,0.11503436132754885,0.11503436132754885,000110,100001,"v_f,bar_a,bar_u,age",bar_u,age
747289,22,0.11503436132754885,0.11503436132754885,000010,100001,"v_f,bar_u,age",bar_u,age
747478,22,0.07349076427813905,0.07349076427813905,000010,100001,"v_f,bar_u,age",bar_u,age
747667,22,0.0319357659315429,0.0319357659315429,000010,100001,"v_f,bar_u,age",bar_u,age
749368,23,0.10478343242367316,0.10478343242367316,000110,100001,"v_f,bar_a,bar_u,age",bar_u,age
749557,23,0.10478343242367316,0.10478343242367316,000010,100001,"v_f,bar_u,age",bar_u,age
749746,23,0.06323983537426336,0.06323983537426336,000010,100001,"v_f,bar_u,age",bar_u,age
749935,23,0.021684837027667214,0.021684837027667214,000010,100001,"v_f,bar_u,age",bar_u,age
751636,22,0.09453250351979747,0.09453250351979747,000110,100001,"v_f,bar_a,bar_u,age",bar_u,age
751825,22,0.09453250351979747,0.09453250351979747,000010,100001,"v_f,bar_u,age",bar_u,age
752014,22,0.052988906470387676,0.052988906470387676,000010,100001,"v_f,bar_u,age",bar_u,age
752203,22,0.011433908123791525,0.011433908123791525,000010,100001,"v_f,bar_u,age",bar_u,age
