unique_witness_id,center_all_levels_strong,level_a_two_sided_strong,level_a_flanks_replayed_strong_in_level_b,level_b_two_sided_strong,all_nested_refinement_points_strong,diagnostic_fast_d7_center_span_m,diagnostic_fast_level_a_center_span_m,diagnostic_fast_level_b_center_span_m,diagnostic_fast_level_a_minus_span_m,diagnostic_fast_level_a_plus_span_m,diagnostic_fast_level_b_minus_A_span_m,diagnostic_fast_level_b_plus_A_span_m,diagnostic_fast_level_b_minus_B_span_m,diagnostic_fast_level_b_plus_B_span_m,diagnostic_fast_center_relative_drift_A_to_B,diagnostic_fast_center_relative_drift_D7_to_B,diagnostic_fast_precertificate_lower_bound_m,diagnostic_fast_precertificate_lower_bound_multiple_of_tol,diagnostic_nominal_d7_center_span_m,diagnostic_nominal_level_a_center_span_m,diagnostic_nominal_level_b_center_span_m,diagnostic_nominal_level_a_minus_span_m,diagnostic_nominal_level_a_plus_span_m,diagnostic_nominal_level_b_minus_A_span_m,diagnostic_nominal_level_b_plus_A_span_m,diagnostic_nominal_level_b_minus_B_span_m,diagnostic_nominal_level_b_plus_B_span_m,diagnostic_nominal_center_relative_drift_A_to_B,diagnostic_nominal_center_relative_drift_D7_to_B,diagnostic_nominal_precertificate_lower_bound_m,diagnostic_nominal_precertificate_lower_bound_multiple_of_tol,diagnostic_stressed_d7_center_span_m,diagnostic_stressed_level_a_center_span_m,diagnostic_stressed_level_b_center_span_m,diagnostic_stressed_level_a_minus_span_m,diagnostic_stressed_level_a_plus_span_m,diagnostic_stressed_level_b_minus_A_span_m,diagnostic_stressed_level_b_plus_A_span_m,diagnostic_stressed_level_b_minus_B_span_m,diagnostic_stressed_level_b_plus_B_span_m,diagnostic_stressed_center_relative_drift_A_to_B,diagnostic_stressed_center_relative_drift_D7_to_B,diagnostic_stressed_precertificate_lower_bound_m,diagnostic_stressed_precertificate_lower_bound_multiple_of_tol,minimum_profile_precertificate_lower_bound_m,minimum_profile_precertificate_lower_bound_multiple_of_tol
0,True,True,True,True,True,0.009814688594967924,0.009814688594967924,0.009814688594967924,0.009826969836939425,0.009802407337327068,0.009826969836939425,0.009802407337327068,0.009820829217911164,0.00980854796810593,0.0,0.0,0.009802356137327068,98023561.37327068,0.009814688594967924,0.009814688594967924,0.009814688594967924,0.009826969836939425,0.009802407337327068,0.009826969836939425,0.009802407337327068,0.009820829217911164,0.00980854796810593,0.0,0.0,0.009802356137327068,98023561.37327068,0.009814688594967924,0.009814688594967924,0.009814688594967924,0.009826969836939425,0.009802407337327068,0.009826969836939425,0.009802407337327068,0.009820829217911164,0.00980854796810593,0.0,0.0,0.009802356137327068,98023561.37327068,0.009802356137327068,98023561.37327068
1,True,True,True,True,True,0.022382474791124984,0.022382474791124984,0.022382474791124984,0.022394739991257517,0.022370209575328648,0.022394739991257517,0.022370209575328648,0.022388607393148297,0.022376342185183806,0.0,0.0,0.022370158375328648,223701583.75328648,0.022382474791124984,0.022382474791124984,0.022382474791124984,0.022394739991257517,0.022370209575328648,0.022394739991257517,0.022370209575328648,0.022388607393148297,0.022376342185183806,0.0,0.0,0.022370158375328648,223701583.75328648,0.022382474791124984,0.022382474791124984,0.022382474791124984,0.022394739991257517,0.022370209575328648,0.022394739991257517,0.022370209575328648,0.022388607393148297,0.022376342185183806,0.0,0.0,0.022370158375328648,223701583.75328648,0.022370158375328648,223701583.75328648
2,True,True,True,True,True,0.03493383523867011,0.03493383523867011,0.03493383523867011,0.034946084399107735,0.03492158606257134,0.034946084399107735,0.03492158606257134,0.03493995982084752,0.034927710652577715,0.0,0.0,0.034921534862571345,349215348.6257134,0.03493383523867011,0.03493383523867011,0.03493383523867011,0.034946084399107735,0.03492158606257134,0.034946084399107735,0.03492158606257134,0.03493995982084752,0.034927710652577715,0.0,0.0,0.034921534862571345,349215348.6257134,0.03493383523867011,0.03493383523867011,0.03493383523867011,0.034946084399107735,0.03492158606257134,0.034946084399107735,0.03492158606257134,0.03493995982084752,0.034927710652577715,0.0,0.0,0.034921534862571345,349215348.6257134,0.034921534862571345,349215348.6257134
3,True,True,True,True,True,0.04746877214026457,0.04746877214026457,0.04746877214026457,0.047481005263161125,0.04745653900170599,0.047481005263161125,0.04745653900170599,0.04747488870367145,0.047462655572943824,0.0,0.0,0.04745648780170599,474564878.0170599,0.04746877214026457,0.04746877214026457,0.04746877214026457,0.047481005263161125,0.04745653900170599,0.047481005263161125,0.04745653900170599,0.04747488870367145,0.047462655572943824,0.0,0.0,0.04745648780170599,474564878.0170599,0.04746877214026457,0.04746877214026457,0.04746877214026457,0.047481005263161125,0.04745653900170599,0.047481005263161125,0.04745653900170599,0.04747488870367145,0.047462655572943824,0.0,0.0,0.04745648780170599,474564878.0170599,0.04745648780170599,474564878.0170599
4,True,True,True,True,True,0.0599872877120492,0.0599872877120492,0.0599872877120492,0.059999504799581826,0.059975070608859204,0.059999504799581826,0.059975070608859204,0.05999339625777267,0.059981179162412745,0.0,0.0,0.05997501940885921,599750194.088592,0.0599872877120492,0.0599872877120492,0.0599872877120492,0.059999504799581826,0.059975070608859204,0.059999504799581826,0.059975070608859204,0.05999339625777267,0.059981179162412745,0.0,0.0,0.05997501940885921,599750194.088592,0.0599872877120492,0.0599872877120492,0.0599872877120492,0.059999504799581826,0.059975070608859204,0.059999504799581826,0.059975070608859204,0.05999339625777267,0.059981179162412745,0.0,0.0,0.05997501940885921,599750194.088592,0.05997501940885921,599750194.088592
5,True,True,True,True,True,0.07248938418372708,0.07248938418372708,0.07248938418372708,0.07250158523807482,0.0724771831137222,0.07250158523807482,0.0724771831137222,0.07249548471285927,0.07248328365068213,0.0,0.0,0.0724771319137222,724771319.1372219,0.07248938418372708,0.07248938418372708,0.07248938418372708,0.07250158523807482,0.0724771831137222,0.07250158523807482,0.0724771831137222,0.07249548471285927,0.07248328365068213,0.0,0.0,0.0724771319137222,724771319.1372219,0.07248938418372708,0.07248938418372708,0.07248938418372708,0.07250158523807482,0.0724771831137222,0.07250158523807482,0.0724771831137222,0.07249548471285927,0.07248328365068213,0.0,0.0,0.0724771319137222,724771319.1372219,0.0724771319137222,724771319.1372219
6,True,True,True,True,True,0.012131545887249295,0.012131545887249295,0.012131545887249295,0.012143811087381828,0.012119280671452959,0.012143811087381828,0.012119280671452959,0.012137678489272608,0.012125413281308117,0.0,0.0,0.012119229471452959,121192294.71452959,0.012131545887249295,0.012131545887249295,0.012131545887249295,0.012143811087381828,0.012119280671452959,0.012143811087381828,0.012119280671452959,0.012137678489272608,0.012125413281308117,0.0,0.0,0.012119229471452959,121192294.71452959,0.012131545887249295,0.012131545887249295,0.012131545887249295,0.012143811087381828,0.012119280671452959,0.012143811087381828,0.012119280671452959,0.012137678489272608,0.012125413281308117,0.0,0.0,0.012119229471452959,121192294.71452959,0.012119229471452959,121192294.71452959
7,True,True,True,True,True,0.02468290633479442,0.02468290633479442,0.02468290633479442,0.024695155495232046,0.024670657158695652,0.024695155495232046,0.024670657158695652,0.024689030916971832,0.024676781748702026,0.0,0.0,0.024670605958695652,246706059.5869565,0.02468290633479442,0.02468290633479442,0.02468290633479442,0.024695155495232046,0.024670657158695652,0.024695155495232046,0.024670657158695652,0.024689030916971832,0.024676781748702026,0.0,0.0,0.024670605958695652,246706059.5869565,0.02468290633479442,0.02468290633479442,0.02468290633479442,0.024695155495232046,0.024670657158695652,0.024695155495232046,0.024670657158695652,0.024689030916971832,0.024676781748702026,0.0,0.0,0.024670605958695652,246706059.5869565,0.024670605958695652,246706059.5869565
8,True,True,True,True,True,0.03721784323638888,0.03721784323638888,0.03721784323638888,0.037230076359285436,0.0372056100978303,0.037230076359285436,0.0372056100978303,0.03722395979979576,0.037211726669068135,0.0,0.0,0.0372055588978303,372055588.978303,0.03721784323638888,0.03721784323638888,0.03721784323638888,0.037230076359285436,0.0372056100978303,0.037230076359285436,0.0372056100978303,0.03722395979979576,0.037211726669068135,0.0,0.0,0.0372055588978303,372055588.978303,0.03721784323638888,0.03721784323638888,0.03721784323638888,0.037230076359285436,0.0372056100978303,0.037230076359285436,0.0372056100978303,0.03722395979979576,0.037211726669068135,0.0,0.0,0.0372055588978303,372055588.978303,0.0372055588978303,372055588.978303
9,True,True,True,True,True,0.04973635880817351,0.04973635880817351,0.04973635880817351,0.04974857589570614,0.049724141704983515,0.04974857589570614,0.049724141704983515,0.04974246735389698,0.049730250258537056,0.0,0.0,0.04972409050498352,497240905.04983515,0.04973635880817351,0.04973635880817351,0.04973635880817351,0.04974857589570614,0.049724141704983515,0.04974857589570614,0.049724141704983515,0.04974246735389698,0.049730250258537056,0.0,0.0,0.04972409050498352,497240905.04983515,0.04973635880817351,0.04973635880817351,0.04973635880817351,0.04974857589570614,0.049724141704983515,0.04974857589570614,0.049724141704983515,0.04974246735389698,0.049730250258537056,0.0,0.0,0.04972409050498352,497240905.04983515,0.04972409050498352,497240905.04983515
10,True,True,True,True,True,0.06223845527985139,0.06223845527985139,0.06223845527985139,0.06225065633419913,0.06222625420984651,0.06225065633419913,0.06222625420984651,0.06224455580898358,0.06223235474680644,0.0,0.0,0.06222620300984651,622262030.0984651,0.06223845527985139,0.06223845527985139,0.06223845527985139,0.06225065633419913,0.06222625420984651,0.06225065633419913,0.06222625420984651,0.06224455580898358,0.06223235474680644,0.0,0.0,0.06222620300984651,622262030.0984651,0.06223845527985139,0.06223845527985139,0.06223845527985139,0.06225065633419913,0.06222625420984651,0.06225065633419913,0.06222625420984651,0.06224455580898358,0.06223235474680644,0.0,0.0,0.06222620300984651,622262030.0984651,0.06222620300984651,622262030.0984651
11,True,True,True,True,True,0.0018806169833736064,0.0018806169833736064,0.0018806169833736064,0.0018928821835061393,0.0018683517675772698,0.0018928821835061393,0.0018683517675772698,0.0018867495853969185,0.0018744843774324282,0.0,0.0,0.00186830056757727,18683005.6757727,0.0018806169833736064,0.0018806169833736064,0.0018806169833736064,0.0018928821835061393,0.0018683517675772698,0.0018928821835061393,0.0018683517675772698,0.0018867495853969185,0.0018744843774324282,0.0,0.0,0.00186830056757727,18683005.6757727,0.0018806169833736064,0.0018806169833736064,0.0018806169833736064,0.0018928821835061393,0.0018683517675772698,0.0018928821835061393,0.0018683517675772698,0.0018867495853969185,0.0018744843774324282,0.0,0.0,0.00186830056757727,18683005.6757727,0.00186830056757727,18683005.6757727
12,True,True,True,True,True,0.01443197743091873,0.01443197743091873,0.01443197743091873,0.014444226591356357,0.014419728254819963,0.014444226591356357,0.014419728254819963,0.014438102013096143,0.014425852844826337,0.0,0.0,0.014419677054819963,144196770.54819962,0.01443197743091873,0.01443197743091873,0.01443197743091873,0.014444226591356357,0.014419728254819963,0.014444226591356357,0.014419728254819963,0.014438102013096143,0.014425852844826337,0.0,0.0,0.014419677054819963,144196770.54819962,0.01443197743091873,0.01443197743091873,0.01443197743091873,0.014444226591356357,0.014419728254819963,0.014444226591356357,0.014419728254819963,0.014438102013096143,0.014425852844826337,0.0,0.0,0.014419677054819963,144196770.54819962,0.014419677054819963,144196770.54819962
13,True,True,True,True,True,0.026966914332513192,0.026966914332513192,0.026966914332513192,0.026979147455409747,0.02695468119395461,0.026979147455409747,0.02695468119395461,0.02697303089592007,0.026960797765192446,0.0,0.0,0.02695462999395461,269546299.9395461,0.026966914332513192,0.026966914332513192,0.026966914332513192,0.026979147455409747,0.02695468119395461,0.026979147455409747,0.02695468119395461,0.02697303089592007,0.026960797765192446,0.0,0.0,0.02695462999395461,269546299.9395461,0.026966914332513192,0.026966914332513192,0.026966914332513192,0.026979147455409747,0.02695468119395461,0.026979147455409747,0.02695468119395461,0.02697303089592007,0.026960797765192446,0.0,0.0,0.02695462999395461,269546299.9395461,0.02695462999395461,269546299.9395461
14,True,True,True,True,True,0.03948542990429782,0.03948542990429782,0.03948542990429782,0.03949764699183045,0.039473212801107826,0.03949764699183045,0.039473212801107826,0.03949153845002129,0.03947932135466137,0.0,0.0,0.03947316160110783,394731616.0110783,0.03948542990429782,0.03948542990429782,0.03948542990429782,0.03949764699183045,0.039473212801107826,0.03949764699183045,0.039473212801107826,0.03949153845002129,0.03947932135466137,0.0,0.0,0.03947316160110783,394731616.0110783,0.03948542990429782,0.03948542990429782,0.03948542990429782,0.03949764699183045,0.039473212801107826,0.03949764699183045,0.039473212801107826,0.03949153845002129,0.03947932135466137,0.0,0.0,0.03947316160110783,394731616.0110783,0.03947316160110783,394731616.0110783
15,True,True,True,True,True,0.0519875263759757,0.0519875263759757,0.0519875263759757,0.05199972743032344,0.05197532530597082,0.05199972743032344,0.05197532530597082,0.05199362690510789,0.05198142584293075,0.0,0.0,0.051975274105970824,519752741.05970824,0.0519875263759757,0.0519875263759757,0.0519875263759757,0.05199972743032344,0.05197532530597082,0.05199972743032344,0.05197532530597082,0.05199362690510789,0.05198142584293075,0.0,0.0,0.051975274105970824,519752741.05970824,0.0519875263759757,0.0519875263759757,0.0519875263759757,0.05199972743032344,0.05197532530597082,0.05199972743032344,0.05197532530597082,0.05199362690510789,0.05198142584293075,0.0,0.0,0.051975274105970824,519752741.05970824,0.051975274105970824,519752741.05970824
