node_index,q,v_f,v_p,a_f,bar_a,bar_u,age,q_span_r9d_m,legacy_best_gap_m,canonical_best_gap_m,canonical_minus_legacy_m,legacy_adopt_index,canonical_adopt_index,legacy_descriptor_bar_a,canonical_descriptor_bar_a,canonical_descriptor_age,coarse_full_action_best_gap_m,frozen_action_best_gap_m,coarse_best_action
167058,1,5.8333333333,8.75,-6.0,-2.4140625,3.0,0.30000000000000004,0.15063557406616224,0.3681869507236877,0.49726908533371517,0.1290821346100275,26168,26021,0.25603965562053166,-0.3737969951083843,0.2,0.49593699053888285,0.49726908533371517,-6.0
167058,2,5.8333333333,8.75,-6.0,-2.4140625,3.0,0.30000000000000004,0.15063557406616224,0.5188225247898499,0.5188225247898499,0.0,26167,26020,0.25603965562053166,0.07094201347792983,0.1,0.5188225247898499,0.5188225247898499,-6.0
167247,1,5.8333333333,8.75,-6.0,-2.328125,3.0,0.30000000000000004,0.13693072191219224,0.3680207966453284,0.4971029312553559,0.1290821346100275,26168,26021,0.28344568789056057,-0.32526653149834245,0.2,0.49577083646052356,0.4971029312553559,-6.0
167247,2,5.8333333333,8.75,-6.0,-2.328125,3.0,0.30000000000000004,0.13693072191219224,0.5049515185575206,0.5049515185575206,0.0,26167,26020,0.28344568789056057,0.1074115549032929,0.1,0.5049515185575206,0.5049515185575206,-6.0
167436,1,5.8333333333,8.75,-6.0,-2.2421875,3.0,0.30000000000000004,0.12320601239182805,0.3678546425669692,0.49106065495879725,0.12320601239182805,26168,26021,0.31085172016058904,-0.2767360678883006,0.2,0.49106065495879725,0.49106065495879725,-6.0
167436,2,5.8333333333,8.75,-6.0,-2.2421875,3.0,0.30000000000000004,0.12320601239182805,0.49106065495879725,0.49106065495879725,0.0,26167,26020,0.31085172016058904,0.14388109632865553,0.1,0.49106065495879725,0.49106065495879725,-6.0
167625,1,5.8333333333,8.75,-6.0,-2.15625,3.0,0.30000000000000004,0.10946144249297718,0.3676884884886099,0.4771499309815871,0.10946144249297718,26168,26021,0.33825775243061784,-0.2282056042782587,0.2,0.4771499309815871,0.4771499309815871,-6.0
167625,2,5.8333333333,8.75,-6.0,-2.15625,3.0,0.30000000000000004,0.10946144249297718,0.4771499309815871,0.4771499309815871,0.0,26167,26020,0.33825775243061784,0.1803506377540186,0.1,0.4771499309815871,0.4771499309815871,-6.0
167814,1,5.8333333333,8.75,-6.0,-2.0703125,3.0,0.30000000000000004,0.09569700922363666,0.3675223344102506,0.4632193436338873,0.09569700922363666,26168,26021,0.3656637847006464,-0.17967514066821683,0.2,0.4632193436338873,0.4632193436338873,-6.0
167814,2,5.8333333333,8.75,-6.0,-2.0703125,3.0,0.30000000000000004,0.09569700922363666,0.4632193436338873,0.4632193436338873,0.0,26167,26020,0.3656637847006464,0.21682017917938123,0.1,0.4632193436338873,0.4632193436338873,-6.0
168002,1,5.8333333333,8.75,-6.0,-1.984375,3.0,0.2,0.06026729697653965,0.36884123234121247,0.4291085293177521,0.06026729697653965,26168,26021,0.25328972060474453,-0.8411435376149583,0.2,0.4277764345229198,0.4291085293177521,-6.0
168002,2,5.8333333333,8.75,-6.0,-1.984375,3.0,0.2,0.06026729697653965,0.4291085293177521,0.4291085293177521,0.0,26167,26020,0.25328972060474453,-0.13114467705817584,0.1,0.4277764345229198,0.4291085293177521,-6.0
168003,1,5.8333333333,8.75,-6.0,-1.984375,3.0,0.30000000000000004,0.081912709611759,0.3673561803318913,0.44926888994365033,0.081912709611759,26168,26021,0.3930698169706752,-0.1311446770581754,0.2,0.44926888994365033,0.44926888994365033,-6.0
168003,2,5.8333333333,8.75,-6.0,-1.984375,3.0,0.30000000000000004,0.081912709611759,0.44926888994365033,0.44926888994365033,0.0,26167,26188,0.3930698169706752,0.2532897206047443,0.1,0.44926888994365033,0.44926888994365033,-6.0
169137,1,5.8333333333,8.75,-3.75,-2.4140625,3.0,0.30000000000000004,0.14038464516228655,0.37843787962756337,0.5075200142375909,0.1290821346100275,28184,28037,0.25603965562053166,-0.3737969951083843,0.2,0.5061879194427585,0.5075200142375909,-6.0
169137,2,5.8333333333,8.75,-3.75,-2.4140625,3.0,0.30000000000000004,0.14038464516228655,0.5188225247898499,0.5188225247898499,0.0,28183,28036,0.25603965562053166,0.07094201347792983,0.1,0.5188225247898499,0.5188225247898499,-6.0
169326,1,5.8333333333,8.75,-3.75,-2.328125,3.0,0.30000000000000004,0.12667979300831655,0.3782717255492041,0.5049515185575206,0.12667979300831655,28184,28037,0.28344568789056057,-0.32526653149834245,0.2,0.5049515185575206,0.5049515185575206,-6.0
169326,2,5.8333333333,8.75,-3.75,-2.328125,3.0,0.30000000000000004,0.12667979300831655,0.5049515185575206,0.5049515185575206,0.0,28183,28036,0.28344568789056057,0.1074115549032929,0.1,0.5049515185575206,0.5049515185575206,-6.0
169515,1,5.8333333333,8.75,-3.75,-2.2421875,3.0,0.30000000000000004,0.11295508348795236,0.3781055714708449,0.49106065495879725,0.11295508348795236,28184,28037,0.31085172016058904,-0.2767360678883006,0.2,0.49106065495879725,0.49106065495879725,-6.0
169515,2,5.8333333333,8.75,-3.75,-2.2421875,3.0,0.30000000000000004,0.11295508348795236,0.49106065495879725,0.49106065495879725,0.0,28183,28036,0.31085172016058904,0.14388109632865553,0.1,0.49106065495879725,0.49106065495879725,-6.0
169704,1,5.8333333333,8.75,-3.75,-2.15625,3.0,0.30000000000000004,0.09921051358910149,0.3779394173924856,0.4771499309815871,0.09921051358910149,28184,28037,0.33825775243061784,-0.2282056042782587,0.2,0.4771499309815871,0.4771499309815871,-6.0
169704,2,5.8333333333,8.75,-3.75,-2.15625,3.0,0.30000000000000004,0.09921051358910149,0.4771499309815871,0.4771499309815871,0.0,28183,28036,0.33825775243061784,0.1803506377540186,0.1,0.4771499309815871,0.4771499309815871,-6.0
169893,1,5.8333333333,8.75,-3.75,-2.0703125,3.0,0.30000000000000004,0.08544608031976098,0.3777732633141263,0.4632193436338873,0.08544608031976098,28184,28037,0.3656637847006464,-0.17967514066821683,0.2,0.4632193436338873,0.4632193436338873,-6.0
169893,2,5.8333333333,8.75,-3.75,-2.0703125,3.0,0.30000000000000004,0.08544608031976098,0.4632193436338873,0.4632193436338873,0.0,28183,28036,0.3656637847006464,0.21682017917938123,0.1,0.4632193436338873,0.4632193436338873,-6.0
170081,1,5.8333333333,8.75,-3.75,-1.984375,3.0,0.2,0.06026729697653965,0.37909216124508816,0.4393594582216278,0.06026729697653965,28184,28037,0.25328972060474453,-0.8411435376149583,0.2,0.4380273634267955,0.4393594582216278,-6.0
170081,2,5.8333333333,8.75,-3.75,-1.984375,3.0,0.2,0.06026729697653965,0.4393594582216278,0.4393594582216278,0.0,28183,28036,0.25328972060474453,-0.13114467705817584,0.1,0.4380273634267955,0.4393594582216278,-6.0
170082,1,5.8333333333,8.75,-3.75,-1.984375,3.0,0.30000000000000004,0.07166178070788332,0.377607109235767,0.44926888994365033,0.07166178070788332,28184,28037,0.3930698169706752,-0.1311446770581754,0.2,0.44926888994365033,0.44926888994365033,-6.0
170082,2,5.8333333333,8.75,-3.75,-1.984375,3.0,0.30000000000000004,0.07166178070788332,0.44926888994365033,0.44926888994365033,0.0,28183,28204,0.3930698169706752,0.2532897206047443,0.1,0.44926888994365033,0.44926888994365033,-6.0
171216,1,5.8333333333,8.75,-1.5,-2.4140625,3.0,0.30000000000000004,0.13013371625841086,0.38868880853143906,0.5177709431414665,0.1290821346100275,28184,28037,0.25603965562053166,-0.3737969951083843,0.2,0.5164388483466341,0.5177709431414665,-6.0
171216,2,5.8333333333,8.75,-1.5,-2.4140625,3.0,0.30000000000000004,0.13013371625841086,0.5188225247898499,0.5188225247898499,0.0,28183,28036,0.25603965562053166,0.07094201347792983,0.1,0.5188225247898499,0.5188225247898499,-6.0
171405,1,5.8333333333,8.75,-1.5,-2.328125,3.0,0.30000000000000004,0.11642886410444087,0.38852265445307976,0.5049515185575206,0.11642886410444087,28184,28037,0.28344568789056057,-0.32526653149834245,0.2,0.5049515185575206,0.5049515185575206,-6.0
171405,2,5.8333333333,8.75,-1.5,-2.328125,3.0,0.30000000000000004,0.11642886410444087,0.5049515185575206,0.5049515185575206,0.0,28183,28036,0.28344568789056057,0.1074115549032929,0.1,0.5049515185575206,0.5049515185575206,-6.0
171594,1,5.8333333333,8.75,-1.5,-2.2421875,3.0,0.30000000000000004,0.10270415458407667,0.3883565003747206,0.49106065495879725,0.10270415458407667,28184,28037,0.31085172016058904,-0.2767360678883006,0.2,0.49106065495879725,0.49106065495879725,-6.0
171594,2,5.8333333333,8.75,-1.5,-2.2421875,3.0,0.30000000000000004,0.10270415458407667,0.49106065495879725,0.49106065495879725,0.0,28183,28036,0.31085172016058904,0.14388109632865553,0.1,0.49106065495879725,0.49106065495879725,-6.0
171783,1,5.8333333333,8.75,-1.5,-2.15625,3.0,0.30000000000000004,0.0889595846852258,0.3881903462963613,0.4771499309815871,0.0889595846852258,28184,28037,0.33825775243061784,-0.2282056042782587,0.2,0.4771499309815871,0.4771499309815871,-6.0
171783,2,5.8333333333,8.75,-1.5,-2.15625,3.0,0.30000000000000004,0.0889595846852258,0.4771499309815871,0.4771499309815871,0.0,28183,28036,0.33825775243061784,0.1803506377540186,0.1,0.4771499309815871,0.4771499309815871,-6.0
171972,1,5.8333333333,8.75,-1.5,-2.0703125,3.0,0.30000000000000004,0.07519515141588529,0.388024192218002,0.4632193436338873,0.07519515141588529,28184,28037,0.3656637847006464,-0.17967514066821683,0.2,0.4632193436338873,0.4632193436338873,-6.0
171972,2,5.8333333333,8.75,-1.5,-2.0703125,3.0,0.30000000000000004,0.07519515141588529,0.4632193436338873,0.4632193436338873,0.0,28183,28036,0.3656637847006464,0.21682017917938123,0.1,0.4632193436338873,0.4632193436338873,-6.0
172160,1,5.8333333333,8.75,-1.5,-1.984375,3.0,0.2,0.06026729697653965,0.38934309014896384,0.4496103871255035,0.06026729697653965,28184,28037,0.25328972060474453,-0.8411435376149583,0.2,0.44827829233067107,0.4496103871255035,-6.0
172160,2,5.8333333333,8.75,-1.5,-1.984375,3.0,0.2,0.06026729697653965,0.4496103871255035,0.4496103871255035,0.0,28183,28036,0.25328972060474453,-0.13114467705817584,0.1,0.44827829233067107,0.4496103871255035,-6.0
172161,1,5.8333333333,8.75,-1.5,-1.984375,3.0,0.30000000000000004,0.06141085180400763,0.3878580381396427,0.44926888994365033,0.06141085180400763,28184,28037,0.3930698169706752,-0.1311446770581754,0.2,0.44926888994365033,0.44926888994365033,-6.0
172161,2,5.8333333333,8.75,-1.5,-1.984375,3.0,0.30000000000000004,0.06141085180400763,0.44926888994365033,0.44926888994365033,0.0,28183,28204,0.3930698169706752,0.2532897206047443,0.1,0.44926888994365033,0.44926888994365033,-6.0
322983,1,11.6666666667,14.58333333335,-6.0,-2.4140625,3.0,0.30000000000000004,0.03632541450658344,3.4783846236920146,3.514710038198598,0.03632541450658344,155192,155045,0.25603965562053166,-0.3737969951083843,0.2,3.514710038198598,3.514710038198598,-6.0
322983,2,11.6666666667,14.58333333335,-6.0,-2.4140625,3.0,0.30000000000000004,0.03632541450658344,3.514710038198598,3.514710038198598,0.0,155191,155044,0.25603965562053166,0.07094201347792983,0.1,3.514710038198598,3.514710038198598,-6.0
323172,1,11.6666666667,14.58333333335,-6.0,-2.328125,3.0,0.30000000000000004,0.013403972094784944,3.4782184696136556,3.4916224417084405,0.013403972094784944,155192,155045,0.28344568789056057,-0.32526653149834245,0.2,3.4916224417084405,3.4916224417084405,-6.0
323172,2,11.6666666667,14.58333333335,-6.0,-2.328125,3.0,0.30000000000000004,0.013403972094784944,3.4916224417084405,3.4916224417084405,0.0,155191,155044,0.28344568789056057,0.1074115549032929,0.1,3.4916224417084405,3.4916224417084405,-6.0
323927,1,11.6666666667,14.58333333335,-6.0,-1.984375,3.0,0.2,0.10117604154272808,3.4790389053095394,3.5802149468522675,0.10117604154272808,155192,155045,0.25328972060474453,-0.8411435376149583,0.2,3.578882852057435,3.5802149468522675,-6.0
323927,2,11.6666666667,14.58333333335,-6.0,-1.984375,3.0,0.2,0.10117604154272808,3.5802149468522675,3.5802149468522675,0.0,155191,155044,0.25328972060474453,-0.13114467705817584,0.1,3.578882852057435,3.5802149468522675,-6.0
325062,1,11.6666666667,14.58333333335,-3.75,-2.4140625,3.0,0.30000000000000004,0.026074485602707753,3.4886355525958903,3.514710038198598,0.026074485602707753,157208,157061,0.25603965562053166,-0.3737969951083843,0.2,3.514710038198598,3.514710038198598,-6.0
325062,2,11.6666666667,14.58333333335,-3.75,-2.4140625,3.0,0.30000000000000004,0.026074485602707753,3.514710038198598,3.514710038198598,0.0,157207,157060,0.25603965562053166,0.07094201347792983,0.1,3.514710038198598,3.514710038198598,-6.0
325251,1,11.6666666667,14.58333333335,-3.75,-2.328125,3.0,0.30000000000000004,0.003153043190909255,3.4884693985175312,3.4916224417084405,0.003153043190909255,157208,157061,0.28344568789056057,-0.32526653149834245,0.2,3.4916224417084405,3.4916224417084405,-6.0
325251,2,11.6666666667,14.58333333335,-3.75,-2.328125,3.0,0.30000000000000004,0.003153043190909255,3.4916224417084405,3.4916224417084405,0.0,157207,157060,0.28344568789056057,0.1074115549032929,0.1,3.4916224417084405,3.4916224417084405,-6.0
326006,1,11.6666666667,14.58333333335,-3.75,-1.984375,3.0,0.2,0.10117604154272808,3.489289834213415,3.590465875756143,0.10117604154272808,157208,157061,0.25328972060474453,-0.8411435376149583,0.2,3.5891337809613106,3.590465875756143,-6.0
326006,2,11.6666666667,14.58333333335,-3.75,-1.984375,3.0,0.2,0.10117604154272808,3.590465875756143,3.590465875756143,0.0,157207,157060,0.25328972060474453,-0.13114467705817584,0.1,3.5891337809613106,3.590465875756143,-6.0
327141,1,11.6666666667,14.58333333335,-1.5,-2.4140625,3.0,0.30000000000000004,0.015823556698832064,3.498886481499766,3.514710038198598,0.015823556698832064,157208,157061,0.25603965562053166,-0.3737969951083843,0.2,3.514710038198598,3.514710038198598,-6.0
327141,2,11.6666666667,14.58333333335,-1.5,-2.4140625,3.0,0.30000000000000004,0.015823556698832064,3.514710038198598,3.514710038198598,0.0,157207,157060,0.25603965562053166,0.07094201347792983,0.1,3.514710038198598,3.514710038198598,-6.0
328085,1,11.6666666667,14.58333333335,-1.5,-1.984375,3.0,0.2,0.10117604154272808,3.499540763117291,3.600716804660019,0.10117604154272808,157208,157061,0.25328972060474453,-0.8411435376149583,0.2,3.5993847098651863,3.600716804660019,-6.0
328085,2,11.6666666667,14.58333333335,-1.5,-1.984375,3.0,0.2,0.10117604154272808,3.600716804660019,3.600716804660019,0.0,157207,157060,0.25328972060474453,-0.13114467705817584,0.1,3.5993847098651863,3.600716804660019,-6.0
479852,1,17.5,20.416666666650002,-6.0,-1.984375,3.0,0.2,0.09998249973370221,8.130350252083979,8.23033275181768,0.09998249973370221,284216,284069,0.25328972060474453,-0.8411435376149583,0.2,8.23033275181768,8.23033275181768,-6.0
479852,2,17.5,20.416666666650002,-6.0,-1.984375,3.0,0.2,0.09998249973370221,8.23033275181768,8.23033275181768,0.0,284215,284068,0.25328972060474453,-0.13114467705817584,0.1,8.23033275181768,8.23033275181768,-6.0
481931,1,17.5,20.416666666650002,-3.75,-1.984375,3.0,0.2,0.08973157082982652,8.140601180987854,8.23033275181768,0.08973157082982652,286232,286085,0.25328972060474453,-0.8411435376149583,0.2,8.23033275181768,8.23033275181768,-6.0
481931,2,17.5,20.416666666650002,-3.75,-1.984375,3.0,0.2,0.08973157082982652,8.23033275181768,8.23033275181768,0.0,286231,286084,0.25328972060474453,-0.13114467705817584,0.1,8.23033275181768,8.23033275181768,-6.0
484010,1,17.5,20.416666666650002,-1.5,-1.984375,3.0,0.2,0.07948064192595083,8.15085210989173,8.23033275181768,0.07948064192595083,286232,286085,0.25328972060474453,-0.8411435376149583,0.2,8.23033275181768,8.23033275181768,-6.0
484010,2,17.5,20.416666666650002,-1.5,-1.984375,3.0,0.2,0.07948064192595083,8.23033275181768,8.23033275181768,0.0,286231,286084,0.25328972060474453,-0.13114467705817584,0.1,8.23033275181768,8.23033275181768,-6.0
635777,1,23.3333333333,26.25,-6.0,-1.984375,3.0,0.2,0.03672330739852114,14.324728552362917,14.361451859761438,0.03672330739852114,413240,413093,0.25328972060474453,-0.8411435376149583,0.2,14.361451859761438,14.361451859761438,-6.0
635777,2,23.3333333333,26.25,-6.0,-1.984375,3.0,0.2,0.03672330739852114,14.361451859761438,14.361451859761438,0.0,413239,413092,0.25328972060474453,-0.13114467705817584,0.1,14.361451859761438,14.361451859761438,-6.0
637856,1,23.3333333333,26.25,-3.75,-1.984375,3.0,0.2,0.026472378494645454,14.334979481266792,14.361451859761438,0.026472378494645454,415256,415109,0.25328972060474453,-0.8411435376149583,0.2,14.361451859761438,14.361451859761438,-6.0
637856,2,23.3333333333,26.25,-3.75,-1.984375,3.0,0.2,0.026472378494645454,14.361451859761438,14.361451859761438,0.0,415255,415108,0.25328972060474453,-0.13114467705817584,0.1,14.361451859761438,14.361451859761438,-6.0
639935,1,23.3333333333,26.25,-1.5,-1.984375,3.0,0.2,0.016221449590769765,14.345230410170668,14.361451859761438,0.016221449590769765,415256,415109,0.25328972060474453,-0.8411435376149583,0.2,14.361451859761438,14.361451859761438,-6.0
639935,2,23.3333333333,26.25,-1.5,-1.984375,3.0,0.2,0.016221449590769765,14.361451859761438,14.361451859761438,0.0,415255,415108,0.25328972060474453,-0.13114467705817584,0.1,14.361451859761438,14.361451859761438,-6.0
645228,1,23.3333333333,29.1666666667,-6.0,-2.4140625,3.0,0.30000000000000004,0.04211041189452125,3.071474688793934,3.1135851006884554,0.04211041189452125,421304,421157,0.25603965562053166,-0.3737969951083843,0.2,3.1135851006884554,3.1135851006884554,-6.0
645228,2,23.3333333333,29.1666666667,-6.0,-2.4140625,3.0,0.30000000000000004,0.04211041189452125,3.1135851006884554,3.1135851006884554,0.0,421303,421156,0.25603965562053166,0.07094201347792983,0.1,3.1135851006884554,3.1135851006884554,-6.0
646172,1,23.3333333333,29.1666666667,-6.0,-1.984375,3.0,0.2,0.20351418311620595,3.072128970411459,3.275643153527665,0.20351418311620595,421304,421157,0.25328972060474453,-0.8411435376149583,0.2,3.2743110587328323,3.275643153527665,-6.0
646172,2,23.3333333333,29.1666666667,-6.0,-1.984375,3.0,0.2,0.20351418311620595,3.275643153527665,3.275643153527665,0.0,421303,421156,0.25328972060474453,-0.13114467705817584,0.1,3.2743110587328323,3.275643153527665,-6.0
647307,1,23.3333333333,29.1666666667,-3.75,-2.4140625,3.0,0.30000000000000004,0.03185948299064556,3.08172561769781,3.1135851006884554,0.03185948299064556,423320,423173,0.25603965562053166,-0.3737969951083843,0.2,3.1135851006884554,3.1135851006884554,-6.0
647307,2,23.3333333333,29.1666666667,-3.75,-2.4140625,3.0,0.30000000000000004,0.03185948299064556,3.1135851006884554,3.1135851006884554,0.0,423319,423172,0.25603965562053166,0.07094201347792983,0.1,3.1135851006884554,3.1135851006884554,-6.0
648251,1,23.3333333333,29.1666666667,-3.75,-1.984375,3.0,0.2,0.20351418311620595,3.0823798993153346,3.2858940824315406,0.20351418311620595,423320,423173,0.25328972060474453,-0.8411435376149583,0.2,3.284561987636708,3.2858940824315406,-6.0
648251,2,23.3333333333,29.1666666667,-3.75,-1.984375,3.0,0.2,0.20351418311620595,3.2858940824315406,3.2858940824315406,0.0,423319,423172,0.25328972060474453,-0.13114467705817584,0.1,3.284561987636708,3.2858940824315406,-6.0
649386,1,23.3333333333,29.1666666667,-1.5,-2.4140625,3.0,0.30000000000000004,0.02160855408676987,3.0919765466016855,3.1135851006884554,0.02160855408676987,423320,423173,0.25603965562053166,-0.3737969951083843,0.2,3.1135851006884554,3.1135851006884554,-6.0
649386,2,23.3333333333,29.1666666667,-1.5,-2.4140625,3.0,0.30000000000000004,0.02160855408676987,3.1135851006884554,3.1135851006884554,0.0,423319,423172,0.25603965562053166,0.07094201347792983,0.1,3.1135851006884554,3.1135851006884554,-6.0
650330,1,23.3333333333,29.1666666667,-1.5,-1.984375,3.0,0.2,0.20351418311620595,3.0926308282192103,3.2961450113354163,0.20351418311620595,423320,423173,0.25328972060474453,-0.8411435376149583,0.2,3.2948129165405837,3.2961450113354163,-6.0
650330,2,23.3333333333,29.1666666667,-1.5,-1.984375,3.0,0.2,0.20351418311620595,3.2961450113354163,3.2961450113354163,0.0,423319,423172,0.25328972060474453,-0.13114467705817584,0.1,3.2948129165405837,3.2961450113354163,-6.0
802097,1,29.1666666667,35.0,-6.0,-1.984375,3.0,0.2,0.2334642268422087,8.707717251651054,8.941181478493263,0.2334642268422087,550328,550181,0.25328972060474453,-0.8411435376149583,0.2,8.941181478493263,8.941181478493263,-6.0
802097,2,29.1666666667,35.0,-6.0,-1.984375,3.0,0.2,0.2334642268422087,8.941181478493263,8.941181478493263,0.0,550327,550180,0.25328972060474453,-0.13114467705817584,0.1,8.941181478493263,8.941181478493263,-6.0
804176,1,29.1666666667,35.0,-3.75,-1.984375,3.0,0.2,0.223213297938333,8.71796818055493,8.941181478493263,0.223213297938333,552344,552197,0.25328972060474453,-0.8411435376149583,0.2,8.941181478493263,8.941181478493263,-6.0
804176,2,29.1666666667,35.0,-3.75,-1.984375,3.0,0.2,0.223213297938333,8.941181478493263,8.941181478493263,0.0,552343,552196,0.25328972060474453,-0.13114467705817584,0.1,8.941181478493263,8.941181478493263,-6.0
806255,1,29.1666666667,35.0,-1.5,-1.984375,3.0,0.2,0.2129623690344573,8.728219109458806,8.941181478493263,0.2129623690344573,552344,552197,0.25328972060474453,-0.8411435376149583,0.2,8.941181478493263,8.941181478493263,-6.0
806255,2,29.1666666667,35.0,-1.5,-1.984375,3.0,0.2,0.2129623690344573,8.941181478493263,8.941181478493263,0.0,552343,552196,0.25328972060474453,-0.13114467705817584,0.1,8.941181478493263,8.941181478493263,-6.0
