profile,node_index,v_f,v_p,a_f,bar_a,bar_u,age,q_cooperative_index,q_cooperative_steps,q_fallback_index,q_fallback_steps,fallback_required_m,cooperative_required_low_q_m,cooperative_required_high_q_m,probe_gap_m,mode_at_q_cooperative,mode_at_q_fallback,switch_interval_width_m,action_at_q_cooperative,action_at_q_fallback,branch_at_q_cooperative,branch_at_q_fallback
diagnostic_fast,122279,29.1666666667,35.0,0.75,-8.0,3.0,1.0,0,1,1,2,11.325603823175872,63.36177986782557,64.03184805240718,63.69681396011637,C,F,0.6700681845816163,0,0,2,1
diagnostic_fast,141809,35.0,35.0,-6.0,-8.0,3.0,1.0,0,1,1,2,47.80182820804934,63.91436041444394,64.58442859902556,64.24939450673475,C,F,0.6700681845816163,0,0,2,1
diagnostic_fast,142124,35.0,35.0,-3.75,-8.0,3.0,1.0,0,1,1,2,47.80182820804934,63.92461134334782,64.59467952792943,64.25964543563862,C,F,0.6700681845816092,0,0,2,1
diagnostic_fast,143069,35.0,35.0,3.0,-8.0,3.0,1.0,0,1,1,2,47.80182820804934,106.23976923466084,106.90983741924245,106.57480332695164,C,F,0.6700681845816092,0,0,2,1
diagnostic_fast,142754,35.0,35.0,0.75,-8.0,3.0,1.0,0,1,1,2,47.80182820804934,106.22951830575697,106.89958649033858,106.56455239804777,C,F,0.6700681845816092,0,0,2,1
diagnostic_fast,142439,35.0,35.0,-1.5,-8.0,3.0,1.0,0,1,1,2,47.80182820804934,63.93486227225169,64.6049304568333,64.26989636454249,C,F,0.6700681845816092,0,0,2,1
diagnostic_fast,122594,29.1666666667,35.0,3.0,-8.0,3.0,1.0,0,1,1,2,11.325603823175872,63.37203079672945,64.04209898131106,63.70706488902025,C,F,0.6700681845816092,0,0,2,1
diagnostic_fast,102119,23.3333333333,35.0,3.0,-8.0,3.0,1.0,0,1,1,2,0.013671875,26.276948379009216,26.94618217566792,26.61156527733857,C,F,0.6692337966587054,0,0,2,1
diagnostic_fast,121334,29.1666666667,35.0,-6.0,-8.0,3.0,1.0,0,1,1,2,11.325603823175872,26.819277996733714,27.48851179339242,27.15389489506307,C,F,0.6692337966587054,0,0,2,1
diagnostic_fast,101804,23.3333333333,35.0,0.75,-8.0,3.0,1.0,0,1,1,2,0.013671875,26.26669745010534,26.935931246764046,26.60131434843469,C,F,0.6692337966587054,0,0,2,1
diagnostic_fast,121964,29.1666666667,35.0,-1.5,-8.0,3.0,1.0,0,1,1,2,11.325603823175872,26.839779854541465,27.50901365120017,27.17439675287082,C,F,0.6692337966587054,0,0,2,1
diagnostic_fast,121649,29.1666666667,35.0,-3.75,-8.0,3.0,1.0,0,1,1,2,11.325603823175872,26.82952892563759,27.498762722296295,27.16414582396694,C,F,0.6692337966587054,0,0,2,1
diagnostic_fast,120389,29.1666666667,32.08333333335,-1.5,-8.0,3.0,1.0,0,1,1,2,24.220129941831498,38.690440539839926,39.2965588280649,38.993499683952415,C,F,0.6061182882249767,0,0,2,1
diagnostic_fast,120074,29.1666666667,32.08333333335,-3.75,-8.0,3.0,1.0,0,1,1,2,24.220129941831498,38.680189610936054,39.28630789916103,38.98324875504854,C,F,0.6061182882249767,0,0,2,1
diagnostic_fast,140234,35.0,32.08333333335,-6.0,-8.0,3.0,1.0,0,1,1,2,60.72795196481238,75.77701952899001,76.38313781721499,76.08007867310249,C,F,0.6061182882249767,0,0,2,1
diagnostic_fast,100544,23.3333333333,32.08333333335,3.0,-8.0,3.0,1.0,0,1,1,2,0.012532552083339844,38.12760906430768,38.733727352532654,38.430668208420165,C,F,0.6061182882249767,0,0,2,1
diagnostic_fast,140549,35.0,32.08333333335,-3.75,-8.0,3.0,1.0,0,1,1,2,60.72795196481238,75.7872704578939,76.39338874611887,76.09032960200639,C,F,0.6061182882249767,0,0,2,1
diagnostic_fast,119759,29.1666666667,32.08333333335,-6.0,-8.0,3.0,1.0,0,1,1,2,24.220129941831498,38.669938682032175,39.27605697025715,38.97299782614466,C,F,0.6061182882249767,0,0,2,1
diagnostic_fast,140864,35.0,32.08333333335,-1.5,-8.0,3.0,1.0,0,1,1,2,60.72795196481238,75.79752138679777,76.40363967502275,76.10058053091026,C,F,0.6061182882249767,0,0,2,1
diagnostic_fast,121019,29.1666666667,32.08333333335,3.0,-8.0,3.0,1.0,0,1,1,2,24.220129941831498,75.23468991127552,75.8408081995005,75.53774905538802,C,F,0.6061182882249767,0,0,2,1
diagnostic_fast,100229,23.3333333333,32.08333333335,0.75,-8.0,3.0,1.0,0,1,1,2,0.012532552083339844,38.117358135403805,38.72347642362878,38.42041727951629,C,F,0.6061182882249767,0,0,2,1
diagnostic_fast,120704,29.1666666667,32.08333333335,0.75,-8.0,3.0,1.0,0,1,1,2,24.220129941831498,75.22443898237164,75.83055727059661,75.52749812648412,C,F,0.6061182882249767,0,0,2,1
diagnostic_fast,141179,35.0,32.08333333335,0.75,-8.0,3.0,1.0,0,1,1,2,60.72795196481238,118.09217742030303,118.698295708528,118.39523656441551,C,F,0.6061182882249625,0,0,2,1
diagnostic_fast,141494,35.0,32.08333333335,3.0,-8.0,3.0,1.0,0,1,1,2,60.72795196481238,118.1024283492069,118.70854663743187,118.40548749331938,C,F,0.6061182882249625,0,0,2,1
diagnostic_fast,99284,23.3333333333,32.08333333335,-6.0,-8.0,3.0,1.0,0,1,1,2,0.012532552083339844,7.359381779010542,7.964813655830268,7.662097717420405,C,F,0.6054318768197255,0,0,2,1
diagnostic_fast,80069,17.5,32.08333333335,3.0,-8.0,3.0,1.0,0,1,1,2,0.012532552083339844,6.817052161296045,7.422484038115771,7.119768099705908,C,F,0.6054318768197255,0,0,2,1
diagnostic_fast,99599,23.3333333333,32.08333333335,-3.75,-8.0,3.0,1.0,0,1,1,2,0.012532552083339844,7.369632707914418,7.9750645847341435,7.672348646324281,C,F,0.6054318768197255,0,0,2,1
diagnostic_fast,79754,17.5,32.08333333335,0.75,-8.0,3.0,1.0,0,1,1,2,0.012532552083339844,6.80680123239217,7.412233109211895,7.109517170802032,C,F,0.6054318768197255,0,0,2,1
diagnostic_fast,99914,23.3333333333,32.08333333335,-1.5,-8.0,3.0,1.0,0,1,1,2,0.012532552083339844,7.379883636818294,7.985315513638019,7.682599575228156,C,F,0.6054318768197255,0,0,2,1
diagnostic_fast,141872,35.0,35.0,-6.0,-5.25,3.0,1.0,0,1,1,2,47.5660111839147,63.91364084614776,64.5031474712459,64.20839415869682,C,F,0.5895066250981387,0,0,2,1
diagnostic_fast,122657,29.1666666667,35.0,3.0,-5.25,3.0,1.0,0,1,1,2,11.09004747307377,63.371311228433264,63.960817853531395,63.66606454098233,C,F,0.5895066250981316,0,0,2,1
diagnostic_fast,142502,35.0,35.0,-1.5,-5.25,3.0,1.0,0,1,1,2,47.5660111839147,63.93414270395551,64.52364932905364,64.22889601650458,C,F,0.5895066250981316,0,0,2,1
diagnostic_fast,122342,29.1666666667,35.0,0.75,-5.25,3.0,1.0,0,1,1,2,11.09004747307377,63.361060299529385,63.950566924627516,63.65581361207845,C,F,0.5895066250981316,0,0,2,1
diagnostic_fast,142187,35.0,35.0,-3.75,-5.25,3.0,1.0,0,1,1,2,47.5660111839147,63.923891775051636,64.51339840014977,64.2186450876007,C,F,0.5895066250981316,0,0,2,1
diagnostic_fast,143132,35.0,35.0,3.0,-5.25,3.0,1.0,0,1,1,2,47.5660111839147,106.23904966636466,106.82855629146279,106.53380297891373,C,F,0.5895066250981245,0,0,2,1
diagnostic_fast,142817,35.0,35.0,0.75,-5.25,3.0,1.0,0,1,1,2,47.5660111839147,106.22879873746078,106.8183053625589,106.52355205000984,C,F,0.5895066250981245,0,0,2,1
diagnostic_fast,101867,23.3333333333,35.0,0.75,-5.25,3.0,1.0,0,1,1,2,0.013671875,26.26597788180916,26.85475069258029,26.560364287194723,C,F,0.588772810771129,0,0,2,1
diagnostic_fast,102182,23.3333333333,35.0,3.0,-5.25,3.0,1.0,0,1,1,2,0.013671875,26.276228810713036,26.865001621484165,26.570615216098602,C,F,0.588772810771129,0,0,2,1
diagnostic_fast,121712,29.1666666667,35.0,-3.75,-5.25,3.0,1.0,0,1,1,2,11.09004747307377,26.82880935734141,27.41758216811254,27.123195762726972,C,F,0.588772810771129,0,0,2,1
diagnostic_fast,122027,29.1666666667,35.0,-1.5,-5.25,3.0,1.0,0,1,1,2,11.09004747307377,26.839060286245285,27.427833097016414,27.13344669163085,C,F,0.588772810771129,0,0,2,1
diagnostic_fast,121397,29.1666666667,35.0,-6.0,-5.25,3.0,1.0,0,1,1,2,11.09004747307377,26.818558428437534,27.407331239208663,27.1129448338231,C,F,0.588772810771129,0,0,2,1
diagnostic_fast,118499,29.1666666667,29.1666666667,-3.75,-8.0,3.0,1.0,0,1,1,2,36.076179104068416,49.488693085171505,50.030862280996786,49.759777683084145,C,F,0.5421691958252808,0,0,2,1
diagnostic_fast,118814,29.1666666667,29.1666666667,-1.5,-8.0,3.0,1.0,0,1,1,2,36.076179104068416,49.498944014075384,50.041113209900665,49.770028611988025,C,F,0.5421691958252808,0,0,2,1
diagnostic_fast,98654,23.3333333333,29.1666666667,0.75,-8.0,3.0,1.0,0,1,1,2,5.352186141709361,48.92586160963926,49.468030805464544,49.1969462075519,C,F,0.5421691958252808,0,0,2,1
diagnostic_fast,118184,29.1666666667,29.1666666667,-6.0,-8.0,3.0,1.0,0,1,1,2,36.076179104068416,49.47844215626763,50.020611352092914,49.74952675418027,C,F,0.5421691958252808,0,0,2,1
diagnostic_fast,98969,23.3333333333,29.1666666667,3.0,-8.0,3.0,1.0,0,1,1,2,5.352186141709361,48.936112538543135,49.478281734368416,49.207197136455775,C,F,0.5421691958252808,0,0,2,1
diagnostic_fast,139919,35.0,29.1666666667,3.0,-8.0,3.0,1.0,0,1,1,2,72.59992661769627,128.91093182344238,129.45310101926765,129.182016421355,C,F,0.5421691958252666,0,0,2,1
diagnostic_fast,119444,29.1666666667,29.1666666667,3.0,-8.0,3.0,1.0,0,1,1,2,36.076179104068416,86.04319338551099,86.58536258133626,86.31427798342362,C,F,0.5421691958252666,0,0,2,1
diagnostic_fast,138974,35.0,29.1666666667,-3.75,-8.0,3.0,1.0,0,1,1,2,72.59992661769627,86.59577393212936,87.13794312795463,86.866858530042,C,F,0.5421691958252666,0,0,2,1
diagnostic_fast,119129,29.1666666667,29.1666666667,0.75,-8.0,3.0,1.0,0,1,1,2,36.076179104068416,86.03294245660712,86.57511165243238,86.30402705451975,C,F,0.5421691958252666,0,0,2,1
diagnostic_fast,138659,35.0,29.1666666667,-6.0,-8.0,3.0,1.0,0,1,1,2,72.59992661769627,86.58552300322549,87.12769219905076,86.85660760113812,C,F,0.5421691958252666,0,0,2,1
diagnostic_fast,139604,35.0,29.1666666667,0.75,-8.0,3.0,1.0,0,1,1,2,72.59992661769627,128.9006808945385,129.44285009036378,129.17176549245113,C,F,0.5421691958252666,0,0,2,1
diagnostic_fast,139289,35.0,29.1666666667,-1.5,-8.0,3.0,1.0,0,1,1,2,72.59992661769627,86.60602486103323,87.1481940568585,86.87710945894587,C,F,0.5421691958252666,0,0,2,1
diagnostic_fast,78494,17.5,29.1666666667,3.0,-8.0,3.0,1.0,0,1,1,2,0.011393229166679689,17.59956175596938,18.141044540389416,17.870303148179396,C,F,0.5414827844200367,0,0,2,1
diagnostic_fast,97709,23.3333333333,29.1666666667,-6.0,-8.0,3.0,1.0,0,1,1,2,5.352186141709361,18.141891373683876,18.683374158103913,18.412632765893896,C,F,0.5414827844200367,0,0,2,1
diagnostic_fast,78179,17.5,29.1666666667,0.75,-8.0,3.0,1.0,0,1,1,2,0.011393229166679689,17.589310827065503,18.13079361148554,17.860052219275524,C,F,0.5414827844200367,0,0,2,1
diagnostic_fast,98339,23.3333333333,29.1666666667,-1.5,-8.0,3.0,1.0,0,1,1,2,5.352186141709361,18.162393231491627,18.703876015911664,18.433134623701648,C,F,0.5414827844200367,0,0,2,1
diagnostic_fast,98024,23.3333333333,29.1666666667,-3.75,-8.0,3.0,1.0,0,1,1,2,5.352186141709361,18.15214230258775,18.69362508700779,18.42288369479777,C,F,0.5414827844200367,0,0,2,1
diagnostic_fast,120767,29.1666666667,32.08333333335,0.75,-5.25,3.0,1.0,0,1,1,2,24.00455252680474,75.22371941407546,75.75698438894223,75.49035190150884,C,F,0.5332649748667677,0,0,2,1
diagnostic_fast,100292,23.3333333333,32.08333333335,0.75,-5.25,3.0,1.0,0,1,1,2,0.012532552083339844,38.11663856710762,38.64990354197439,38.383271054541005,C,F,0.5332649748667677,0,0,2,1
diagnostic_fast,121082,29.1666666667,32.08333333335,3.0,-5.25,3.0,1.0,0,1,1,2,24.00455252680474,75.23397034297933,75.7672353178461,75.50060283041272,C,F,0.5332649748667677,0,0,2,1
diagnostic_fast,100607,23.3333333333,32.08333333335,3.0,-5.25,3.0,1.0,0,1,1,2,0.012532552083339844,38.1268894960115,38.66015447087827,38.393521983444884,C,F,0.5332649748667677,0,0,2,1
diagnostic_fast,140297,35.0,32.08333333335,-6.0,-5.25,3.0,1.0,0,1,1,2,60.51211387575308,75.77629996069383,76.3095649355606,76.04293244812722,C,F,0.5332649748667677,0,0,2,1
diagnostic_fast,140612,35.0,32.08333333335,-3.75,-5.25,3.0,1.0,0,1,1,2,60.51211387575308,75.7865508895977,76.31981586446447,76.05318337703109,C,F,0.5332649748667677,0,0,2,1
diagnostic_fast,119822,29.1666666667,32.08333333335,-6.0,-5.25,3.0,1.0,0,1,1,2,24.00455252680474,38.669219113736,39.202484088602766,38.93585160116938,C,F,0.5332649748667677,0,0,2,1
diagnostic_fast,140927,35.0,32.08333333335,-1.5,-5.25,3.0,1.0,0,1,1,2,60.51211387575308,75.79680181850159,76.33006679336836,76.06343430593498,C,F,0.5332649748667677,0,0,2,1
diagnostic_fast,120452,29.1666666667,32.08333333335,-1.5,-5.25,3.0,1.0,0,1,1,2,24.00455252680474,38.68972097154375,39.22298594641052,38.956353458977134,C,F,0.5332649748667677,0,0,2,1
diagnostic_fast,120137,29.1666666667,32.08333333335,-3.75,-5.25,3.0,1.0,0,1,1,2,24.00455252680474,38.67947004263987,39.21273501750664,38.946102530073254,C,F,0.5332649748667677,0,0,2,1
diagnostic_fast,141557,35.0,32.08333333335,3.0,-5.25,3.0,1.0,0,1,1,2,60.51211387575308,118.10170878091073,118.6349737557775,118.36834126834411,C,F,0.5332649748667677,0,0,2,1
diagnostic_fast,141242,35.0,32.08333333335,0.75,-5.25,3.0,1.0,0,1,1,2,60.51211387575308,118.09145785200685,118.62472282687362,118.35809033944024,C,F,0.5332649748667677,0,0,2,1
diagnostic_fast,79817,17.5,32.08333333335,0.75,-5.25,3.0,1.0,0,1,1,2,0.012532552083339844,6.806081664095988,7.338742964689001,7.072412314392494,C,F,0.5326613005930128,0,0,2,1
diagnostic_fast,99977,23.3333333333,32.08333333335,-1.5,-5.25,3.0,1.0,0,1,1,2,0.012532552083339844,7.379164068522113,7.9118253691151255,7.645494718818619,C,F,0.5326613005930128,0,0,2,1
diagnostic_fast,80132,17.5,32.08333333335,3.0,-5.25,3.0,1.0,0,1,1,2,0.012532552083339844,6.8163325929998635,7.348993893592876,7.08266324329637,C,F,0.5326613005930128,0,0,2,1
diagnostic_fast,99347,23.3333333333,32.08333333335,-6.0,-5.25,3.0,1.0,0,1,1,2,0.012532552083339844,7.358662210714361,7.891323511307374,7.624992861010868,C,F,0.5326613005930128,0,0,2,1
diagnostic_fast,99662,23.3333333333,32.08333333335,-3.75,-5.25,3.0,1.0,0,1,1,2,0.012532552083339844,7.368913139618237,7.90157444021125,7.635243789914743,C,F,0.5326613005930128,0,0,2,1
diagnostic_fast,122466,29.1666666667,35.0,0.75,0.25,3.0,0.3333333333,0,1,1,2,6.933773431780895,45.39082387133316,45.91646926464267,45.65364656798792,C,F,0.5256453933095102,0,0,2,1
diagnostic_fast,122529,29.1666666667,35.0,0.75,3.0,3.0,0.3333333333,0,1,1,2,5.2973057783642545,45.38598994970548,45.91163534301499,45.64881264636024,C,F,0.5256453933095102,0,0,2,1
diagnostic_fast,122844,29.1666666667,35.0,3.0,3.0,3.0,0.3333333333,0,1,1,2,5.2973057783642545,45.39624087860936,45.92188627191887,45.65906357526411,C,F,0.5256453933095102,0,0,2,1
diagnostic_fast,142626,35.0,35.0,-1.5,0.25,3.0,0.3333333333,0,1,1,2,43.40520466480395,45.963906275759285,46.489551669068796,46.22672897241404,C,F,0.5256453933095102,0,0,2,1
diagnostic_fast,142689,35.0,35.0,-1.5,3.0,3.0,0.3333333333,0,1,1,2,41.76698585329658,45.95907235413161,46.48471774744112,46.22189505078636,C,F,0.5256453933095102,0,0,2,1
diagnostic_fast,122781,29.1666666667,35.0,3.0,0.25,3.0,0.3333333333,0,1,1,2,6.933773431780895,45.40107480023704,45.92672019354655,45.66389749689179,C,F,0.5256453933095102,0,0,2,1
diagnostic_fast,141996,35.0,35.0,-6.0,0.25,3.0,0.3333333333,0,1,1,2,43.40520466480395,45.943404417951534,46.469049811261044,46.20622711460629,C,F,0.5256453933095102,0,0,2,1
diagnostic_fast,142059,35.0,35.0,-6.0,3.0,3.0,0.3333333333,0,1,1,2,41.76698585329658,45.938570496323855,46.464215889633365,46.201393192978614,C,F,0.5256453933095102,0,0,2,1
diagnostic_fast,142374,35.0,35.0,-3.75,3.0,3.0,0.3333333333,0,1,1,2,41.76698585329658,45.948821425227734,46.474466818537245,46.211644121882486,C,F,0.5256453933095102,0,0,2,1
diagnostic_fast,142311,35.0,35.0,-3.75,0.25,3.0,0.3333333333,0,1,1,2,43.40520466480395,45.95365534685541,46.47930074016492,46.216478043510165,C,F,0.5256453933095102,0,0,2,1
diagnostic_fast,143319,35.0,35.0,3.0,3.0,3.0,0.3333333333,0,1,1,2,41.76698585329658,88.26397931654076,88.78962470985026,88.5268020131955,C,F,0.5256453933095031,0,0,2,1
diagnostic_fast,142941,35.0,35.0,0.75,0.25,3.0,0.3333333333,0,1,1,2,43.40520466480395,88.25856230926456,88.78420770257407,88.52138500591931,C,F,0.5256453933095031,0,0,2,1
diagnostic_fast,143256,35.0,35.0,3.0,0.25,3.0,0.3333333333,0,1,1,2,43.40520466480395,88.26881323816843,88.79445863147794,88.53163593482319,C,F,0.5256453933095031,0,0,2,1
diagnostic_fast,143004,35.0,35.0,0.75,3.0,3.0,0.3333333333,0,1,1,2,41.76698585329658,88.25372838763688,88.77937378094639,88.51655108429163,C,F,0.5256453933095031,0,0,2,1
diagnostic_fast,101991,23.3333333333,35.0,0.75,0.25,3.0,0.3333333333,0,1,1,2,0.013682733846737467,8.333271682906489,8.858341650472555,8.595806666689523,C,F,0.5250699675660666,0,0,2,1
diagnostic_fast,102306,23.3333333333,35.0,3.0,0.25,3.0,0.3333333333,0,1,1,2,0.013682733846737467,8.343522611810364,8.86859257937643,8.606057595593398,C,F,0.5250699675660666,0,0,2,1
diagnostic_fast,102054,23.3333333333,35.0,0.75,3.0,3.0,0.3333333333,0,1,1,2,0.013708056470759828,8.32843776127881,8.853507728844876,8.590972745061844,C,F,0.5250699675660666,0,0,2,1
diagnostic_fast,102369,23.3333333333,35.0,3.0,3.0,3.0,0.3333333333,0,1,1,2,0.013708056470759828,8.338688690182686,8.863758657748752,8.60122367396572,C,F,0.5250699675660666,0,0,2,1
diagnostic_fast,121836,29.1666666667,35.0,-3.75,0.25,3.0,0.3333333333,0,1,1,2,6.933773431780895,8.896103158438738,9.421173126004803,9.15863814222177,C,F,0.5250699675660648,0,0,2,1
diagnostic_fast,121899,29.1666666667,35.0,-3.75,3.0,3.0,0.3333333333,0,1,1,2,5.2973057783642545,8.891269236811059,9.416339204377124,9.153804220594091,C,F,0.5250699675660648,0,0,2,1
diagnostic_fast,121521,29.1666666667,35.0,-6.0,0.25,3.0,0.3333333333,0,1,1,2,6.933773431780895,8.885852229534862,9.410922197100927,9.148387213317895,C,F,0.5250699675660648,0,0,2,1
diagnostic_fast,121584,29.1666666667,35.0,-6.0,3.0,3.0,0.3333333333,0,1,1,2,5.2973057783642545,8.881018307907183,9.406088275473248,9.143553291690216,C,F,0.5250699675660648,0,0,2,1
diagnostic_fast,122214,29.1666666667,35.0,-1.5,3.0,3.0,0.3333333333,0,1,1,2,5.2973057783642545,8.901520165714935,9.426590133281,9.164055149497967,C,F,0.5250699675660648,0,0,2,1
diagnostic_fast,122151,29.1666666667,35.0,-1.5,0.25,3.0,0.3333333333,0,1,1,2,6.933773431780895,8.906354087342613,9.431424054908678,9.168889071125646,C,F,0.5250699675660648,0,0,2,1
diagnostic_fast,142880,35.0,35.0,0.75,-2.5,3.0,1.0,0,1,1,2,47.32981550431698,106.2280791691646,106.73696786939271,106.48252351927866,C,F,0.5088887002281126,0,0,2,1
diagnostic_fast,143195,35.0,35.0,3.0,-2.5,3.0,1.0,0,1,1,2,47.32981550431698,106.23833009806847,106.74721879829659,106.49277444818253,C,F,0.5088887002281126,0,0,2,1
diagnostic_fast,142250,35.0,35.0,-3.75,-2.5,3.0,1.0,0,1,1,2,47.32981550431698,63.92317220675545,64.43206090698357,64.17761655686951,C,F,0.5088887002281126,0,0,2,1
diagnostic_fast,122720,29.1666666667,35.0,3.0,-2.5,3.0,1.0,0,1,1,2,10.854112467508594,63.37059166013708,63.879480360365186,63.62503601025114,C,F,0.5088887002281055,0,0,2,1
diagnostic_fast,142565,35.0,35.0,-1.5,-2.5,3.0,1.0,0,1,1,2,47.32981550431698,63.93342313565933,64.44231183588744,64.18786748577338,C,F,0.5088887002281055,0,0,2,1
diagnostic_fast,122405,29.1666666667,35.0,0.75,-2.5,3.0,1.0,0,1,1,2,10.854112467508594,63.36034073123321,63.869229431461314,63.614785081347264,C,F,0.5088887002281055,0,0,2,1
diagnostic_fast,141935,35.0,35.0,-6.0,-2.5,3.0,1.0,0,1,1,2,47.32981550431698,63.91292127785158,64.42180997807968,64.16736562796564,C,F,0.5088887002280984,0,0,2,1
diagnostic_fast,102245,23.3333333333,35.0,3.0,-2.5,3.0,1.0,0,1,1,2,0.013671875,26.275509242416852,26.783764701913856,26.529636972165356,C,F,0.5082554594970041,0,0,2,1
diagnostic_fast,121460,29.1666666667,35.0,-6.0,-2.5,3.0,1.0,0,1,1,2,10.854112467508594,26.81783886014135,27.326094319638354,27.071966589889854,C,F,0.5082554594970041,0,0,2,1
diagnostic_fast,122090,29.1666666667,35.0,-1.5,-2.5,3.0,1.0,0,1,1,2,10.854112467508594,26.8383407179491,27.346596177446106,27.092468447697605,C,F,0.5082554594970041,0,0,2,1
diagnostic_fast,101930,23.3333333333,35.0,0.75,-2.5,3.0,1.0,0,1,1,2,0.013671875,26.265258313512977,26.77351377300998,26.519386043261477,C,F,0.5082554594970041,0,0,2,1
diagnostic_fast,121775,29.1666666667,35.0,-3.75,-2.5,3.0,1.0,0,1,1,2,10.854112467508594,26.828089789045226,27.33634524854223,27.082217518793726,C,F,0.5082554594970041,0,0,2,1
diagnostic_fast,141681,35.0,32.08333333335,3.0,0.25,3.0,0.3333333333,0,1,1,2,56.698691909332396,101.64031424994596,102.12185705927027,101.88108565460811,C,F,0.48154280932430993,0,0,2,1
diagnostic_fast,141114,35.0,32.08333333335,-1.5,3.0,3.0,0.3333333333,0,1,1,2,55.19468789768565,59.33057336590913,59.81211617523344,59.57134477057129,C,F,0.48154280932430993,0,0,2,1
diagnostic_fast,141429,35.0,32.08333333335,0.75,3.0,3.0,0.3333333333,0,1,1,2,55.19468789768565,101.6252293994144,102.1067722087387,101.86600080407655,C,F,0.48154280932430993,0,0,2,1
diagnostic_fast,120891,29.1666666667,32.08333333335,0.75,0.25,3.0,0.3333333333,0,1,1,2,20.19566303820194,58.762324883110686,59.243867692434996,59.00309628777284,C,F,0.48154280932430993,0,0,2,1
diagnostic_fast,140421,35.0,32.08333333335,-6.0,0.25,3.0,0.3333333333,0,1,1,2,56.698691909332396,59.31490542972906,59.79644823905337,59.555676834391214,C,F,0.48154280932430993,0,0,2,1
diagnostic_fast,121269,29.1666666667,32.08333333335,3.0,3.0,3.0,0.3333333333,0,1,1,2,18.693410184645913,58.76774189038689,59.2492846997112,59.00851329504904,C,F,0.48154280932430993,0,0,2,1
diagnostic_fast,140799,35.0,32.08333333335,-3.75,3.0,3.0,0.3333333333,0,1,1,2,55.19468789768565,59.32032243700526,59.80186524632957,59.561093841667414,C,F,0.48154280932430993,0,0,2,1
diagnostic_fast,140736,35.0,32.08333333335,-3.75,0.25,3.0,0.3333333333,0,1,1,2,56.698691909332396,59.32515635863294,59.80669916795725,59.56592776329509,C,F,0.48154280932430993,0,0,2,1
diagnostic_fast,120954,29.1666666667,32.08333333335,0.75,3.0,3.0,0.3333333333,0,1,1,2,18.693410184645913,58.75749096148301,59.23903377080732,58.99826236614516,C,F,0.48154280932430993,0,0,2,1
diagnostic_fast,141744,35.0,32.08333333335,3.0,3.0,3.0,0.3333333333,0,1,1,2,55.19468789768565,101.63548032831828,102.11702313764259,101.87625173298044,C,F,0.48154280932430993,0,0,2,1
diagnostic_fast,141366,35.0,32.08333333335,0.75,0.25,3.0,0.3333333333,0,1,1,2,56.698691909332396,101.63006332104207,102.11160613036638,101.87083472570423,C,F,0.48154280932430993,0,0,2,1
diagnostic_fast,140484,35.0,32.08333333335,-6.0,3.0,3.0,0.3333333333,0,1,1,2,55.19468789768565,59.31007150810138,59.79161431742569,59.550842912763535,C,F,0.48154280932430993,0,0,2,1
diagnostic_fast,141051,35.0,32.08333333335,-1.5,0.25,3.0,0.3333333333,0,1,1,2,56.698691909332396,59.33540728753681,59.81695009686112,59.576178692198965,C,F,0.48154280932430993,0,0,2,1
diagnostic_fast,121206,29.1666666667,32.08333333335,3.0,0.25,3.0,0.3333333333,0,1,1,2,20.19566303820194,58.772575812014566,59.254118621338876,59.01334721667672,C,F,0.48154280932430993,0,0,2,1
diagnostic_fast,100794,23.3333333333,32.08333333335,3.0,3.0,3.0,0.3333333333,0,1,1,2,0.012568733554099671,21.678592063852808,22.15955944743367,21.919075755643238,C,F,0.480967383580861,0,0,2,1
diagnostic_fast,120639,29.1666666667,32.08333333335,-1.5,3.0,3.0,0.3333333333,0,1,1,2,18.693410184645913,22.241423539385057,22.722390922965918,22.481907231175487,C,F,0.480967383580861,0,0,2,1
diagnostic_fast,100731,23.3333333333,32.08333333335,3.0,0.25,3.0,0.3333333333,0,1,1,2,0.01254341093007731,21.683425985480486,22.164393369061347,21.923909677270917,C,F,0.480967383580861,0,0,2,1
diagnostic_nominal,122279,29.1666666667,35.0,0.75,-8.0,3.0,1.0,0,1,1,2,11.325603823175872,63.36177986782557,64.03184805240718,63.69681396011637,C,F,0.6700681845816163,0,0,2,1
diagnostic_nominal,141809,35.0,35.0,-6.0,-8.0,3.0,1.0,0,1,1,2,47.80182820804934,63.91436041444394,64.58442859902556,64.24939450673475,C,F,0.6700681845816163,0,0,2,1
diagnostic_nominal,142124,35.0,35.0,-3.75,-8.0,3.0,1.0,0,1,1,2,47.80182820804934,63.92461134334782,64.59467952792943,64.25964543563862,C,F,0.6700681845816092,0,0,2,1
diagnostic_nominal,143069,35.0,35.0,3.0,-8.0,3.0,1.0,0,1,1,2,47.80182820804934,106.23976923466084,106.90983741924245,106.57480332695164,C,F,0.6700681845816092,0,0,2,1
diagnostic_nominal,142754,35.0,35.0,0.75,-8.0,3.0,1.0,0,1,1,2,47.80182820804934,106.22951830575697,106.89958649033858,106.56455239804777,C,F,0.6700681845816092,0,0,2,1
diagnostic_nominal,142439,35.0,35.0,-1.5,-8.0,3.0,1.0,0,1,1,2,47.80182820804934,63.93486227225169,64.6049304568333,64.26989636454249,C,F,0.6700681845816092,0,0,2,1
diagnostic_nominal,122594,29.1666666667,35.0,3.0,-8.0,3.0,1.0,0,1,1,2,11.325603823175872,63.37203079672945,64.04209898131106,63.70706488902025,C,F,0.6700681845816092,0,0,2,1
diagnostic_nominal,102119,23.3333333333,35.0,3.0,-8.0,3.0,1.0,0,1,1,2,0.013671875,26.276948379009216,26.94618217566792,26.61156527733857,C,F,0.6692337966587054,0,0,2,1
diagnostic_nominal,121334,29.1666666667,35.0,-6.0,-8.0,3.0,1.0,0,1,1,2,11.325603823175872,26.819277996733714,27.48851179339242,27.15389489506307,C,F,0.6692337966587054,0,0,2,1
diagnostic_nominal,101804,23.3333333333,35.0,0.75,-8.0,3.0,1.0,0,1,1,2,0.013671875,26.26669745010534,26.935931246764046,26.60131434843469,C,F,0.6692337966587054,0,0,2,1
diagnostic_nominal,121964,29.1666666667,35.0,-1.5,-8.0,3.0,1.0,0,1,1,2,11.325603823175872,26.839779854541465,27.50901365120017,27.17439675287082,C,F,0.6692337966587054,0,0,2,1
diagnostic_nominal,121649,29.1666666667,35.0,-3.75,-8.0,3.0,1.0,0,1,1,2,11.325603823175872,26.82952892563759,27.498762722296295,27.16414582396694,C,F,0.6692337966587054,0,0,2,1
diagnostic_nominal,120389,29.1666666667,32.08333333335,-1.5,-8.0,3.0,1.0,0,1,1,2,24.220129941831498,38.690440539839926,39.2965588280649,38.993499683952415,C,F,0.6061182882249767,0,0,2,1
diagnostic_nominal,120074,29.1666666667,32.08333333335,-3.75,-8.0,3.0,1.0,0,1,1,2,24.220129941831498,38.680189610936054,39.28630789916103,38.98324875504854,C,F,0.6061182882249767,0,0,2,1
diagnostic_nominal,140234,35.0,32.08333333335,-6.0,-8.0,3.0,1.0,0,1,1,2,60.72795196481238,75.77701952899001,76.38313781721499,76.08007867310249,C,F,0.6061182882249767,0,0,2,1
diagnostic_nominal,100544,23.3333333333,32.08333333335,3.0,-8.0,3.0,1.0,0,1,1,2,0.012532552083339844,38.12760906430768,38.733727352532654,38.430668208420165,C,F,0.6061182882249767,0,0,2,1
diagnostic_nominal,140549,35.0,32.08333333335,-3.75,-8.0,3.0,1.0,0,1,1,2,60.72795196481238,75.7872704578939,76.39338874611887,76.09032960200639,C,F,0.6061182882249767,0,0,2,1
diagnostic_nominal,119759,29.1666666667,32.08333333335,-6.0,-8.0,3.0,1.0,0,1,1,2,24.220129941831498,38.669938682032175,39.27605697025715,38.97299782614466,C,F,0.6061182882249767,0,0,2,1
diagnostic_nominal,140864,35.0,32.08333333335,-1.5,-8.0,3.0,1.0,0,1,1,2,60.72795196481238,75.79752138679777,76.40363967502275,76.10058053091026,C,F,0.6061182882249767,0,0,2,1
diagnostic_nominal,121019,29.1666666667,32.08333333335,3.0,-8.0,3.0,1.0,0,1,1,2,24.220129941831498,75.23468991127552,75.8408081995005,75.53774905538802,C,F,0.6061182882249767,0,0,2,1
diagnostic_nominal,100229,23.3333333333,32.08333333335,0.75,-8.0,3.0,1.0,0,1,1,2,0.012532552083339844,38.117358135403805,38.72347642362878,38.42041727951629,C,F,0.6061182882249767,0,0,2,1
diagnostic_nominal,120704,29.1666666667,32.08333333335,0.75,-8.0,3.0,1.0,0,1,1,2,24.220129941831498,75.22443898237164,75.83055727059661,75.52749812648412,C,F,0.6061182882249767,0,0,2,1
diagnostic_nominal,141179,35.0,32.08333333335,0.75,-8.0,3.0,1.0,0,1,1,2,60.72795196481238,118.09217742030303,118.698295708528,118.39523656441551,C,F,0.6061182882249625,0,0,2,1
diagnostic_nominal,141494,35.0,32.08333333335,3.0,-8.0,3.0,1.0,0,1,1,2,60.72795196481238,118.1024283492069,118.70854663743187,118.40548749331938,C,F,0.6061182882249625,0,0,2,1
diagnostic_nominal,99284,23.3333333333,32.08333333335,-6.0,-8.0,3.0,1.0,0,1,1,2,0.012532552083339844,7.359381779010542,7.964813655830268,7.662097717420405,C,F,0.6054318768197255,0,0,2,1
diagnostic_nominal,80069,17.5,32.08333333335,3.0,-8.0,3.0,1.0,0,1,1,2,0.012532552083339844,6.817052161296045,7.422484038115771,7.119768099705908,C,F,0.6054318768197255,0,0,2,1
diagnostic_nominal,99599,23.3333333333,32.08333333335,-3.75,-8.0,3.0,1.0,0,1,1,2,0.012532552083339844,7.369632707914418,7.9750645847341435,7.672348646324281,C,F,0.6054318768197255,0,0,2,1
diagnostic_nominal,79754,17.5,32.08333333335,0.75,-8.0,3.0,1.0,0,1,1,2,0.012532552083339844,6.80680123239217,7.412233109211895,7.109517170802032,C,F,0.6054318768197255,0,0,2,1
diagnostic_nominal,99914,23.3333333333,32.08333333335,-1.5,-8.0,3.0,1.0,0,1,1,2,0.012532552083339844,7.379883636818294,7.985315513638019,7.682599575228156,C,F,0.6054318768197255,0,0,2,1
diagnostic_nominal,141872,35.0,35.0,-6.0,-5.25,3.0,1.0,0,1,1,2,47.5660111839147,63.91364084614776,64.5031474712459,64.20839415869682,C,F,0.5895066250981387,0,0,2,1
diagnostic_nominal,122657,29.1666666667,35.0,3.0,-5.25,3.0,1.0,0,1,1,2,11.09004747307377,63.371311228433264,63.960817853531395,63.66606454098233,C,F,0.5895066250981316,0,0,2,1
diagnostic_nominal,142502,35.0,35.0,-1.5,-5.25,3.0,1.0,0,1,1,2,47.5660111839147,63.93414270395551,64.52364932905364,64.22889601650458,C,F,0.5895066250981316,0,0,2,1
diagnostic_nominal,122342,29.1666666667,35.0,0.75,-5.25,3.0,1.0,0,1,1,2,11.09004747307377,63.361060299529385,63.950566924627516,63.65581361207845,C,F,0.5895066250981316,0,0,2,1
diagnostic_nominal,142187,35.0,35.0,-3.75,-5.25,3.0,1.0,0,1,1,2,47.5660111839147,63.923891775051636,64.51339840014977,64.2186450876007,C,F,0.5895066250981316,0,0,2,1
diagnostic_nominal,143132,35.0,35.0,3.0,-5.25,3.0,1.0,0,1,1,2,47.5660111839147,106.23904966636466,106.82855629146279,106.53380297891373,C,F,0.5895066250981245,0,0,2,1
diagnostic_nominal,142817,35.0,35.0,0.75,-5.25,3.0,1.0,0,1,1,2,47.5660111839147,106.22879873746078,106.8183053625589,106.52355205000984,C,F,0.5895066250981245,0,0,2,1
diagnostic_nominal,101867,23.3333333333,35.0,0.75,-5.25,3.0,1.0,0,1,1,2,0.013671875,26.26597788180916,26.85475069258029,26.560364287194723,C,F,0.588772810771129,0,0,2,1
diagnostic_nominal,102182,23.3333333333,35.0,3.0,-5.25,3.0,1.0,0,1,1,2,0.013671875,26.276228810713036,26.865001621484165,26.570615216098602,C,F,0.588772810771129,0,0,2,1
diagnostic_nominal,121712,29.1666666667,35.0,-3.75,-5.25,3.0,1.0,0,1,1,2,11.09004747307377,26.82880935734141,27.41758216811254,27.123195762726972,C,F,0.588772810771129,0,0,2,1
diagnostic_nominal,122027,29.1666666667,35.0,-1.5,-5.25,3.0,1.0,0,1,1,2,11.09004747307377,26.839060286245285,27.427833097016414,27.13344669163085,C,F,0.588772810771129,0,0,2,1
diagnostic_nominal,121397,29.1666666667,35.0,-6.0,-5.25,3.0,1.0,0,1,1,2,11.09004747307377,26.818558428437534,27.407331239208663,27.1129448338231,C,F,0.588772810771129,0,0,2,1
diagnostic_nominal,118499,29.1666666667,29.1666666667,-3.75,-8.0,3.0,1.0,0,1,1,2,36.076179104068416,49.488693085171505,50.030862280996786,49.759777683084145,C,F,0.5421691958252808,0,0,2,1
diagnostic_nominal,118814,29.1666666667,29.1666666667,-1.5,-8.0,3.0,1.0,0,1,1,2,36.076179104068416,49.498944014075384,50.041113209900665,49.770028611988025,C,F,0.5421691958252808,0,0,2,1
diagnostic_nominal,98654,23.3333333333,29.1666666667,0.75,-8.0,3.0,1.0,0,1,1,2,5.352186141709361,48.92586160963926,49.468030805464544,49.1969462075519,C,F,0.5421691958252808,0,0,2,1
diagnostic_nominal,118184,29.1666666667,29.1666666667,-6.0,-8.0,3.0,1.0,0,1,1,2,36.076179104068416,49.47844215626763,50.020611352092914,49.74952675418027,C,F,0.5421691958252808,0,0,2,1
diagnostic_nominal,98969,23.3333333333,29.1666666667,3.0,-8.0,3.0,1.0,0,1,1,2,5.352186141709361,48.936112538543135,49.478281734368416,49.207197136455775,C,F,0.5421691958252808,0,0,2,1
diagnostic_nominal,139919,35.0,29.1666666667,3.0,-8.0,3.0,1.0,0,1,1,2,72.59992661769627,128.91093182344238,129.45310101926765,129.182016421355,C,F,0.5421691958252666,0,0,2,1
diagnostic_nominal,119444,29.1666666667,29.1666666667,3.0,-8.0,3.0,1.0,0,1,1,2,36.076179104068416,86.04319338551099,86.58536258133626,86.31427798342362,C,F,0.5421691958252666,0,0,2,1
diagnostic_nominal,138974,35.0,29.1666666667,-3.75,-8.0,3.0,1.0,0,1,1,2,72.59992661769627,86.59577393212936,87.13794312795463,86.866858530042,C,F,0.5421691958252666,0,0,2,1
diagnostic_nominal,119129,29.1666666667,29.1666666667,0.75,-8.0,3.0,1.0,0,1,1,2,36.076179104068416,86.03294245660712,86.57511165243238,86.30402705451975,C,F,0.5421691958252666,0,0,2,1
diagnostic_nominal,138659,35.0,29.1666666667,-6.0,-8.0,3.0,1.0,0,1,1,2,72.59992661769627,86.58552300322549,87.12769219905076,86.85660760113812,C,F,0.5421691958252666,0,0,2,1
diagnostic_nominal,139604,35.0,29.1666666667,0.75,-8.0,3.0,1.0,0,1,1,2,72.59992661769627,128.9006808945385,129.44285009036378,129.17176549245113,C,F,0.5421691958252666,0,0,2,1
diagnostic_nominal,139289,35.0,29.1666666667,-1.5,-8.0,3.0,1.0,0,1,1,2,72.59992661769627,86.60602486103323,87.1481940568585,86.87710945894587,C,F,0.5421691958252666,0,0,2,1
diagnostic_nominal,78494,17.5,29.1666666667,3.0,-8.0,3.0,1.0,0,1,1,2,0.011393229166679689,17.59956175596938,18.141044540389416,17.870303148179396,C,F,0.5414827844200367,0,0,2,1
diagnostic_nominal,97709,23.3333333333,29.1666666667,-6.0,-8.0,3.0,1.0,0,1,1,2,5.352186141709361,18.141891373683876,18.683374158103913,18.412632765893896,C,F,0.5414827844200367,0,0,2,1
diagnostic_nominal,78179,17.5,29.1666666667,0.75,-8.0,3.0,1.0,0,1,1,2,0.011393229166679689,17.589310827065503,18.13079361148554,17.860052219275524,C,F,0.5414827844200367,0,0,2,1
diagnostic_nominal,98339,23.3333333333,29.1666666667,-1.5,-8.0,3.0,1.0,0,1,1,2,5.352186141709361,18.162393231491627,18.703876015911664,18.433134623701648,C,F,0.5414827844200367,0,0,2,1
diagnostic_nominal,98024,23.3333333333,29.1666666667,-3.75,-8.0,3.0,1.0,0,1,1,2,5.352186141709361,18.15214230258775,18.69362508700779,18.42288369479777,C,F,0.5414827844200367,0,0,2,1
diagnostic_nominal,120767,29.1666666667,32.08333333335,0.75,-5.25,3.0,1.0,0,1,1,2,24.00455252680474,75.22371941407546,75.75698438894223,75.49035190150884,C,F,0.5332649748667677,0,0,2,1
diagnostic_nominal,100292,23.3333333333,32.08333333335,0.75,-5.25,3.0,1.0,0,1,1,2,0.012532552083339844,38.11663856710762,38.64990354197439,38.383271054541005,C,F,0.5332649748667677,0,0,2,1
diagnostic_nominal,121082,29.1666666667,32.08333333335,3.0,-5.25,3.0,1.0,0,1,1,2,24.00455252680474,75.23397034297933,75.7672353178461,75.50060283041272,C,F,0.5332649748667677,0,0,2,1
diagnostic_nominal,100607,23.3333333333,32.08333333335,3.0,-5.25,3.0,1.0,0,1,1,2,0.012532552083339844,38.1268894960115,38.66015447087827,38.393521983444884,C,F,0.5332649748667677,0,0,2,1
diagnostic_nominal,140297,35.0,32.08333333335,-6.0,-5.25,3.0,1.0,0,1,1,2,60.51211387575308,75.77629996069383,76.3095649355606,76.04293244812722,C,F,0.5332649748667677,0,0,2,1
diagnostic_nominal,140612,35.0,32.08333333335,-3.75,-5.25,3.0,1.0,0,1,1,2,60.51211387575308,75.7865508895977,76.31981586446447,76.05318337703109,C,F,0.5332649748667677,0,0,2,1
diagnostic_nominal,119822,29.1666666667,32.08333333335,-6.0,-5.25,3.0,1.0,0,1,1,2,24.00455252680474,38.669219113736,39.202484088602766,38.93585160116938,C,F,0.5332649748667677,0,0,2,1
diagnostic_nominal,140927,35.0,32.08333333335,-1.5,-5.25,3.0,1.0,0,1,1,2,60.51211387575308,75.79680181850159,76.33006679336836,76.06343430593498,C,F,0.5332649748667677,0,0,2,1
diagnostic_nominal,120452,29.1666666667,32.08333333335,-1.5,-5.25,3.0,1.0,0,1,1,2,24.00455252680474,38.68972097154375,39.22298594641052,38.956353458977134,C,F,0.5332649748667677,0,0,2,1
diagnostic_nominal,120137,29.1666666667,32.08333333335,-3.75,-5.25,3.0,1.0,0,1,1,2,24.00455252680474,38.67947004263987,39.21273501750664,38.946102530073254,C,F,0.5332649748667677,0,0,2,1
diagnostic_nominal,141557,35.0,32.08333333335,3.0,-5.25,3.0,1.0,0,1,1,2,60.51211387575308,118.10170878091073,118.6349737557775,118.36834126834411,C,F,0.5332649748667677,0,0,2,1
diagnostic_nominal,141242,35.0,32.08333333335,0.75,-5.25,3.0,1.0,0,1,1,2,60.51211387575308,118.09145785200685,118.62472282687362,118.35809033944024,C,F,0.5332649748667677,0,0,2,1
diagnostic_nominal,79817,17.5,32.08333333335,0.75,-5.25,3.0,1.0,0,1,1,2,0.012532552083339844,6.806081664095988,7.338742964689001,7.072412314392494,C,F,0.5326613005930128,0,0,2,1
diagnostic_nominal,99977,23.3333333333,32.08333333335,-1.5,-5.25,3.0,1.0,0,1,1,2,0.012532552083339844,7.379164068522113,7.9118253691151255,7.645494718818619,C,F,0.5326613005930128,0,0,2,1
diagnostic_nominal,80132,17.5,32.08333333335,3.0,-5.25,3.0,1.0,0,1,1,2,0.012532552083339844,6.8163325929998635,7.348993893592876,7.08266324329637,C,F,0.5326613005930128,0,0,2,1
diagnostic_nominal,99347,23.3333333333,32.08333333335,-6.0,-5.25,3.0,1.0,0,1,1,2,0.012532552083339844,7.358662210714361,7.891323511307374,7.624992861010868,C,F,0.5326613005930128,0,0,2,1
diagnostic_nominal,99662,23.3333333333,32.08333333335,-3.75,-5.25,3.0,1.0,0,1,1,2,0.012532552083339844,7.368913139618237,7.90157444021125,7.635243789914743,C,F,0.5326613005930128,0,0,2,1
diagnostic_nominal,122466,29.1666666667,35.0,0.75,0.25,3.0,0.3333333333,0,1,1,2,6.933773431780895,45.39082387133316,45.91646926464267,45.65364656798792,C,F,0.5256453933095102,0,0,2,1
diagnostic_nominal,122529,29.1666666667,35.0,0.75,3.0,3.0,0.3333333333,0,1,1,2,5.2973057783642545,45.38598994970548,45.91163534301499,45.64881264636024,C,F,0.5256453933095102,0,0,2,1
diagnostic_nominal,122844,29.1666666667,35.0,3.0,3.0,3.0,0.3333333333,0,1,1,2,5.2973057783642545,45.39624087860936,45.92188627191887,45.65906357526411,C,F,0.5256453933095102,0,0,2,1
diagnostic_nominal,142626,35.0,35.0,-1.5,0.25,3.0,0.3333333333,0,1,1,2,43.40520466480395,45.963906275759285,46.489551669068796,46.22672897241404,C,F,0.5256453933095102,0,0,2,1
diagnostic_nominal,142689,35.0,35.0,-1.5,3.0,3.0,0.3333333333,0,1,1,2,41.76698585329658,45.95907235413161,46.48471774744112,46.22189505078636,C,F,0.5256453933095102,0,0,2,1
diagnostic_nominal,122781,29.1666666667,35.0,3.0,0.25,3.0,0.3333333333,0,1,1,2,6.933773431780895,45.40107480023704,45.92672019354655,45.66389749689179,C,F,0.5256453933095102,0,0,2,1
diagnostic_nominal,141996,35.0,35.0,-6.0,0.25,3.0,0.3333333333,0,1,1,2,43.40520466480395,45.943404417951534,46.469049811261044,46.20622711460629,C,F,0.5256453933095102,0,0,2,1
diagnostic_nominal,142059,35.0,35.0,-6.0,3.0,3.0,0.3333333333,0,1,1,2,41.76698585329658,45.938570496323855,46.464215889633365,46.201393192978614,C,F,0.5256453933095102,0,0,2,1
diagnostic_nominal,142374,35.0,35.0,-3.75,3.0,3.0,0.3333333333,0,1,1,2,41.76698585329658,45.948821425227734,46.474466818537245,46.211644121882486,C,F,0.5256453933095102,0,0,2,1
diagnostic_nominal,142311,35.0,35.0,-3.75,0.25,3.0,0.3333333333,0,1,1,2,43.40520466480395,45.95365534685541,46.47930074016492,46.216478043510165,C,F,0.5256453933095102,0,0,2,1
diagnostic_nominal,143319,35.0,35.0,3.0,3.0,3.0,0.3333333333,0,1,1,2,41.76698585329658,88.26397931654076,88.78962470985026,88.5268020131955,C,F,0.5256453933095031,0,0,2,1
diagnostic_nominal,142941,35.0,35.0,0.75,0.25,3.0,0.3333333333,0,1,1,2,43.40520466480395,88.25856230926456,88.78420770257407,88.52138500591931,C,F,0.5256453933095031,0,0,2,1
diagnostic_nominal,143256,35.0,35.0,3.0,0.25,3.0,0.3333333333,0,1,1,2,43.40520466480395,88.26881323816843,88.79445863147794,88.53163593482319,C,F,0.5256453933095031,0,0,2,1
diagnostic_nominal,143004,35.0,35.0,0.75,3.0,3.0,0.3333333333,0,1,1,2,41.76698585329658,88.25372838763688,88.77937378094639,88.51655108429163,C,F,0.5256453933095031,0,0,2,1
diagnostic_nominal,101991,23.3333333333,35.0,0.75,0.25,3.0,0.3333333333,0,1,1,2,0.013682733846737467,8.333271682906489,8.858341650472555,8.595806666689523,C,F,0.5250699675660666,0,0,2,1
diagnostic_nominal,102306,23.3333333333,35.0,3.0,0.25,3.0,0.3333333333,0,1,1,2,0.013682733846737467,8.343522611810364,8.86859257937643,8.606057595593398,C,F,0.5250699675660666,0,0,2,1
diagnostic_nominal,102054,23.3333333333,35.0,0.75,3.0,3.0,0.3333333333,0,1,1,2,0.013708056470759828,8.32843776127881,8.853507728844876,8.590972745061844,C,F,0.5250699675660666,0,0,2,1
diagnostic_nominal,102369,23.3333333333,35.0,3.0,3.0,3.0,0.3333333333,0,1,1,2,0.013708056470759828,8.338688690182686,8.863758657748752,8.60122367396572,C,F,0.5250699675660666,0,0,2,1
diagnostic_nominal,121836,29.1666666667,35.0,-3.75,0.25,3.0,0.3333333333,0,1,1,2,6.933773431780895,8.896103158438738,9.421173126004803,9.15863814222177,C,F,0.5250699675660648,0,0,2,1
diagnostic_nominal,121899,29.1666666667,35.0,-3.75,3.0,3.0,0.3333333333,0,1,1,2,5.2973057783642545,8.891269236811059,9.416339204377124,9.153804220594091,C,F,0.5250699675660648,0,0,2,1
diagnostic_nominal,121521,29.1666666667,35.0,-6.0,0.25,3.0,0.3333333333,0,1,1,2,6.933773431780895,8.885852229534862,9.410922197100927,9.148387213317895,C,F,0.5250699675660648,0,0,2,1
diagnostic_nominal,121584,29.1666666667,35.0,-6.0,3.0,3.0,0.3333333333,0,1,1,2,5.2973057783642545,8.881018307907183,9.406088275473248,9.143553291690216,C,F,0.5250699675660648,0,0,2,1
diagnostic_nominal,122214,29.1666666667,35.0,-1.5,3.0,3.0,0.3333333333,0,1,1,2,5.2973057783642545,8.901520165714935,9.426590133281,9.164055149497967,C,F,0.5250699675660648,0,0,2,1
diagnostic_nominal,122151,29.1666666667,35.0,-1.5,0.25,3.0,0.3333333333,0,1,1,2,6.933773431780895,8.906354087342613,9.431424054908678,9.168889071125646,C,F,0.5250699675660648,0,0,2,1
diagnostic_nominal,142880,35.0,35.0,0.75,-2.5,3.0,1.0,0,1,1,2,47.32981550431698,106.2280791691646,106.73696786939271,106.48252351927866,C,F,0.5088887002281126,0,0,2,1
diagnostic_nominal,143195,35.0,35.0,3.0,-2.5,3.0,1.0,0,1,1,2,47.32981550431698,106.23833009806847,106.74721879829659,106.49277444818253,C,F,0.5088887002281126,0,0,2,1
diagnostic_nominal,142250,35.0,35.0,-3.75,-2.5,3.0,1.0,0,1,1,2,47.32981550431698,63.92317220675545,64.43206090698357,64.17761655686951,C,F,0.5088887002281126,0,0,2,1
diagnostic_nominal,122720,29.1666666667,35.0,3.0,-2.5,3.0,1.0,0,1,1,2,10.854112467508594,63.37059166013708,63.879480360365186,63.62503601025114,C,F,0.5088887002281055,0,0,2,1
diagnostic_nominal,142565,35.0,35.0,-1.5,-2.5,3.0,1.0,0,1,1,2,47.32981550431698,63.93342313565933,64.44231183588744,64.18786748577338,C,F,0.5088887002281055,0,0,2,1
diagnostic_nominal,122405,29.1666666667,35.0,0.75,-2.5,3.0,1.0,0,1,1,2,10.854112467508594,63.36034073123321,63.869229431461314,63.614785081347264,C,F,0.5088887002281055,0,0,2,1
diagnostic_nominal,141935,35.0,35.0,-6.0,-2.5,3.0,1.0,0,1,1,2,47.32981550431698,63.91292127785158,64.42180997807968,64.16736562796564,C,F,0.5088887002280984,0,0,2,1
diagnostic_nominal,102245,23.3333333333,35.0,3.0,-2.5,3.0,1.0,0,1,1,2,0.013671875,26.275509242416852,26.783764701913856,26.529636972165356,C,F,0.5082554594970041,0,0,2,1
diagnostic_nominal,121460,29.1666666667,35.0,-6.0,-2.5,3.0,1.0,0,1,1,2,10.854112467508594,26.81783886014135,27.326094319638354,27.071966589889854,C,F,0.5082554594970041,0,0,2,1
diagnostic_nominal,122090,29.1666666667,35.0,-1.5,-2.5,3.0,1.0,0,1,1,2,10.854112467508594,26.8383407179491,27.346596177446106,27.092468447697605,C,F,0.5082554594970041,0,0,2,1
diagnostic_nominal,101930,23.3333333333,35.0,0.75,-2.5,3.0,1.0,0,1,1,2,0.013671875,26.265258313512977,26.77351377300998,26.519386043261477,C,F,0.5082554594970041,0,0,2,1
diagnostic_nominal,121775,29.1666666667,35.0,-3.75,-2.5,3.0,1.0,0,1,1,2,10.854112467508594,26.828089789045226,27.33634524854223,27.082217518793726,C,F,0.5082554594970041,0,0,2,1
diagnostic_nominal,141681,35.0,32.08333333335,3.0,0.25,3.0,0.3333333333,0,1,1,2,56.698691909332396,101.64031424994596,102.12185705927027,101.88108565460811,C,F,0.48154280932430993,0,0,2,1
diagnostic_nominal,141114,35.0,32.08333333335,-1.5,3.0,3.0,0.3333333333,0,1,1,2,55.19468789768565,59.33057336590913,59.81211617523344,59.57134477057129,C,F,0.48154280932430993,0,0,2,1
diagnostic_nominal,141429,35.0,32.08333333335,0.75,3.0,3.0,0.3333333333,0,1,1,2,55.19468789768565,101.6252293994144,102.1067722087387,101.86600080407655,C,F,0.48154280932430993,0,0,2,1
diagnostic_nominal,120891,29.1666666667,32.08333333335,0.75,0.25,3.0,0.3333333333,0,1,1,2,20.19566303820194,58.762324883110686,59.243867692434996,59.00309628777284,C,F,0.48154280932430993,0,0,2,1
diagnostic_nominal,140421,35.0,32.08333333335,-6.0,0.25,3.0,0.3333333333,0,1,1,2,56.698691909332396,59.31490542972906,59.79644823905337,59.555676834391214,C,F,0.48154280932430993,0,0,2,1
diagnostic_nominal,121269,29.1666666667,32.08333333335,3.0,3.0,3.0,0.3333333333,0,1,1,2,18.693410184645913,58.76774189038689,59.2492846997112,59.00851329504904,C,F,0.48154280932430993,0,0,2,1
diagnostic_nominal,140799,35.0,32.08333333335,-3.75,3.0,3.0,0.3333333333,0,1,1,2,55.19468789768565,59.32032243700526,59.80186524632957,59.561093841667414,C,F,0.48154280932430993,0,0,2,1
diagnostic_nominal,140736,35.0,32.08333333335,-3.75,0.25,3.0,0.3333333333,0,1,1,2,56.698691909332396,59.32515635863294,59.80669916795725,59.56592776329509,C,F,0.48154280932430993,0,0,2,1
diagnostic_nominal,120954,29.1666666667,32.08333333335,0.75,3.0,3.0,0.3333333333,0,1,1,2,18.693410184645913,58.75749096148301,59.23903377080732,58.99826236614516,C,F,0.48154280932430993,0,0,2,1
diagnostic_nominal,141744,35.0,32.08333333335,3.0,3.0,3.0,0.3333333333,0,1,1,2,55.19468789768565,101.63548032831828,102.11702313764259,101.87625173298044,C,F,0.48154280932430993,0,0,2,1
diagnostic_nominal,141366,35.0,32.08333333335,0.75,0.25,3.0,0.3333333333,0,1,1,2,56.698691909332396,101.63006332104207,102.11160613036638,101.87083472570423,C,F,0.48154280932430993,0,0,2,1
diagnostic_nominal,140484,35.0,32.08333333335,-6.0,3.0,3.0,0.3333333333,0,1,1,2,55.19468789768565,59.31007150810138,59.79161431742569,59.550842912763535,C,F,0.48154280932430993,0,0,2,1
diagnostic_nominal,141051,35.0,32.08333333335,-1.5,0.25,3.0,0.3333333333,0,1,1,2,56.698691909332396,59.33540728753681,59.81695009686112,59.576178692198965,C,F,0.48154280932430993,0,0,2,1
diagnostic_nominal,121206,29.1666666667,32.08333333335,3.0,0.25,3.0,0.3333333333,0,1,1,2,20.19566303820194,58.772575812014566,59.254118621338876,59.01334721667672,C,F,0.48154280932430993,0,0,2,1
diagnostic_nominal,100794,23.3333333333,32.08333333335,3.0,3.0,3.0,0.3333333333,0,1,1,2,0.012568733554099671,21.678592063852808,22.15955944743367,21.919075755643238,C,F,0.480967383580861,0,0,2,1
diagnostic_nominal,120639,29.1666666667,32.08333333335,-1.5,3.0,3.0,0.3333333333,0,1,1,2,18.693410184645913,22.241423539385057,22.722390922965918,22.481907231175487,C,F,0.480967383580861,0,0,2,1
diagnostic_nominal,100731,23.3333333333,32.08333333335,3.0,0.25,3.0,0.3333333333,0,1,1,2,0.01254341093007731,21.683425985480486,22.164393369061347,21.923909677270917,C,F,0.480967383580861,0,0,2,1
diagnostic_stressed,122279,29.1666666667,35.0,0.75,-8.0,3.0,1.0,0,1,1,2,11.325603823175872,63.36177986782557,64.03184805240718,63.69681396011637,C,F,0.6700681845816163,0,0,2,1
diagnostic_stressed,141809,35.0,35.0,-6.0,-8.0,3.0,1.0,0,1,1,2,47.80182820804934,63.91436041444394,64.58442859902556,64.24939450673475,C,F,0.6700681845816163,0,0,2,1
diagnostic_stressed,142124,35.0,35.0,-3.75,-8.0,3.0,1.0,0,1,1,2,47.80182820804934,63.92461134334782,64.59467952792943,64.25964543563862,C,F,0.6700681845816092,0,0,2,1
diagnostic_stressed,143069,35.0,35.0,3.0,-8.0,3.0,1.0,0,1,1,2,47.80182820804934,106.23976923466084,106.90983741924245,106.57480332695164,C,F,0.6700681845816092,0,0,2,1
diagnostic_stressed,142754,35.0,35.0,0.75,-8.0,3.0,1.0,0,1,1,2,47.80182820804934,106.22951830575697,106.89958649033858,106.56455239804777,C,F,0.6700681845816092,0,0,2,1
diagnostic_stressed,142439,35.0,35.0,-1.5,-8.0,3.0,1.0,0,1,1,2,47.80182820804934,63.93486227225169,64.6049304568333,64.26989636454249,C,F,0.6700681845816092,0,0,2,1
diagnostic_stressed,122594,29.1666666667,35.0,3.0,-8.0,3.0,1.0,0,1,1,2,11.325603823175872,63.37203079672945,64.04209898131106,63.70706488902025,C,F,0.6700681845816092,0,0,2,1
diagnostic_stressed,102119,23.3333333333,35.0,3.0,-8.0,3.0,1.0,0,1,1,2,0.013671875,26.276948379009216,26.94618217566792,26.61156527733857,C,F,0.6692337966587054,0,0,2,1
diagnostic_stressed,121334,29.1666666667,35.0,-6.0,-8.0,3.0,1.0,0,1,1,2,11.325603823175872,26.819277996733714,27.48851179339242,27.15389489506307,C,F,0.6692337966587054,0,0,2,1
diagnostic_stressed,101804,23.3333333333,35.0,0.75,-8.0,3.0,1.0,0,1,1,2,0.013671875,26.26669745010534,26.935931246764046,26.60131434843469,C,F,0.6692337966587054,0,0,2,1
diagnostic_stressed,121964,29.1666666667,35.0,-1.5,-8.0,3.0,1.0,0,1,1,2,11.325603823175872,26.839779854541465,27.50901365120017,27.17439675287082,C,F,0.6692337966587054,0,0,2,1
diagnostic_stressed,121649,29.1666666667,35.0,-3.75,-8.0,3.0,1.0,0,1,1,2,11.325603823175872,26.82952892563759,27.498762722296295,27.16414582396694,C,F,0.6692337966587054,0,0,2,1
diagnostic_stressed,120389,29.1666666667,32.08333333335,-1.5,-8.0,3.0,1.0,0,1,1,2,24.220129941831498,38.690440539839926,39.2965588280649,38.993499683952415,C,F,0.6061182882249767,0,0,2,1
diagnostic_stressed,120074,29.1666666667,32.08333333335,-3.75,-8.0,3.0,1.0,0,1,1,2,24.220129941831498,38.680189610936054,39.28630789916103,38.98324875504854,C,F,0.6061182882249767,0,0,2,1
diagnostic_stressed,140234,35.0,32.08333333335,-6.0,-8.0,3.0,1.0,0,1,1,2,60.72795196481238,75.77701952899001,76.38313781721499,76.08007867310249,C,F,0.6061182882249767,0,0,2,1
diagnostic_stressed,100544,23.3333333333,32.08333333335,3.0,-8.0,3.0,1.0,0,1,1,2,0.012532552083339844,38.12760906430768,38.733727352532654,38.430668208420165,C,F,0.6061182882249767,0,0,2,1
diagnostic_stressed,140549,35.0,32.08333333335,-3.75,-8.0,3.0,1.0,0,1,1,2,60.72795196481238,75.7872704578939,76.39338874611887,76.09032960200639,C,F,0.6061182882249767,0,0,2,1
diagnostic_stressed,119759,29.1666666667,32.08333333335,-6.0,-8.0,3.0,1.0,0,1,1,2,24.220129941831498,38.669938682032175,39.27605697025715,38.97299782614466,C,F,0.6061182882249767,0,0,2,1
diagnostic_stressed,140864,35.0,32.08333333335,-1.5,-8.0,3.0,1.0,0,1,1,2,60.72795196481238,75.79752138679777,76.40363967502275,76.10058053091026,C,F,0.6061182882249767,0,0,2,1
diagnostic_stressed,121019,29.1666666667,32.08333333335,3.0,-8.0,3.0,1.0,0,1,1,2,24.220129941831498,75.23468991127552,75.8408081995005,75.53774905538802,C,F,0.6061182882249767,0,0,2,1
diagnostic_stressed,100229,23.3333333333,32.08333333335,0.75,-8.0,3.0,1.0,0,1,1,2,0.012532552083339844,38.117358135403805,38.72347642362878,38.42041727951629,C,F,0.6061182882249767,0,0,2,1
diagnostic_stressed,120704,29.1666666667,32.08333333335,0.75,-8.0,3.0,1.0,0,1,1,2,24.220129941831498,75.22443898237164,75.83055727059661,75.52749812648412,C,F,0.6061182882249767,0,0,2,1
diagnostic_stressed,141179,35.0,32.08333333335,0.75,-8.0,3.0,1.0,0,1,1,2,60.72795196481238,118.09217742030303,118.698295708528,118.39523656441551,C,F,0.6061182882249625,0,0,2,1
diagnostic_stressed,141494,35.0,32.08333333335,3.0,-8.0,3.0,1.0,0,1,1,2,60.72795196481238,118.1024283492069,118.70854663743187,118.40548749331938,C,F,0.6061182882249625,0,0,2,1
diagnostic_stressed,99284,23.3333333333,32.08333333335,-6.0,-8.0,3.0,1.0,0,1,1,2,0.012532552083339844,7.359381779010542,7.964813655830268,7.662097717420405,C,F,0.6054318768197255,0,0,2,1
diagnostic_stressed,80069,17.5,32.08333333335,3.0,-8.0,3.0,1.0,0,1,1,2,0.012532552083339844,6.817052161296045,7.422484038115771,7.119768099705908,C,F,0.6054318768197255,0,0,2,1
diagnostic_stressed,99599,23.3333333333,32.08333333335,-3.75,-8.0,3.0,1.0,0,1,1,2,0.012532552083339844,7.369632707914418,7.9750645847341435,7.672348646324281,C,F,0.6054318768197255,0,0,2,1
diagnostic_stressed,79754,17.5,32.08333333335,0.75,-8.0,3.0,1.0,0,1,1,2,0.012532552083339844,6.80680123239217,7.412233109211895,7.109517170802032,C,F,0.6054318768197255,0,0,2,1
diagnostic_stressed,99914,23.3333333333,32.08333333335,-1.5,-8.0,3.0,1.0,0,1,1,2,0.012532552083339844,7.379883636818294,7.985315513638019,7.682599575228156,C,F,0.6054318768197255,0,0,2,1
diagnostic_stressed,141872,35.0,35.0,-6.0,-5.25,3.0,1.0,0,1,1,2,47.5660111839147,63.91364084614776,64.5031474712459,64.20839415869682,C,F,0.5895066250981387,0,0,2,1
diagnostic_stressed,122657,29.1666666667,35.0,3.0,-5.25,3.0,1.0,0,1,1,2,11.09004747307377,63.371311228433264,63.960817853531395,63.66606454098233,C,F,0.5895066250981316,0,0,2,1
diagnostic_stressed,142502,35.0,35.0,-1.5,-5.25,3.0,1.0,0,1,1,2,47.5660111839147,63.93414270395551,64.52364932905364,64.22889601650458,C,F,0.5895066250981316,0,0,2,1
diagnostic_stressed,122342,29.1666666667,35.0,0.75,-5.25,3.0,1.0,0,1,1,2,11.09004747307377,63.361060299529385,63.950566924627516,63.65581361207845,C,F,0.5895066250981316,0,0,2,1
diagnostic_stressed,142187,35.0,35.0,-3.75,-5.25,3.0,1.0,0,1,1,2,47.5660111839147,63.923891775051636,64.51339840014977,64.2186450876007,C,F,0.5895066250981316,0,0,2,1
diagnostic_stressed,143132,35.0,35.0,3.0,-5.25,3.0,1.0,0,1,1,2,47.5660111839147,106.23904966636466,106.82855629146279,106.53380297891373,C,F,0.5895066250981245,0,0,2,1
diagnostic_stressed,142817,35.0,35.0,0.75,-5.25,3.0,1.0,0,1,1,2,47.5660111839147,106.22879873746078,106.8183053625589,106.52355205000984,C,F,0.5895066250981245,0,0,2,1
diagnostic_stressed,101867,23.3333333333,35.0,0.75,-5.25,3.0,1.0,0,1,1,2,0.013671875,26.26597788180916,26.85475069258029,26.560364287194723,C,F,0.588772810771129,0,0,2,1
diagnostic_stressed,102182,23.3333333333,35.0,3.0,-5.25,3.0,1.0,0,1,1,2,0.013671875,26.276228810713036,26.865001621484165,26.570615216098602,C,F,0.588772810771129,0,0,2,1
diagnostic_stressed,121712,29.1666666667,35.0,-3.75,-5.25,3.0,1.0,0,1,1,2,11.09004747307377,26.82880935734141,27.41758216811254,27.123195762726972,C,F,0.588772810771129,0,0,2,1
diagnostic_stressed,122027,29.1666666667,35.0,-1.5,-5.25,3.0,1.0,0,1,1,2,11.09004747307377,26.839060286245285,27.427833097016414,27.13344669163085,C,F,0.588772810771129,0,0,2,1
diagnostic_stressed,121397,29.1666666667,35.0,-6.0,-5.25,3.0,1.0,0,1,1,2,11.09004747307377,26.818558428437534,27.407331239208663,27.1129448338231,C,F,0.588772810771129,0,0,2,1
diagnostic_stressed,118499,29.1666666667,29.1666666667,-3.75,-8.0,3.0,1.0,0,1,1,2,36.076179104068416,49.488693085171505,50.030862280996786,49.759777683084145,C,F,0.5421691958252808,0,0,2,1
diagnostic_stressed,118814,29.1666666667,29.1666666667,-1.5,-8.0,3.0,1.0,0,1,1,2,36.076179104068416,49.498944014075384,50.041113209900665,49.770028611988025,C,F,0.5421691958252808,0,0,2,1
diagnostic_stressed,98654,23.3333333333,29.1666666667,0.75,-8.0,3.0,1.0,0,1,1,2,5.352186141709361,48.92586160963926,49.468030805464544,49.1969462075519,C,F,0.5421691958252808,0,0,2,1
diagnostic_stressed,118184,29.1666666667,29.1666666667,-6.0,-8.0,3.0,1.0,0,1,1,2,36.076179104068416,49.47844215626763,50.020611352092914,49.74952675418027,C,F,0.5421691958252808,0,0,2,1
diagnostic_stressed,98969,23.3333333333,29.1666666667,3.0,-8.0,3.0,1.0,0,1,1,2,5.352186141709361,48.936112538543135,49.478281734368416,49.207197136455775,C,F,0.5421691958252808,0,0,2,1
diagnostic_stressed,139919,35.0,29.1666666667,3.0,-8.0,3.0,1.0,0,1,1,2,72.59992661769627,128.91093182344238,129.45310101926765,129.182016421355,C,F,0.5421691958252666,0,0,2,1
diagnostic_stressed,119444,29.1666666667,29.1666666667,3.0,-8.0,3.0,1.0,0,1,1,2,36.076179104068416,86.04319338551099,86.58536258133626,86.31427798342362,C,F,0.5421691958252666,0,0,2,1
diagnostic_stressed,138974,35.0,29.1666666667,-3.75,-8.0,3.0,1.0,0,1,1,2,72.59992661769627,86.59577393212936,87.13794312795463,86.866858530042,C,F,0.5421691958252666,0,0,2,1
diagnostic_stressed,119129,29.1666666667,29.1666666667,0.75,-8.0,3.0,1.0,0,1,1,2,36.076179104068416,86.03294245660712,86.57511165243238,86.30402705451975,C,F,0.5421691958252666,0,0,2,1
diagnostic_stressed,138659,35.0,29.1666666667,-6.0,-8.0,3.0,1.0,0,1,1,2,72.59992661769627,86.58552300322549,87.12769219905076,86.85660760113812,C,F,0.5421691958252666,0,0,2,1
diagnostic_stressed,139604,35.0,29.1666666667,0.75,-8.0,3.0,1.0,0,1,1,2,72.59992661769627,128.9006808945385,129.44285009036378,129.17176549245113,C,F,0.5421691958252666,0,0,2,1
diagnostic_stressed,139289,35.0,29.1666666667,-1.5,-8.0,3.0,1.0,0,1,1,2,72.59992661769627,86.60602486103323,87.1481940568585,86.87710945894587,C,F,0.5421691958252666,0,0,2,1
diagnostic_stressed,78494,17.5,29.1666666667,3.0,-8.0,3.0,1.0,0,1,1,2,0.011393229166679689,17.59956175596938,18.141044540389416,17.870303148179396,C,F,0.5414827844200367,0,0,2,1
diagnostic_stressed,97709,23.3333333333,29.1666666667,-6.0,-8.0,3.0,1.0,0,1,1,2,5.352186141709361,18.141891373683876,18.683374158103913,18.412632765893896,C,F,0.5414827844200367,0,0,2,1
diagnostic_stressed,78179,17.5,29.1666666667,0.75,-8.0,3.0,1.0,0,1,1,2,0.011393229166679689,17.589310827065503,18.13079361148554,17.860052219275524,C,F,0.5414827844200367,0,0,2,1
diagnostic_stressed,98339,23.3333333333,29.1666666667,-1.5,-8.0,3.0,1.0,0,1,1,2,5.352186141709361,18.162393231491627,18.703876015911664,18.433134623701648,C,F,0.5414827844200367,0,0,2,1
diagnostic_stressed,98024,23.3333333333,29.1666666667,-3.75,-8.0,3.0,1.0,0,1,1,2,5.352186141709361,18.15214230258775,18.69362508700779,18.42288369479777,C,F,0.5414827844200367,0,0,2,1
diagnostic_stressed,120767,29.1666666667,32.08333333335,0.75,-5.25,3.0,1.0,0,1,1,2,24.00455252680474,75.22371941407546,75.75698438894223,75.49035190150884,C,F,0.5332649748667677,0,0,2,1
diagnostic_stressed,100292,23.3333333333,32.08333333335,0.75,-5.25,3.0,1.0,0,1,1,2,0.012532552083339844,38.11663856710762,38.64990354197439,38.383271054541005,C,F,0.5332649748667677,0,0,2,1
diagnostic_stressed,121082,29.1666666667,32.08333333335,3.0,-5.25,3.0,1.0,0,1,1,2,24.00455252680474,75.23397034297933,75.7672353178461,75.50060283041272,C,F,0.5332649748667677,0,0,2,1
diagnostic_stressed,100607,23.3333333333,32.08333333335,3.0,-5.25,3.0,1.0,0,1,1,2,0.012532552083339844,38.1268894960115,38.66015447087827,38.393521983444884,C,F,0.5332649748667677,0,0,2,1
diagnostic_stressed,140297,35.0,32.08333333335,-6.0,-5.25,3.0,1.0,0,1,1,2,60.51211387575308,75.77629996069383,76.3095649355606,76.04293244812722,C,F,0.5332649748667677,0,0,2,1
diagnostic_stressed,140612,35.0,32.08333333335,-3.75,-5.25,3.0,1.0,0,1,1,2,60.51211387575308,75.7865508895977,76.31981586446447,76.05318337703109,C,F,0.5332649748667677,0,0,2,1
diagnostic_stressed,119822,29.1666666667,32.08333333335,-6.0,-5.25,3.0,1.0,0,1,1,2,24.00455252680474,38.669219113736,39.202484088602766,38.93585160116938,C,F,0.5332649748667677,0,0,2,1
diagnostic_stressed,140927,35.0,32.08333333335,-1.5,-5.25,3.0,1.0,0,1,1,2,60.51211387575308,75.79680181850159,76.33006679336836,76.06343430593498,C,F,0.5332649748667677,0,0,2,1
diagnostic_stressed,120452,29.1666666667,32.08333333335,-1.5,-5.25,3.0,1.0,0,1,1,2,24.00455252680474,38.68972097154375,39.22298594641052,38.956353458977134,C,F,0.5332649748667677,0,0,2,1
diagnostic_stressed,120137,29.1666666667,32.08333333335,-3.75,-5.25,3.0,1.0,0,1,1,2,24.00455252680474,38.67947004263987,39.21273501750664,38.946102530073254,C,F,0.5332649748667677,0,0,2,1
diagnostic_stressed,141557,35.0,32.08333333335,3.0,-5.25,3.0,1.0,0,1,1,2,60.51211387575308,118.10170878091073,118.6349737557775,118.36834126834411,C,F,0.5332649748667677,0,0,2,1
diagnostic_stressed,141242,35.0,32.08333333335,0.75,-5.25,3.0,1.0,0,1,1,2,60.51211387575308,118.09145785200685,118.62472282687362,118.35809033944024,C,F,0.5332649748667677,0,0,2,1
diagnostic_stressed,79817,17.5,32.08333333335,0.75,-5.25,3.0,1.0,0,1,1,2,0.012532552083339844,6.806081664095988,7.338742964689001,7.072412314392494,C,F,0.5326613005930128,0,0,2,1
diagnostic_stressed,99977,23.3333333333,32.08333333335,-1.5,-5.25,3.0,1.0,0,1,1,2,0.012532552083339844,7.379164068522113,7.9118253691151255,7.645494718818619,C,F,0.5326613005930128,0,0,2,1
diagnostic_stressed,80132,17.5,32.08333333335,3.0,-5.25,3.0,1.0,0,1,1,2,0.012532552083339844,6.8163325929998635,7.348993893592876,7.08266324329637,C,F,0.5326613005930128,0,0,2,1
diagnostic_stressed,99347,23.3333333333,32.08333333335,-6.0,-5.25,3.0,1.0,0,1,1,2,0.012532552083339844,7.358662210714361,7.891323511307374,7.624992861010868,C,F,0.5326613005930128,0,0,2,1
diagnostic_stressed,99662,23.3333333333,32.08333333335,-3.75,-5.25,3.0,1.0,0,1,1,2,0.012532552083339844,7.368913139618237,7.90157444021125,7.635243789914743,C,F,0.5326613005930128,0,0,2,1
diagnostic_stressed,122466,29.1666666667,35.0,0.75,0.25,3.0,0.3333333333,0,1,1,2,6.933773431780895,45.39082387133316,45.91646926464267,45.65364656798792,C,F,0.5256453933095102,0,0,2,1
diagnostic_stressed,122529,29.1666666667,35.0,0.75,3.0,3.0,0.3333333333,0,1,1,2,5.2973057783642545,45.38598994970548,45.91163534301499,45.64881264636024,C,F,0.5256453933095102,0,0,2,1
diagnostic_stressed,122844,29.1666666667,35.0,3.0,3.0,3.0,0.3333333333,0,1,1,2,5.2973057783642545,45.39624087860936,45.92188627191887,45.65906357526411,C,F,0.5256453933095102,0,0,2,1
diagnostic_stressed,142626,35.0,35.0,-1.5,0.25,3.0,0.3333333333,0,1,1,2,43.40520466480395,45.963906275759285,46.489551669068796,46.22672897241404,C,F,0.5256453933095102,0,0,2,1
diagnostic_stressed,142689,35.0,35.0,-1.5,3.0,3.0,0.3333333333,0,1,1,2,41.76698585329658,45.95907235413161,46.48471774744112,46.22189505078636,C,F,0.5256453933095102,0,0,2,1
diagnostic_stressed,122781,29.1666666667,35.0,3.0,0.25,3.0,0.3333333333,0,1,1,2,6.933773431780895,45.40107480023704,45.92672019354655,45.66389749689179,C,F,0.5256453933095102,0,0,2,1
diagnostic_stressed,141996,35.0,35.0,-6.0,0.25,3.0,0.3333333333,0,1,1,2,43.40520466480395,45.943404417951534,46.469049811261044,46.20622711460629,C,F,0.5256453933095102,0,0,2,1
diagnostic_stressed,142059,35.0,35.0,-6.0,3.0,3.0,0.3333333333,0,1,1,2,41.76698585329658,45.938570496323855,46.464215889633365,46.201393192978614,C,F,0.5256453933095102,0,0,2,1
diagnostic_stressed,142374,35.0,35.0,-3.75,3.0,3.0,0.3333333333,0,1,1,2,41.76698585329658,45.948821425227734,46.474466818537245,46.211644121882486,C,F,0.5256453933095102,0,0,2,1
diagnostic_stressed,142311,35.0,35.0,-3.75,0.25,3.0,0.3333333333,0,1,1,2,43.40520466480395,45.95365534685541,46.47930074016492,46.216478043510165,C,F,0.5256453933095102,0,0,2,1
diagnostic_stressed,143319,35.0,35.0,3.0,3.0,3.0,0.3333333333,0,1,1,2,41.76698585329658,88.26397931654076,88.78962470985026,88.5268020131955,C,F,0.5256453933095031,0,0,2,1
diagnostic_stressed,142941,35.0,35.0,0.75,0.25,3.0,0.3333333333,0,1,1,2,43.40520466480395,88.25856230926456,88.78420770257407,88.52138500591931,C,F,0.5256453933095031,0,0,2,1
diagnostic_stressed,143256,35.0,35.0,3.0,0.25,3.0,0.3333333333,0,1,1,2,43.40520466480395,88.26881323816843,88.79445863147794,88.53163593482319,C,F,0.5256453933095031,0,0,2,1
diagnostic_stressed,143004,35.0,35.0,0.75,3.0,3.0,0.3333333333,0,1,1,2,41.76698585329658,88.25372838763688,88.77937378094639,88.51655108429163,C,F,0.5256453933095031,0,0,2,1
diagnostic_stressed,101991,23.3333333333,35.0,0.75,0.25,3.0,0.3333333333,0,1,1,2,0.013682733846737467,8.333271682906489,8.858341650472555,8.595806666689523,C,F,0.5250699675660666,0,0,2,1
diagnostic_stressed,102306,23.3333333333,35.0,3.0,0.25,3.0,0.3333333333,0,1,1,2,0.013682733846737467,8.343522611810364,8.86859257937643,8.606057595593398,C,F,0.5250699675660666,0,0,2,1
diagnostic_stressed,102054,23.3333333333,35.0,0.75,3.0,3.0,0.3333333333,0,1,1,2,0.013708056470759828,8.32843776127881,8.853507728844876,8.590972745061844,C,F,0.5250699675660666,0,0,2,1
diagnostic_stressed,102369,23.3333333333,35.0,3.0,3.0,3.0,0.3333333333,0,1,1,2,0.013708056470759828,8.338688690182686,8.863758657748752,8.60122367396572,C,F,0.5250699675660666,0,0,2,1
diagnostic_stressed,121836,29.1666666667,35.0,-3.75,0.25,3.0,0.3333333333,0,1,1,2,6.933773431780895,8.896103158438738,9.421173126004803,9.15863814222177,C,F,0.5250699675660648,0,0,2,1
diagnostic_stressed,121899,29.1666666667,35.0,-3.75,3.0,3.0,0.3333333333,0,1,1,2,5.2973057783642545,8.891269236811059,9.416339204377124,9.153804220594091,C,F,0.5250699675660648,0,0,2,1
diagnostic_stressed,121521,29.1666666667,35.0,-6.0,0.25,3.0,0.3333333333,0,1,1,2,6.933773431780895,8.885852229534862,9.410922197100927,9.148387213317895,C,F,0.5250699675660648,0,0,2,1
diagnostic_stressed,121584,29.1666666667,35.0,-6.0,3.0,3.0,0.3333333333,0,1,1,2,5.2973057783642545,8.881018307907183,9.406088275473248,9.143553291690216,C,F,0.5250699675660648,0,0,2,1
diagnostic_stressed,122214,29.1666666667,35.0,-1.5,3.0,3.0,0.3333333333,0,1,1,2,5.2973057783642545,8.901520165714935,9.426590133281,9.164055149497967,C,F,0.5250699675660648,0,0,2,1
diagnostic_stressed,122151,29.1666666667,35.0,-1.5,0.25,3.0,0.3333333333,0,1,1,2,6.933773431780895,8.906354087342613,9.431424054908678,9.168889071125646,C,F,0.5250699675660648,0,0,2,1
diagnostic_stressed,142880,35.0,35.0,0.75,-2.5,3.0,1.0,0,1,1,2,47.32981550431698,106.2280791691646,106.73696786939271,106.48252351927866,C,F,0.5088887002281126,0,0,2,1
diagnostic_stressed,143195,35.0,35.0,3.0,-2.5,3.0,1.0,0,1,1,2,47.32981550431698,106.23833009806847,106.74721879829659,106.49277444818253,C,F,0.5088887002281126,0,0,2,1
diagnostic_stressed,142250,35.0,35.0,-3.75,-2.5,3.0,1.0,0,1,1,2,47.32981550431698,63.92317220675545,64.43206090698357,64.17761655686951,C,F,0.5088887002281126,0,0,2,1
diagnostic_stressed,122720,29.1666666667,35.0,3.0,-2.5,3.0,1.0,0,1,1,2,10.854112467508594,63.37059166013708,63.879480360365186,63.62503601025114,C,F,0.5088887002281055,0,0,2,1
diagnostic_stressed,142565,35.0,35.0,-1.5,-2.5,3.0,1.0,0,1,1,2,47.32981550431698,63.93342313565933,64.44231183588744,64.18786748577338,C,F,0.5088887002281055,0,0,2,1
diagnostic_stressed,122405,29.1666666667,35.0,0.75,-2.5,3.0,1.0,0,1,1,2,10.854112467508594,63.36034073123321,63.869229431461314,63.614785081347264,C,F,0.5088887002281055,0,0,2,1
diagnostic_stressed,141935,35.0,35.0,-6.0,-2.5,3.0,1.0,0,1,1,2,47.32981550431698,63.91292127785158,64.42180997807968,64.16736562796564,C,F,0.5088887002280984,0,0,2,1
diagnostic_stressed,102245,23.3333333333,35.0,3.0,-2.5,3.0,1.0,0,1,1,2,0.013671875,26.275509242416852,26.783764701913856,26.529636972165356,C,F,0.5082554594970041,0,0,2,1
diagnostic_stressed,121460,29.1666666667,35.0,-6.0,-2.5,3.0,1.0,0,1,1,2,10.854112467508594,26.81783886014135,27.326094319638354,27.071966589889854,C,F,0.5082554594970041,0,0,2,1
diagnostic_stressed,122090,29.1666666667,35.0,-1.5,-2.5,3.0,1.0,0,1,1,2,10.854112467508594,26.8383407179491,27.346596177446106,27.092468447697605,C,F,0.5082554594970041,0,0,2,1
diagnostic_stressed,101930,23.3333333333,35.0,0.75,-2.5,3.0,1.0,0,1,1,2,0.013671875,26.265258313512977,26.77351377300998,26.519386043261477,C,F,0.5082554594970041,0,0,2,1
diagnostic_stressed,121775,29.1666666667,35.0,-3.75,-2.5,3.0,1.0,0,1,1,2,10.854112467508594,26.828089789045226,27.33634524854223,27.082217518793726,C,F,0.5082554594970041,0,0,2,1
diagnostic_stressed,141681,35.0,32.08333333335,3.0,0.25,3.0,0.3333333333,0,1,1,2,56.698691909332396,101.64031424994596,102.12185705927027,101.88108565460811,C,F,0.48154280932430993,0,0,2,1
diagnostic_stressed,141114,35.0,32.08333333335,-1.5,3.0,3.0,0.3333333333,0,1,1,2,55.19468789768565,59.33057336590913,59.81211617523344,59.57134477057129,C,F,0.48154280932430993,0,0,2,1
diagnostic_stressed,141429,35.0,32.08333333335,0.75,3.0,3.0,0.3333333333,0,1,1,2,55.19468789768565,101.6252293994144,102.1067722087387,101.86600080407655,C,F,0.48154280932430993,0,0,2,1
diagnostic_stressed,120891,29.1666666667,32.08333333335,0.75,0.25,3.0,0.3333333333,0,1,1,2,20.19566303820194,58.762324883110686,59.243867692434996,59.00309628777284,C,F,0.48154280932430993,0,0,2,1
diagnostic_stressed,140421,35.0,32.08333333335,-6.0,0.25,3.0,0.3333333333,0,1,1,2,56.698691909332396,59.31490542972906,59.79644823905337,59.555676834391214,C,F,0.48154280932430993,0,0,2,1
diagnostic_stressed,121269,29.1666666667,32.08333333335,3.0,3.0,3.0,0.3333333333,0,1,1,2,18.693410184645913,58.76774189038689,59.2492846997112,59.00851329504904,C,F,0.48154280932430993,0,0,2,1
diagnostic_stressed,140799,35.0,32.08333333335,-3.75,3.0,3.0,0.3333333333,0,1,1,2,55.19468789768565,59.32032243700526,59.80186524632957,59.561093841667414,C,F,0.48154280932430993,0,0,2,1
diagnostic_stressed,140736,35.0,32.08333333335,-3.75,0.25,3.0,0.3333333333,0,1,1,2,56.698691909332396,59.32515635863294,59.80669916795725,59.56592776329509,C,F,0.48154280932430993,0,0,2,1
diagnostic_stressed,120954,29.1666666667,32.08333333335,0.75,3.0,3.0,0.3333333333,0,1,1,2,18.693410184645913,58.75749096148301,59.23903377080732,58.99826236614516,C,F,0.48154280932430993,0,0,2,1
diagnostic_stressed,141744,35.0,32.08333333335,3.0,3.0,3.0,0.3333333333,0,1,1,2,55.19468789768565,101.63548032831828,102.11702313764259,101.87625173298044,C,F,0.48154280932430993,0,0,2,1
diagnostic_stressed,141366,35.0,32.08333333335,0.75,0.25,3.0,0.3333333333,0,1,1,2,56.698691909332396,101.63006332104207,102.11160613036638,101.87083472570423,C,F,0.48154280932430993,0,0,2,1
diagnostic_stressed,140484,35.0,32.08333333335,-6.0,3.0,3.0,0.3333333333,0,1,1,2,55.19468789768565,59.31007150810138,59.79161431742569,59.550842912763535,C,F,0.48154280932430993,0,0,2,1
diagnostic_stressed,141051,35.0,32.08333333335,-1.5,0.25,3.0,0.3333333333,0,1,1,2,56.698691909332396,59.33540728753681,59.81695009686112,59.576178692198965,C,F,0.48154280932430993,0,0,2,1
diagnostic_stressed,121206,29.1666666667,32.08333333335,3.0,0.25,3.0,0.3333333333,0,1,1,2,20.19566303820194,58.772575812014566,59.254118621338876,59.01334721667672,C,F,0.48154280932430993,0,0,2,1
diagnostic_stressed,100794,23.3333333333,32.08333333335,3.0,3.0,3.0,0.3333333333,0,1,1,2,0.012568733554099671,21.678592063852808,22.15955944743367,21.919075755643238,C,F,0.480967383580861,0,0,2,1
diagnostic_stressed,120639,29.1666666667,32.08333333335,-1.5,3.0,3.0,0.3333333333,0,1,1,2,18.693410184645913,22.241423539385057,22.722390922965918,22.481907231175487,C,F,0.480967383580861,0,0,2,1
diagnostic_stressed,100731,23.3333333333,32.08333333335,3.0,0.25,3.0,0.3333333333,0,1,1,2,0.01254341093007731,21.683425985480486,22.164393369061347,21.923909677270917,C,F,0.480967383580861,0,0,2,1
