action,node_index,v_f,v_p,a_f,bar_a,bar_u,age_s,pair_phase_age_ge_3Ts,raw_gap_cell,stagewise_cellmax_gap,enclosure_erased,raw_cell_max_corner_gap_m
-5.999999999999999,21339,0.0,5.8333333333,-6.0,-2.5,3.0,0.30000000000000004,True,True,False,True,0.17864184819402973
-5.999999999999999,21528,0.0,5.8333333333,-6.0,-2.4140625,3.0,0.30000000000000004,True,True,False,True,0.17864184819402973
-5.999999999999999,21717,0.0,5.8333333333,-6.0,-2.328125,3.0,0.30000000000000004,True,True,False,True,0.16943809749109517
-5.5,21339,0.0,5.8333333333,-6.0,-2.5,3.0,0.30000000000000004,True,True,False,True,0.17864184819402973
-5.5,21528,0.0,5.8333333333,-6.0,-2.4140625,3.0,0.30000000000000004,True,True,False,True,0.17864184819402973
-5.5,21717,0.0,5.8333333333,-6.0,-2.328125,3.0,0.30000000000000004,True,True,False,True,0.16943809749109517
-5.0,21339,0.0,5.8333333333,-6.0,-2.5,3.0,0.30000000000000004,True,True,False,True,0.17864184819402973
-5.0,21528,0.0,5.8333333333,-6.0,-2.4140625,3.0,0.30000000000000004,True,True,False,True,0.17864184819402973
-5.0,21717,0.0,5.8333333333,-6.0,-2.328125,3.0,0.30000000000000004,True,True,False,True,0.16943809749109517
-4.5,21339,0.0,5.8333333333,-6.0,-2.5,3.0,0.30000000000000004,True,True,False,True,0.17864184819402973
-4.5,21528,0.0,5.8333333333,-6.0,-2.4140625,3.0,0.30000000000000004,True,True,False,True,0.17864184819402973
-4.5,21717,0.0,5.8333333333,-6.0,-2.328125,3.0,0.30000000000000004,True,True,False,True,0.16943809749109517
-4.0,21339,0.0,5.8333333333,-6.0,-2.5,3.0,0.30000000000000004,True,True,False,True,0.17864184819402973
-4.0,21528,0.0,5.8333333333,-6.0,-2.4140625,3.0,0.30000000000000004,True,True,False,True,0.17864184819402973
-4.0,21717,0.0,5.8333333333,-6.0,-2.328125,3.0,0.30000000000000004,True,True,False,True,0.16943809749109517
-3.5,21339,0.0,5.8333333333,-6.0,-2.5,3.0,0.30000000000000004,True,True,False,True,0.17864184819402973
-3.5,21528,0.0,5.8333333333,-6.0,-2.4140625,3.0,0.30000000000000004,True,True,False,True,0.17864184819402973
-3.5,21717,0.0,5.8333333333,-6.0,-2.328125,3.0,0.30000000000000004,True,True,False,True,0.16943809749109517
-3.0,21339,0.0,5.8333333333,-6.0,-2.5,3.0,0.30000000000000004,True,True,False,True,0.17864184819402973
-3.0,21528,0.0,5.8333333333,-6.0,-2.4140625,3.0,0.30000000000000004,True,True,False,True,0.17864184819402973
-3.0,21717,0.0,5.8333333333,-6.0,-2.328125,3.0,0.30000000000000004,True,True,False,True,0.16943809749109517
-2.5,21339,0.0,5.8333333333,-6.0,-2.5,3.0,0.30000000000000004,True,True,False,True,0.17864184819402973
-2.5,21528,0.0,5.8333333333,-6.0,-2.4140625,3.0,0.30000000000000004,True,True,False,True,0.17864184819402973
-2.5,21717,0.0,5.8333333333,-6.0,-2.328125,3.0,0.30000000000000004,True,True,False,True,0.16943809749109517
-2.0,21339,0.0,5.8333333333,-6.0,-2.5,3.0,0.30000000000000004,True,True,False,True,0.17864184819402973
-2.0,21528,0.0,5.8333333333,-6.0,-2.4140625,3.0,0.30000000000000004,True,True,False,True,0.17864184819402973
-2.0,21717,0.0,5.8333333333,-6.0,-2.328125,3.0,0.30000000000000004,True,True,False,True,0.16943809749109517
-1.5,21339,0.0,5.8333333333,-6.0,-2.5,3.0,0.30000000000000004,True,True,False,True,0.17864184819402973
-1.5,21528,0.0,5.8333333333,-6.0,-2.4140625,3.0,0.30000000000000004,True,True,False,True,0.17864184819402973
-1.5,21717,0.0,5.8333333333,-6.0,-2.328125,3.0,0.30000000000000004,True,True,False,True,0.16943809749109517
-1.0,21339,0.0,5.8333333333,-6.0,-2.5,3.0,0.30000000000000004,True,True,False,True,0.17864184819402973
-1.0,21528,0.0,5.8333333333,-6.0,-2.4140625,3.0,0.30000000000000004,True,True,False,True,0.17864184819402973
-1.0,21717,0.0,5.8333333333,-6.0,-2.328125,3.0,0.30000000000000004,True,True,False,True,0.16943809749109517
-0.5,21339,0.0,5.8333333333,-6.0,-2.5,3.0,0.30000000000000004,True,True,False,True,0.17864184819402973
-0.5,21528,0.0,5.8333333333,-6.0,-2.4140625,3.0,0.30000000000000004,True,True,False,True,0.17864184819402973
-0.5,21717,0.0,5.8333333333,-6.0,-2.328125,3.0,0.30000000000000004,True,True,False,True,0.16943809749109517
0.0,21339,0.0,5.8333333333,-6.0,-2.5,3.0,0.30000000000000004,True,True,False,True,0.17864184819402973
0.0,21528,0.0,5.8333333333,-6.0,-2.4140625,3.0,0.30000000000000004,True,True,False,True,0.17864184819402973
0.0,21717,0.0,5.8333333333,-6.0,-2.328125,3.0,0.30000000000000004,True,True,False,True,0.16943809749109517
0.5,21339,0.0,5.8333333333,-6.0,-2.5,3.0,0.30000000000000004,True,True,False,True,0.17864184819402973
0.5,21528,0.0,5.8333333333,-6.0,-2.4140625,3.0,0.30000000000000004,True,True,False,True,0.17864184819402973
0.5,21717,0.0,5.8333333333,-6.0,-2.328125,3.0,0.30000000000000004,True,True,False,True,0.16943809749109517
1.0,21339,0.0,5.8333333333,-6.0,-2.5,3.0,0.30000000000000004,True,True,False,True,0.17864184819402973
1.0,21528,0.0,5.8333333333,-6.0,-2.4140625,3.0,0.30000000000000004,True,True,False,True,0.17864184819402973
1.0,21717,0.0,5.8333333333,-6.0,-2.328125,3.0,0.30000000000000004,True,True,False,True,0.16943809749109517
1.5,21339,0.0,5.8333333333,-6.0,-2.5,3.0,0.30000000000000004,True,True,False,True,0.17864184819402973
1.5,21528,0.0,5.8333333333,-6.0,-2.4140625,3.0,0.30000000000000004,True,True,False,True,0.17864184819402973
1.5,21717,0.0,5.8333333333,-6.0,-2.328125,3.0,0.30000000000000004,True,True,False,True,0.16943809749109517
2.0,21339,0.0,5.8333333333,-6.0,-2.5,3.0,0.30000000000000004,True,True,False,True,0.17864184819402973
2.0,21528,0.0,5.8333333333,-6.0,-2.4140625,3.0,0.30000000000000004,True,True,False,True,0.17864184819402973
2.0,21717,0.0,5.8333333333,-6.0,-2.328125,3.0,0.30000000000000004,True,True,False,True,0.16943809749109517
2.5,21339,0.0,5.8333333333,-6.0,-2.5,3.0,0.30000000000000004,True,True,False,True,0.17864184819402973
2.5,21528,0.0,5.8333333333,-6.0,-2.4140625,3.0,0.30000000000000004,True,True,False,True,0.17864184819402973
2.5,21717,0.0,5.8333333333,-6.0,-2.328125,3.0,0.30000000000000004,True,True,False,True,0.16943809749109517
