node_index,q,action,valid,canonical_required_gap_m
167058,1,-6.0,True,0.49593699053888285
167058,1,-5.0,True,0.4963810221371603
167058,1,-4.0,True,0.4968250537354376
167058,1,-3.0,True,0.49726908533371517
167058,1,-2.5,True,0.497491101132854
167058,1,-2.0,True,0.4977131169319926
167058,1,-1.5,True,0.49793513273113144
167058,1,-1.0,True,0.49815714853027016
167058,1,-0.5,True,0.4983791643294089
167058,1,0.0,True,0.4986011801285476
167058,1,0.5,True,0.4988231959276864
167058,1,1.0,True,0.49904521172682503
167058,1,1.5,True,0.49926722752596386
167058,1,2.0,True,0.4994892433251026
167058,1,2.5,True,0.4997112591242413
167058,2,-6.0,True,0.5188225247898499
167058,2,-5.0,True,0.5188225247898499
167058,2,-4.0,True,0.5188225247898499
167058,2,-3.0,True,0.5188225247898499
167058,2,-2.5,True,0.5188225247898499
167058,2,-2.0,True,0.5188225247898499
167058,2,-1.5,True,0.5188225247898499
167058,2,-1.0,True,0.5188225247898499
167058,2,-0.5,True,0.5188225247898499
167058,2,0.0,True,0.5188225247898499
167058,2,0.5,True,0.5188225247898499
167058,2,1.0,True,0.5188225247898499
167058,2,1.5,True,0.5188225247898499
167058,2,2.0,True,0.5188225247898499
167058,2,2.5,True,0.5188225247898499
167247,1,-6.0,True,0.49577083646052356
167247,1,-5.0,True,0.496214868058801
167247,1,-4.0,True,0.4966588996570783
167247,1,-3.0,True,0.4971029312553559
167247,1,-2.5,True,0.4973249470544947
167247,1,-2.0,True,0.4975469628536333
167247,1,-1.5,True,0.49776897865277214
167247,1,-1.0,True,0.49799099445191086
167247,1,-0.5,True,0.4982130102510496
167247,1,0.0,True,0.4984350260501883
167247,1,0.5,True,0.49865704184932713
167247,1,1.0,True,0.49887905764846574
167247,1,1.5,True,0.49910107344760457
167247,1,2.0,True,0.4993230892467433
167247,1,2.5,True,0.499545105045882
167247,2,-6.0,True,0.5049515185575206
167247,2,-5.0,True,0.5049515185575206
167247,2,-4.0,True,0.5049515185575206
167247,2,-3.0,True,0.5049515185575206
167247,2,-2.5,True,0.5049515185575206
167247,2,-2.0,True,0.5049515185575206
167247,2,-1.5,True,0.5049515185575206
167247,2,-1.0,True,0.5049515185575206
167247,2,-0.5,True,0.5049515185575206
167247,2,0.0,True,0.5049515185575206
167247,2,0.5,True,0.5049515185575206
167247,2,1.0,True,0.5049515185575206
167247,2,1.5,True,0.5049515185575206
167247,2,2.0,True,0.5049515185575206
167247,2,2.5,True,0.5049515185575206
167436,1,-6.0,True,0.49106065495879725
167436,1,-5.0,True,0.49106065495879725
167436,1,-4.0,True,0.49106065495879725
167436,1,-3.0,True,0.49106065495879725
167436,1,-2.5,True,0.49106065495879725
167436,1,-2.0,True,0.49106065495879725
167436,1,-1.5,True,0.49106065495879725
167436,1,-1.0,True,0.49106065495879725
167436,1,-0.5,True,0.49106065495879725
167436,1,0.0,True,0.49106065495879725
167436,1,0.5,True,0.49106065495879725
167436,1,1.0,True,0.49106065495879725
167436,1,1.5,True,0.49106065495879725
167436,1,2.0,True,0.49106065495879725
167436,1,2.5,True,0.49106065495879725
167436,2,-6.0,True,0.49106065495879725
167436,2,-5.0,True,0.49106065495879725
167436,2,-4.0,True,0.49106065495879725
167436,2,-3.0,True,0.49106065495879725
167436,2,-2.5,True,0.49106065495879725
167436,2,-2.0,True,0.49106065495879725
167436,2,-1.5,True,0.49106065495879725
167436,2,-1.0,True,0.49106065495879725
167436,2,-0.5,True,0.49106065495879725
167436,2,0.0,True,0.49106065495879725
167436,2,0.5,True,0.49106065495879725
167436,2,1.0,True,0.49106065495879725
167436,2,1.5,True,0.49106065495879725
167436,2,2.0,True,0.49106065495879725
167436,2,2.5,True,0.49106065495879725
167625,1,-6.0,True,0.4771499309815871
167625,1,-5.0,True,0.4771499309815871
167625,1,-4.0,True,0.4771499309815871
167625,1,-3.0,True,0.4771499309815871
167625,1,-2.5,True,0.4771499309815871
167625,1,-2.0,True,0.4771499309815871
167625,1,-1.5,True,0.4771499309815871
167625,1,-1.0,True,0.4771499309815871
167625,1,-0.5,True,0.4771499309815871
167625,1,0.0,True,0.4771499309815871
167625,1,0.5,True,0.4771499309815871
167625,1,1.0,True,0.4771499309815871
167625,1,1.5,True,0.4771499309815871
167625,1,2.0,True,0.4771499309815871
167625,1,2.5,True,0.4771499309815871
167625,2,-6.0,True,0.4771499309815871
167625,2,-5.0,True,0.4771499309815871
167625,2,-4.0,True,0.4771499309815871
167625,2,-3.0,True,0.4771499309815871
167625,2,-2.5,True,0.4771499309815871
167625,2,-2.0,True,0.4771499309815871
167625,2,-1.5,True,0.4771499309815871
167625,2,-1.0,True,0.4771499309815871
167625,2,-0.5,True,0.4771499309815871
167625,2,0.0,True,0.4771499309815871
167625,2,0.5,True,0.4771499309815871
167625,2,1.0,True,0.4771499309815871
167625,2,1.5,True,0.4771499309815871
167625,2,2.0,True,0.4771499309815871
167625,2,2.5,True,0.4771499309815871
167814,1,-6.0,True,0.4632193436338873
167814,1,-5.0,True,0.4632193436338873
167814,1,-4.0,True,0.4632193436338873
167814,1,-3.0,True,0.4632193436338873
167814,1,-2.5,True,0.4632193436338873
167814,1,-2.0,True,0.4632193436338873
167814,1,-1.5,True,0.4632193436338873
167814,1,-1.0,True,0.4632193436338873
167814,1,-0.5,True,0.4632193436338873
167814,1,0.0,True,0.4632193436338873
167814,1,0.5,True,0.4632193436338873
167814,1,1.0,True,0.4632193436338873
167814,1,1.5,True,0.4632193436338873
167814,1,2.0,True,0.4632193436338873
167814,1,2.5,True,0.4632193436338873
167814,2,-6.0,True,0.4632193436338873
167814,2,-5.0,True,0.4632193436338873
167814,2,-4.0,True,0.4632193436338873
167814,2,-3.0,True,0.4632193436338873
167814,2,-2.5,True,0.4632193436338873
167814,2,-2.0,True,0.4632193436338873
167814,2,-1.5,True,0.4632193436338873
167814,2,-1.0,True,0.4632193436338873
167814,2,-0.5,True,0.4632193436338873
167814,2,0.0,True,0.4632193436338873
167814,2,0.5,True,0.4632193436338873
167814,2,1.0,True,0.4632193436338873
167814,2,1.5,True,0.4632193436338873
167814,2,2.0,True,0.4632193436338873
167814,2,2.5,True,0.4632193436338873
168002,1,-6.0,True,0.4277764345229198
168002,1,-5.0,True,0.42822046612119724
168002,1,-4.0,True,0.42866449771947457
168002,1,-3.0,True,0.4291085293177521
168002,1,-2.5,True,0.42933054511689095
168002,1,-2.0,True,0.42955256091602956
168002,1,-1.5,True,0.4297745767151684
168002,1,-1.0,True,0.4299965925143071
168002,1,-0.5,True,0.4302186083134458
168002,1,0.0,True,0.43044062411258455
168002,1,0.5,True,0.4306626399117234
168002,1,1.0,True,0.430884655710862
168002,1,1.5,True,0.4311066715100008
168002,1,2.0,True,0.43132868730913954
168002,1,2.5,True,0.43155070310827826
168002,2,-6.0,True,0.4277764345229198
168002,2,-5.0,True,0.42822046612119724
168002,2,-4.0,True,0.42866449771947457
168002,2,-3.0,True,0.4291085293177521
168002,2,-2.5,True,0.42933054511689095
168002,2,-2.0,True,0.42955256091602956
168002,2,-1.5,True,0.4297745767151684
168002,2,-1.0,True,0.4299965925143071
168002,2,-0.5,True,0.4302186083134458
168002,2,0.0,True,0.43044062411258455
168002,2,0.5,True,0.4306626399117234
168002,2,1.0,True,0.430884655710862
168002,2,1.5,True,0.4311066715100008
168002,2,2.0,True,0.43132868730913954
168002,2,2.5,True,0.43155070310827826
168003,1,-6.0,True,0.44926888994365033
168003,1,-5.0,True,0.44926888994365033
168003,1,-4.0,True,0.44926888994365033
168003,1,-3.0,True,0.44926888994365033
168003,1,-2.5,True,0.44926888994365033
168003,1,-2.0,True,0.44926888994365033
168003,1,-1.5,True,0.44926888994365033
168003,1,-1.0,True,0.44926888994365033
168003,1,-0.5,True,0.44926888994365033
168003,1,0.0,True,0.44926888994365033
168003,1,0.5,True,0.44926888994365033
168003,1,1.0,True,0.44926888994365033
168003,1,1.5,True,0.44926888994365033
168003,1,2.0,True,0.44926888994365033
168003,1,2.5,True,0.44926888994365033
168003,2,-6.0,True,0.44926888994365033
168003,2,-5.0,True,0.44926888994365033
168003,2,-4.0,True,0.44926888994365033
168003,2,-3.0,True,0.44926888994365033
168003,2,-2.5,True,0.44926888994365033
168003,2,-2.0,True,0.44926888994365033
168003,2,-1.5,True,0.44926888994365033
168003,2,-1.0,True,0.44926888994365033
168003,2,-0.5,True,0.44926888994365033
168003,2,0.0,True,0.44926888994365033
168003,2,0.5,True,0.44926888994365033
168003,2,1.0,True,0.44926888994365033
168003,2,1.5,True,0.44926888994365033
168003,2,2.0,True,0.44926888994365033
168003,2,2.5,True,0.44926888994365033
169137,1,-6.0,True,0.5061879194427585
169137,1,-5.0,True,0.506631951041036
169137,1,-4.0,True,0.5070759826393133
169137,1,-3.0,True,0.5075200142375909
169137,1,-2.5,True,0.5077420300367296
169137,1,-2.0,True,0.5079640458358683
169137,1,-1.5,True,0.5081860616350071
169137,1,-1.0,True,0.5084080774341458
169137,1,-0.5,True,0.5086300932332846
169137,1,0.0,True,0.5088521090324233
169137,1,0.5,True,0.5090741248315621
169137,1,1.0,True,0.5092961406307007
169137,1,1.5,True,0.5095181564298396
169137,1,2.0,True,0.5097401722289783
169137,1,2.5,True,0.509962188028117
169137,2,-6.0,True,0.5188225247898499
169137,2,-5.0,True,0.5188225247898499
169137,2,-4.0,True,0.5188225247898499
169137,2,-3.0,True,0.5188225247898499
169137,2,-2.5,True,0.5188225247898499
169137,2,-2.0,True,0.5188225247898499
169137,2,-1.5,True,0.5188225247898499
169137,2,-1.0,True,0.5188225247898499
169137,2,-0.5,True,0.5188225247898499
169137,2,0.0,True,0.5188225247898499
169137,2,0.5,True,0.5188225247898499
169137,2,1.0,True,0.5188225247898499
169137,2,1.5,True,0.5188225247898499
169137,2,2.0,True,0.5188225247898499
169137,2,2.5,True,0.5188225247898499
169326,1,-6.0,True,0.5049515185575206
169326,1,-5.0,True,0.5049515185575206
169326,1,-4.0,True,0.5049515185575206
169326,1,-3.0,True,0.5049515185575206
169326,1,-2.5,True,0.5049515185575206
169326,1,-2.0,True,0.5049515185575206
169326,1,-1.5,True,0.5049515185575206
169326,1,-1.0,True,0.5049515185575206
169326,1,-0.5,True,0.5049515185575206
169326,1,0.0,True,0.5049515185575206
169326,1,0.5,True,0.5049515185575206
169326,1,1.0,True,0.5049515185575206
169326,1,1.5,True,0.5049515185575206
169326,1,2.0,True,0.5049515185575206
169326,1,2.5,True,0.5049515185575206
169326,2,-6.0,True,0.5049515185575206
169326,2,-5.0,True,0.5049515185575206
169326,2,-4.0,True,0.5049515185575206
169326,2,-3.0,True,0.5049515185575206
169326,2,-2.5,True,0.5049515185575206
169326,2,-2.0,True,0.5049515185575206
169326,2,-1.5,True,0.5049515185575206
169326,2,-1.0,True,0.5049515185575206
169326,2,-0.5,True,0.5049515185575206
169326,2,0.0,True,0.5049515185575206
169326,2,0.5,True,0.5049515185575206
169326,2,1.0,True,0.5049515185575206
169326,2,1.5,True,0.5049515185575206
169326,2,2.0,True,0.5049515185575206
169326,2,2.5,True,0.5049515185575206
169515,1,-6.0,True,0.49106065495879725
169515,1,-5.0,True,0.49106065495879725
169515,1,-4.0,True,0.49106065495879725
169515,1,-3.0,True,0.49106065495879725
169515,1,-2.5,True,0.49106065495879725
169515,1,-2.0,True,0.49106065495879725
169515,1,-1.5,True,0.49106065495879725
169515,1,-1.0,True,0.49106065495879725
169515,1,-0.5,True,0.49106065495879725
169515,1,0.0,True,0.49106065495879725
169515,1,0.5,True,0.49106065495879725
169515,1,1.0,True,0.49106065495879725
169515,1,1.5,True,0.49106065495879725
169515,1,2.0,True,0.49106065495879725
169515,1,2.5,True,0.49106065495879725
169515,2,-6.0,True,0.49106065495879725
169515,2,-5.0,True,0.49106065495879725
169515,2,-4.0,True,0.49106065495879725
169515,2,-3.0,True,0.49106065495879725
169515,2,-2.5,True,0.49106065495879725
169515,2,-2.0,True,0.49106065495879725
169515,2,-1.5,True,0.49106065495879725
169515,2,-1.0,True,0.49106065495879725
169515,2,-0.5,True,0.49106065495879725
169515,2,0.0,True,0.49106065495879725
169515,2,0.5,True,0.49106065495879725
169515,2,1.0,True,0.49106065495879725
169515,2,1.5,True,0.49106065495879725
169515,2,2.0,True,0.49106065495879725
169515,2,2.5,True,0.49106065495879725
169704,1,-6.0,True,0.4771499309815871
169704,1,-5.0,True,0.4771499309815871
169704,1,-4.0,True,0.4771499309815871
169704,1,-3.0,True,0.4771499309815871
169704,1,-2.5,True,0.4771499309815871
169704,1,-2.0,True,0.4771499309815871
169704,1,-1.5,True,0.4771499309815871
169704,1,-1.0,True,0.4771499309815871
169704,1,-0.5,True,0.4771499309815871
169704,1,0.0,True,0.4771499309815871
169704,1,0.5,True,0.4771499309815871
169704,1,1.0,True,0.4771499309815871
169704,1,1.5,True,0.4771499309815871
169704,1,2.0,True,0.4771499309815871
169704,1,2.5,True,0.4771499309815871
169704,2,-6.0,True,0.4771499309815871
169704,2,-5.0,True,0.4771499309815871
169704,2,-4.0,True,0.4771499309815871
169704,2,-3.0,True,0.4771499309815871
169704,2,-2.5,True,0.4771499309815871
169704,2,-2.0,True,0.4771499309815871
169704,2,-1.5,True,0.4771499309815871
169704,2,-1.0,True,0.4771499309815871
169704,2,-0.5,True,0.4771499309815871
169704,2,0.0,True,0.4771499309815871
169704,2,0.5,True,0.4771499309815871
169704,2,1.0,True,0.4771499309815871
169704,2,1.5,True,0.4771499309815871
169704,2,2.0,True,0.4771499309815871
169704,2,2.5,True,0.4771499309815871
169893,1,-6.0,True,0.4632193436338873
169893,1,-5.0,True,0.4632193436338873
169893,1,-4.0,True,0.4632193436338873
169893,1,-3.0,True,0.4632193436338873
169893,1,-2.5,True,0.4632193436338873
169893,1,-2.0,True,0.4632193436338873
169893,1,-1.5,True,0.4632193436338873
169893,1,-1.0,True,0.4632193436338873
169893,1,-0.5,True,0.4632193436338873
169893,1,0.0,True,0.4632193436338873
169893,1,0.5,True,0.4632193436338873
169893,1,1.0,True,0.4632193436338873
169893,1,1.5,True,0.4632193436338873
169893,1,2.0,True,0.4632193436338873
169893,1,2.5,True,0.4632193436338873
169893,2,-6.0,True,0.4632193436338873
169893,2,-5.0,True,0.4632193436338873
169893,2,-4.0,True,0.4632193436338873
169893,2,-3.0,True,0.4632193436338873
169893,2,-2.5,True,0.4632193436338873
169893,2,-2.0,True,0.4632193436338873
169893,2,-1.5,True,0.4632193436338873
169893,2,-1.0,True,0.4632193436338873
169893,2,-0.5,True,0.4632193436338873
169893,2,0.0,True,0.4632193436338873
169893,2,0.5,True,0.4632193436338873
169893,2,1.0,True,0.4632193436338873
169893,2,1.5,True,0.4632193436338873
169893,2,2.0,True,0.4632193436338873
169893,2,2.5,True,0.4632193436338873
170081,1,-6.0,True,0.4380273634267955
170081,1,-5.0,True,0.43847139502507293
170081,1,-4.0,True,0.43891542662335026
170081,1,-3.0,True,0.4393594582216278
170081,1,-2.5,True,0.4395814740207665
170081,1,-2.0,True,0.43980348981990525
170081,1,-1.5,True,0.4400255056190441
170081,1,-1.0,True,0.4402475214181828
170081,1,-0.5,True,0.4404695372173215
170081,1,0.0,True,0.44069155301646024
170081,1,0.5,True,0.44091356881559907
170081,1,1.0,True,0.4411355846147377
170081,1,1.5,True,0.4413576004138765
170081,1,2.0,True,0.4415796162130152
170081,1,2.5,True,0.44180163201215394
170081,2,-6.0,True,0.4380273634267955
170081,2,-5.0,True,0.43847139502507293
170081,2,-4.0,True,0.43891542662335026
170081,2,-3.0,True,0.4393594582216278
170081,2,-2.5,True,0.4395814740207665
170081,2,-2.0,True,0.43980348981990525
170081,2,-1.5,True,0.4400255056190441
170081,2,-1.0,True,0.4402475214181828
170081,2,-0.5,True,0.4404695372173215
170081,2,0.0,True,0.44069155301646024
170081,2,0.5,True,0.44091356881559907
170081,2,1.0,True,0.4411355846147377
170081,2,1.5,True,0.4413576004138765
170081,2,2.0,True,0.4415796162130152
170081,2,2.5,True,0.44180163201215394
170082,1,-6.0,True,0.44926888994365033
170082,1,-5.0,True,0.44926888994365033
170082,1,-4.0,True,0.44926888994365033
170082,1,-3.0,True,0.44926888994365033
170082,1,-2.5,True,0.44926888994365033
170082,1,-2.0,True,0.44926888994365033
170082,1,-1.5,True,0.44926888994365033
170082,1,-1.0,True,0.44926888994365033
170082,1,-0.5,True,0.44926888994365033
170082,1,0.0,True,0.44926888994365033
170082,1,0.5,True,0.44926888994365033
170082,1,1.0,True,0.44926888994365033
170082,1,1.5,True,0.44926888994365033
170082,1,2.0,True,0.44926888994365033
170082,1,2.5,True,0.44926888994365033
170082,2,-6.0,True,0.44926888994365033
170082,2,-5.0,True,0.44926888994365033
170082,2,-4.0,True,0.44926888994365033
170082,2,-3.0,True,0.44926888994365033
170082,2,-2.5,True,0.44926888994365033
170082,2,-2.0,True,0.44926888994365033
170082,2,-1.5,True,0.44926888994365033
170082,2,-1.0,True,0.44926888994365033
170082,2,-0.5,True,0.44926888994365033
170082,2,0.0,True,0.44926888994365033
170082,2,0.5,True,0.44926888994365033
170082,2,1.0,True,0.44926888994365033
170082,2,1.5,True,0.44926888994365033
170082,2,2.0,True,0.44926888994365033
170082,2,2.5,True,0.44926888994365033
171216,1,-6.0,True,0.5164388483466341
171216,1,-5.0,True,0.5168828799449117
171216,1,-4.0,True,0.517326911543189
171216,1,-3.0,True,0.5177709431414665
171216,1,-2.5,True,0.5179929589406053
171216,1,-2.0,True,0.518214974739744
171216,1,-1.5,True,0.5184369905388828
171216,1,-1.0,True,0.5186590063380214
171216,1,-0.5,True,0.5188225247898499
171216,1,0.0,True,0.5188225247898499
171216,1,0.5,True,0.5188225247898499
171216,1,1.0,True,0.5188225247898499
171216,1,1.5,True,0.5188225247898499
171216,1,2.0,True,0.5188225247898499
171216,1,2.5,True,0.5188225247898499
171216,2,-6.0,True,0.5188225247898499
171216,2,-5.0,True,0.5188225247898499
171216,2,-4.0,True,0.5188225247898499
171216,2,-3.0,True,0.5188225247898499
171216,2,-2.5,True,0.5188225247898499
171216,2,-2.0,True,0.5188225247898499
171216,2,-1.5,True,0.5188225247898499
171216,2,-1.0,True,0.5188225247898499
171216,2,-0.5,True,0.5188225247898499
171216,2,0.0,True,0.5188225247898499
171216,2,0.5,True,0.5188225247898499
171216,2,1.0,True,0.5188225247898499
171216,2,1.5,True,0.5188225247898499
171216,2,2.0,True,0.5188225247898499
171216,2,2.5,True,0.5188225247898499
171405,1,-6.0,True,0.5049515185575206
171405,1,-5.0,True,0.5049515185575206
171405,1,-4.0,True,0.5049515185575206
171405,1,-3.0,True,0.5049515185575206
171405,1,-2.5,True,0.5049515185575206
171405,1,-2.0,True,0.5049515185575206
171405,1,-1.5,True,0.5049515185575206
171405,1,-1.0,True,0.5049515185575206
171405,1,-0.5,True,0.5049515185575206
171405,1,0.0,True,0.5049515185575206
171405,1,0.5,True,0.5049515185575206
171405,1,1.0,True,0.5049515185575206
171405,1,1.5,True,0.5049515185575206
171405,1,2.0,True,0.5049515185575206
171405,1,2.5,True,0.5049515185575206
171405,2,-6.0,True,0.5049515185575206
171405,2,-5.0,True,0.5049515185575206
171405,2,-4.0,True,0.5049515185575206
171405,2,-3.0,True,0.5049515185575206
171405,2,-2.5,True,0.5049515185575206
171405,2,-2.0,True,0.5049515185575206
171405,2,-1.5,True,0.5049515185575206
171405,2,-1.0,True,0.5049515185575206
171405,2,-0.5,True,0.5049515185575206
171405,2,0.0,True,0.5049515185575206
171405,2,0.5,True,0.5049515185575206
171405,2,1.0,True,0.5049515185575206
171405,2,1.5,True,0.5049515185575206
171405,2,2.0,True,0.5049515185575206
171405,2,2.5,True,0.5049515185575206
171594,1,-6.0,True,0.49106065495879725
171594,1,-5.0,True,0.49106065495879725
171594,1,-4.0,True,0.49106065495879725
171594,1,-3.0,True,0.49106065495879725
171594,1,-2.5,True,0.49106065495879725
171594,1,-2.0,True,0.49106065495879725
171594,1,-1.5,True,0.49106065495879725
171594,1,-1.0,True,0.49106065495879725
171594,1,-0.5,True,0.49106065495879725
171594,1,0.0,True,0.49106065495879725
171594,1,0.5,True,0.49106065495879725
171594,1,1.0,True,0.49106065495879725
171594,1,1.5,True,0.49106065495879725
171594,1,2.0,True,0.49106065495879725
171594,1,2.5,True,0.49106065495879725
171594,2,-6.0,True,0.49106065495879725
171594,2,-5.0,True,0.49106065495879725
171594,2,-4.0,True,0.49106065495879725
171594,2,-3.0,True,0.49106065495879725
171594,2,-2.5,True,0.49106065495879725
171594,2,-2.0,True,0.49106065495879725
171594,2,-1.5,True,0.49106065495879725
171594,2,-1.0,True,0.49106065495879725
171594,2,-0.5,True,0.49106065495879725
171594,2,0.0,True,0.49106065495879725
171594,2,0.5,True,0.49106065495879725
171594,2,1.0,True,0.49106065495879725
171594,2,1.5,True,0.49106065495879725
171594,2,2.0,True,0.49106065495879725
171594,2,2.5,True,0.49106065495879725
171783,1,-6.0,True,0.4771499309815871
171783,1,-5.0,True,0.4771499309815871
171783,1,-4.0,True,0.4771499309815871
171783,1,-3.0,True,0.4771499309815871
171783,1,-2.5,True,0.4771499309815871
171783,1,-2.0,True,0.4771499309815871
171783,1,-1.5,True,0.4771499309815871
171783,1,-1.0,True,0.4771499309815871
171783,1,-0.5,True,0.4771499309815871
171783,1,0.0,True,0.4771499309815871
171783,1,0.5,True,0.4771499309815871
171783,1,1.0,True,0.4771499309815871
171783,1,1.5,True,0.4771499309815871
171783,1,2.0,True,0.4771499309815871
171783,1,2.5,True,0.4771499309815871
171783,2,-6.0,True,0.4771499309815871
171783,2,-5.0,True,0.4771499309815871
171783,2,-4.0,True,0.4771499309815871
171783,2,-3.0,True,0.4771499309815871
171783,2,-2.5,True,0.4771499309815871
171783,2,-2.0,True,0.4771499309815871
171783,2,-1.5,True,0.4771499309815871
171783,2,-1.0,True,0.4771499309815871
171783,2,-0.5,True,0.4771499309815871
171783,2,0.0,True,0.4771499309815871
171783,2,0.5,True,0.4771499309815871
171783,2,1.0,True,0.4771499309815871
171783,2,1.5,True,0.4771499309815871
171783,2,2.0,True,0.4771499309815871
171783,2,2.5,True,0.4771499309815871
171972,1,-6.0,True,0.4632193436338873
171972,1,-5.0,True,0.4632193436338873
171972,1,-4.0,True,0.4632193436338873
171972,1,-3.0,True,0.4632193436338873
171972,1,-2.5,True,0.4632193436338873
171972,1,-2.0,True,0.4632193436338873
171972,1,-1.5,True,0.4632193436338873
171972,1,-1.0,True,0.4632193436338873
171972,1,-0.5,True,0.4632193436338873
171972,1,0.0,True,0.4632193436338873
171972,1,0.5,True,0.4632193436338873
171972,1,1.0,True,0.4632193436338873
171972,1,1.5,True,0.4632193436338873
171972,1,2.0,True,0.4632193436338873
171972,1,2.5,True,0.4632193436338873
171972,2,-6.0,True,0.4632193436338873
171972,2,-5.0,True,0.4632193436338873
171972,2,-4.0,True,0.4632193436338873
171972,2,-3.0,True,0.4632193436338873
171972,2,-2.5,True,0.4632193436338873
171972,2,-2.0,True,0.4632193436338873
171972,2,-1.5,True,0.4632193436338873
171972,2,-1.0,True,0.4632193436338873
171972,2,-0.5,True,0.4632193436338873
171972,2,0.0,True,0.4632193436338873
171972,2,0.5,True,0.4632193436338873
171972,2,1.0,True,0.4632193436338873
171972,2,1.5,True,0.4632193436338873
171972,2,2.0,True,0.4632193436338873
171972,2,2.5,True,0.4632193436338873
172160,1,-6.0,True,0.44827829233067107
172160,1,-5.0,True,0.4487223239289486
172160,1,-4.0,True,0.44916635552722595
172160,1,-3.0,True,0.4496103871255035
172160,1,-2.5,True,0.4498324029246422
172160,1,-2.0,True,0.45005441872378094
172160,1,-1.5,True,0.45027643452291977
172160,1,-1.0,True,0.4504984503220584
172160,1,-0.5,True,0.4507204661211972
172160,1,0.0,True,0.4509424819203359
172160,1,0.5,True,0.45116449771947464
172160,1,1.0,True,0.45138651351861336
172160,1,1.5,True,0.4516085293177522
172160,1,2.0,True,0.4518305451168909
172160,1,2.5,True,0.45205256091602963
172160,2,-6.0,True,0.44827829233067107
172160,2,-5.0,True,0.4487223239289486
172160,2,-4.0,True,0.44916635552722595
172160,2,-3.0,True,0.4496103871255035
172160,2,-2.5,True,0.4498324029246422
172160,2,-2.0,True,0.45005441872378094
172160,2,-1.5,True,0.45027643452291977
172160,2,-1.0,True,0.4504984503220584
172160,2,-0.5,True,0.4507204661211972
172160,2,0.0,True,0.4509424819203359
172160,2,0.5,True,0.45116449771947464
172160,2,1.0,True,0.45138651351861336
172160,2,1.5,True,0.4516085293177522
172160,2,2.0,True,0.4518305451168909
172160,2,2.5,True,0.45205256091602963
172161,1,-6.0,True,0.44926888994365033
172161,1,-5.0,True,0.44926888994365033
172161,1,-4.0,True,0.44926888994365033
172161,1,-3.0,True,0.44926888994365033
172161,1,-2.5,True,0.44926888994365033
172161,1,-2.0,True,0.44926888994365033
172161,1,-1.5,True,0.44926888994365033
172161,1,-1.0,True,0.44926888994365033
172161,1,-0.5,True,0.44926888994365033
172161,1,0.0,True,0.44926888994365033
172161,1,0.5,True,0.44926888994365033
172161,1,1.0,True,0.44926888994365033
172161,1,1.5,True,0.44926888994365033
172161,1,2.0,True,0.44926888994365033
172161,1,2.5,True,0.44926888994365033
172161,2,-6.0,True,0.44926888994365033
172161,2,-5.0,True,0.44926888994365033
172161,2,-4.0,True,0.44926888994365033
172161,2,-3.0,True,0.44926888994365033
172161,2,-2.5,True,0.44926888994365033
172161,2,-2.0,True,0.44926888994365033
172161,2,-1.5,True,0.44926888994365033
172161,2,-1.0,True,0.44926888994365033
172161,2,-0.5,True,0.44926888994365033
172161,2,0.0,True,0.44926888994365033
172161,2,0.5,True,0.44926888994365033
172161,2,1.0,True,0.44926888994365033
172161,2,1.5,True,0.44926888994365033
172161,2,2.0,True,0.44926888994365033
172161,2,2.5,True,0.44926888994365033
322983,1,-6.0,True,3.514710038198598
322983,1,-5.0,True,3.514710038198598
322983,1,-4.0,True,3.514710038198598
322983,1,-3.0,True,3.514710038198598
322983,1,-2.5,True,3.514710038198598
322983,1,-2.0,True,3.514710038198598
322983,1,-1.5,True,3.514710038198598
322983,1,-1.0,True,3.514710038198598
322983,1,-0.5,True,3.514710038198598
322983,1,0.0,True,3.514710038198598
322983,1,0.5,True,3.514710038198598
322983,1,1.0,True,3.514710038198598
322983,1,1.5,True,3.514710038198598
322983,1,2.0,True,3.514710038198598
322983,1,2.5,True,3.514710038198598
322983,2,-6.0,True,3.514710038198598
322983,2,-5.0,True,3.514710038198598
322983,2,-4.0,True,3.514710038198598
322983,2,-3.0,True,3.514710038198598
322983,2,-2.5,True,3.514710038198598
322983,2,-2.0,True,3.514710038198598
322983,2,-1.5,True,3.514710038198598
322983,2,-1.0,True,3.514710038198598
322983,2,-0.5,True,3.514710038198598
322983,2,0.0,True,3.514710038198598
322983,2,0.5,True,3.514710038198598
322983,2,1.0,True,3.514710038198598
322983,2,1.5,True,3.514710038198598
322983,2,2.0,True,3.514710038198598
322983,2,2.5,True,3.514710038198598
323172,1,-6.0,True,3.4916224417084405
323172,1,-5.0,True,3.4916224417084405
323172,1,-4.0,True,3.4916224417084405
323172,1,-3.0,True,3.4916224417084405
323172,1,-2.5,True,3.4916224417084405
323172,1,-2.0,True,3.4916224417084405
323172,1,-1.5,True,3.4916224417084405
323172,1,-1.0,True,3.4916224417084405
323172,1,-0.5,True,3.4916224417084405
323172,1,0.0,True,3.4916224417084405
323172,1,0.5,True,3.4916224417084405
323172,1,1.0,True,3.4916224417084405
323172,1,1.5,True,3.4916224417084405
323172,1,2.0,True,3.4916224417084405
323172,1,2.5,True,3.4916224417084405
323172,2,-6.0,True,3.4916224417084405
323172,2,-5.0,True,3.4916224417084405
323172,2,-4.0,True,3.4916224417084405
323172,2,-3.0,True,3.4916224417084405
323172,2,-2.5,True,3.4916224417084405
323172,2,-2.0,True,3.4916224417084405
323172,2,-1.5,True,3.4916224417084405
323172,2,-1.0,True,3.4916224417084405
323172,2,-0.5,True,3.4916224417084405
323172,2,0.0,True,3.4916224417084405
323172,2,0.5,True,3.4916224417084405
323172,2,1.0,True,3.4916224417084405
323172,2,1.5,True,3.4916224417084405
323172,2,2.0,True,3.4916224417084405
323172,2,2.5,True,3.4916224417084405
323927,1,-6.0,True,3.578882852057435
323927,1,-5.0,True,3.579326883655712
323927,1,-4.0,True,3.57977091525399
323927,1,-3.0,True,3.5802149468522675
323927,1,-2.5,True,3.5804369626514063
323927,1,-2.0,True,3.580658978450545
323927,1,-1.5,True,3.5808809942496835
323927,1,-1.0,True,3.5811030100488224
323927,1,-0.5,True,3.5813250258479608
323927,1,0.0,True,3.5815470416471
323927,1,0.5,True,3.5817690574462384
323927,1,1.0,True,3.5819910732453772
323927,1,1.5,True,3.582213089044516
323927,1,2.0,True,3.582435104843655
323927,1,2.5,True,3.5826571206427937
323927,2,-6.0,True,3.578882852057435
323927,2,-5.0,True,3.579326883655712
323927,2,-4.0,True,3.57977091525399
323927,2,-3.0,True,3.5802149468522675
323927,2,-2.5,True,3.5804369626514063
323927,2,-2.0,True,3.580658978450545
323927,2,-1.5,True,3.5808809942496835
323927,2,-1.0,True,3.5811030100488224
323927,2,-0.5,True,3.5813250258479608
323927,2,0.0,True,3.5815470416471
323927,2,0.5,True,3.5817690574462384
323927,2,1.0,True,3.5819910732453772
323927,2,1.5,True,3.582213089044516
323927,2,2.0,True,3.582435104843655
323927,2,2.5,True,3.5826571206427937
325062,1,-6.0,True,3.514710038198598
325062,1,-5.0,True,3.514710038198598
325062,1,-4.0,True,3.514710038198598
325062,1,-3.0,True,3.514710038198598
325062,1,-2.5,True,3.514710038198598
325062,1,-2.0,True,3.514710038198598
325062,1,-1.5,True,3.514710038198598
325062,1,-1.0,True,3.514710038198598
325062,1,-0.5,True,3.514710038198598
325062,1,0.0,True,3.514710038198598
325062,1,0.5,True,3.514710038198598
325062,1,1.0,True,3.514710038198598
325062,1,1.5,True,3.514710038198598
325062,1,2.0,True,3.514710038198598
325062,1,2.5,True,3.514710038198598
325062,2,-6.0,True,3.514710038198598
325062,2,-5.0,True,3.514710038198598
325062,2,-4.0,True,3.514710038198598
325062,2,-3.0,True,3.514710038198598
325062,2,-2.5,True,3.514710038198598
325062,2,-2.0,True,3.514710038198598
325062,2,-1.5,True,3.514710038198598
325062,2,-1.0,True,3.514710038198598
325062,2,-0.5,True,3.514710038198598
325062,2,0.0,True,3.514710038198598
325062,2,0.5,True,3.514710038198598
325062,2,1.0,True,3.514710038198598
325062,2,1.5,True,3.514710038198598
325062,2,2.0,True,3.514710038198598
325062,2,2.5,True,3.514710038198598
325251,1,-6.0,True,3.4916224417084405
325251,1,-5.0,True,3.4916224417084405
325251,1,-4.0,True,3.4916224417084405
325251,1,-3.0,True,3.4916224417084405
325251,1,-2.5,True,3.4916224417084405
325251,1,-2.0,True,3.4916224417084405
325251,1,-1.5,True,3.4916224417084405
325251,1,-1.0,True,3.4916224417084405
325251,1,-0.5,True,3.4916224417084405
325251,1,0.0,True,3.4916224417084405
325251,1,0.5,True,3.4916224417084405
325251,1,1.0,True,3.4916224417084405
325251,1,1.5,True,3.4916224417084405
325251,1,2.0,True,3.4916224417084405
325251,1,2.5,True,3.4916224417084405
325251,2,-6.0,True,3.4916224417084405
325251,2,-5.0,True,3.4916224417084405
325251,2,-4.0,True,3.4916224417084405
325251,2,-3.0,True,3.4916224417084405
325251,2,-2.5,True,3.4916224417084405
325251,2,-2.0,True,3.4916224417084405
325251,2,-1.5,True,3.4916224417084405
325251,2,-1.0,True,3.4916224417084405
325251,2,-0.5,True,3.4916224417084405
325251,2,0.0,True,3.4916224417084405
325251,2,0.5,True,3.4916224417084405
325251,2,1.0,True,3.4916224417084405
325251,2,1.5,True,3.4916224417084405
325251,2,2.0,True,3.4916224417084405
325251,2,2.5,True,3.4916224417084405
326006,1,-6.0,True,3.5891337809613106
326006,1,-5.0,True,3.589577812559588
326006,1,-4.0,True,3.5900218441578655
326006,1,-3.0,True,3.590465875756143
326006,1,-2.5,True,3.590687891555282
326006,1,-2.0,True,3.590909907354421
326006,1,-1.5,True,3.5911319231535592
326006,1,-1.0,True,3.591353938952698
326006,1,-0.5,True,3.5915759547518364
326006,1,0.0,True,3.5917979705509753
326006,1,0.5,True,3.592019986350114
326006,1,1.0,True,3.592242002149253
326006,1,1.5,True,3.5924640179483918
326006,1,2.0,True,3.5926860337475306
326006,1,2.5,True,3.5929080495466694
326006,2,-6.0,True,3.5891337809613106
326006,2,-5.0,True,3.589577812559588
326006,2,-4.0,True,3.5900218441578655
326006,2,-3.0,True,3.590465875756143
326006,2,-2.5,True,3.590687891555282
326006,2,-2.0,True,3.590909907354421
326006,2,-1.5,True,3.5911319231535592
326006,2,-1.0,True,3.591353938952698
326006,2,-0.5,True,3.5915759547518364
326006,2,0.0,True,3.5917979705509753
326006,2,0.5,True,3.592019986350114
326006,2,1.0,True,3.592242002149253
326006,2,1.5,True,3.5924640179483918
326006,2,2.0,True,3.5926860337475306
326006,2,2.5,True,3.5929080495466694
327141,1,-6.0,True,3.514710038198598
327141,1,-5.0,True,3.514710038198598
327141,1,-4.0,True,3.514710038198598
327141,1,-3.0,True,3.514710038198598
327141,1,-2.5,True,3.514710038198598
327141,1,-2.0,True,3.514710038198598
327141,1,-1.5,True,3.514710038198598
327141,1,-1.0,True,3.514710038198598
327141,1,-0.5,True,3.514710038198598
327141,1,0.0,True,3.514710038198598
327141,1,0.5,True,3.514710038198598
327141,1,1.0,True,3.514710038198598
327141,1,1.5,True,3.514710038198598
327141,1,2.0,True,3.514710038198598
327141,1,2.5,True,3.514710038198598
327141,2,-6.0,True,3.514710038198598
327141,2,-5.0,True,3.514710038198598
327141,2,-4.0,True,3.514710038198598
327141,2,-3.0,True,3.514710038198598
327141,2,-2.5,True,3.514710038198598
327141,2,-2.0,True,3.514710038198598
327141,2,-1.5,True,3.514710038198598
327141,2,-1.0,True,3.514710038198598
327141,2,-0.5,True,3.514710038198598
327141,2,0.0,True,3.514710038198598
327141,2,0.5,True,3.514710038198598
327141,2,1.0,True,3.514710038198598
327141,2,1.5,True,3.514710038198598
327141,2,2.0,True,3.514710038198598
327141,2,2.5,True,3.514710038198598
328085,1,-6.0,True,3.5993847098651863
328085,1,-5.0,True,3.5998287414634635
328085,1,-4.0,True,3.600272773061741
328085,1,-3.0,True,3.600716804660019
328085,1,-2.5,True,3.6009388204591577
328085,1,-2.0,True,3.6011608362582965
328085,1,-1.5,True,3.601382852057435
328085,1,-1.0,True,3.6016048678565737
328085,1,-0.5,True,3.601826883655712
328085,1,0.0,True,3.602048899454851
328085,1,0.5,True,3.60227091525399
328085,1,1.0,True,3.6024929310531286
328085,1,1.5,True,3.6027149468522675
328085,1,2.0,True,3.6029369626514063
328085,1,2.5,True,3.603158978450545
328085,2,-6.0,True,3.5993847098651863
328085,2,-5.0,True,3.5998287414634635
328085,2,-4.0,True,3.600272773061741
328085,2,-3.0,True,3.600716804660019
328085,2,-2.5,True,3.6009388204591577
328085,2,-2.0,True,3.6011608362582965
328085,2,-1.5,True,3.601382852057435
328085,2,-1.0,True,3.6016048678565737
328085,2,-0.5,True,3.601826883655712
328085,2,0.0,True,3.602048899454851
328085,2,0.5,True,3.60227091525399
328085,2,1.0,True,3.6024929310531286
328085,2,1.5,True,3.6027149468522675
328085,2,2.0,True,3.6029369626514063
328085,2,2.5,True,3.603158978450545
479852,1,-6.0,True,8.23033275181768
479852,1,-5.0,True,8.23033275181768
479852,1,-4.0,True,8.23033275181768
479852,1,-3.0,True,8.23033275181768
479852,1,-2.5,True,8.23033275181768
479852,1,-2.0,True,8.23033275181768
479852,1,-1.5,True,8.23033275181768
479852,1,-1.0,True,8.23033275181768
479852,1,-0.5,True,8.23033275181768
479852,1,0.0,True,8.23033275181768
479852,1,0.5,True,8.23033275181768
479852,1,1.0,True,8.23033275181768
479852,1,1.5,True,8.23033275181768
479852,1,2.0,True,8.23033275181768
479852,1,2.5,True,8.23033275181768
479852,2,-6.0,True,8.23033275181768
479852,2,-5.0,True,8.23033275181768
479852,2,-4.0,True,8.23033275181768
479852,2,-3.0,True,8.23033275181768
479852,2,-2.5,True,8.23033275181768
479852,2,-2.0,True,8.23033275181768
479852,2,-1.5,True,8.23033275181768
479852,2,-1.0,True,8.23033275181768
479852,2,-0.5,True,8.23033275181768
479852,2,0.0,True,8.23033275181768
479852,2,0.5,True,8.23033275181768
479852,2,1.0,True,8.23033275181768
479852,2,1.5,True,8.23033275181768
479852,2,2.0,True,8.23033275181768
479852,2,2.5,True,8.23033275181768
481931,1,-6.0,True,8.23033275181768
481931,1,-5.0,True,8.23033275181768
481931,1,-4.0,True,8.23033275181768
481931,1,-3.0,True,8.23033275181768
481931,1,-2.5,True,8.23033275181768
481931,1,-2.0,True,8.23033275181768
481931,1,-1.5,True,8.23033275181768
481931,1,-1.0,True,8.23033275181768
481931,1,-0.5,True,8.23033275181768
481931,1,0.0,True,8.23033275181768
481931,1,0.5,True,8.23033275181768
481931,1,1.0,True,8.23033275181768
481931,1,1.5,True,8.23033275181768
481931,1,2.0,True,8.23033275181768
481931,1,2.5,True,8.23033275181768
481931,2,-6.0,True,8.23033275181768
481931,2,-5.0,True,8.23033275181768
481931,2,-4.0,True,8.23033275181768
481931,2,-3.0,True,8.23033275181768
481931,2,-2.5,True,8.23033275181768
481931,2,-2.0,True,8.23033275181768
481931,2,-1.5,True,8.23033275181768
481931,2,-1.0,True,8.23033275181768
481931,2,-0.5,True,8.23033275181768
481931,2,0.0,True,8.23033275181768
481931,2,0.5,True,8.23033275181768
481931,2,1.0,True,8.23033275181768
481931,2,1.5,True,8.23033275181768
481931,2,2.0,True,8.23033275181768
481931,2,2.5,True,8.23033275181768
484010,1,-6.0,True,8.23033275181768
484010,1,-5.0,True,8.23033275181768
484010,1,-4.0,True,8.23033275181768
484010,1,-3.0,True,8.23033275181768
484010,1,-2.5,True,8.23033275181768
484010,1,-2.0,True,8.23033275181768
484010,1,-1.5,True,8.23033275181768
484010,1,-1.0,True,8.23033275181768
484010,1,-0.5,True,8.23033275181768
484010,1,0.0,True,8.23033275181768
484010,1,0.5,True,8.23033275181768
484010,1,1.0,True,8.23033275181768
484010,1,1.5,True,8.23033275181768
484010,1,2.0,True,8.23033275181768
484010,1,2.5,True,8.23033275181768
484010,2,-6.0,True,8.23033275181768
484010,2,-5.0,True,8.23033275181768
484010,2,-4.0,True,8.23033275181768
484010,2,-3.0,True,8.23033275181768
484010,2,-2.5,True,8.23033275181768
484010,2,-2.0,True,8.23033275181768
484010,2,-1.5,True,8.23033275181768
484010,2,-1.0,True,8.23033275181768
484010,2,-0.5,True,8.23033275181768
484010,2,0.0,True,8.23033275181768
484010,2,0.5,True,8.23033275181768
484010,2,1.0,True,8.23033275181768
484010,2,1.5,True,8.23033275181768
484010,2,2.0,True,8.23033275181768
484010,2,2.5,True,8.23033275181768
635777,1,-6.0,True,14.361451859761438
635777,1,-5.0,True,14.361451859761438
635777,1,-4.0,True,14.361451859761438
635777,1,-3.0,True,14.361451859761438
635777,1,-2.5,True,14.361451859761438
635777,1,-2.0,True,14.361451859761438
635777,1,-1.5,True,14.361451859761438
635777,1,-1.0,True,14.361451859761438
635777,1,-0.5,True,14.361451859761438
635777,1,0.0,True,14.361451859761438
635777,1,0.5,True,14.361451859761438
635777,1,1.0,True,14.361451859761438
635777,1,1.5,True,14.361451859761438
635777,1,2.0,True,14.361451859761438
635777,1,2.5,True,14.361451859761438
635777,2,-6.0,True,14.361451859761438
635777,2,-5.0,True,14.361451859761438
635777,2,-4.0,True,14.361451859761438
635777,2,-3.0,True,14.361451859761438
635777,2,-2.5,True,14.361451859761438
635777,2,-2.0,True,14.361451859761438
635777,2,-1.5,True,14.361451859761438
635777,2,-1.0,True,14.361451859761438
635777,2,-0.5,True,14.361451859761438
635777,2,0.0,True,14.361451859761438
635777,2,0.5,True,14.361451859761438
635777,2,1.0,True,14.361451859761438
635777,2,1.5,True,14.361451859761438
635777,2,2.0,True,14.361451859761438
635777,2,2.5,True,14.361451859761438
637856,1,-6.0,True,14.361451859761438
637856,1,-5.0,True,14.361451859761438
637856,1,-4.0,True,14.361451859761438
637856,1,-3.0,True,14.361451859761438
637856,1,-2.5,True,14.361451859761438
637856,1,-2.0,True,14.361451859761438
637856,1,-1.5,True,14.361451859761438
637856,1,-1.0,True,14.361451859761438
637856,1,-0.5,True,14.361451859761438
637856,1,0.0,True,14.361451859761438
637856,1,0.5,True,14.361451859761438
637856,1,1.0,True,14.361451859761438
637856,1,1.5,True,14.361451859761438
637856,1,2.0,True,14.361451859761438
637856,1,2.5,True,14.361451859761438
637856,2,-6.0,True,14.361451859761438
637856,2,-5.0,True,14.361451859761438
637856,2,-4.0,True,14.361451859761438
637856,2,-3.0,True,14.361451859761438
637856,2,-2.5,True,14.361451859761438
637856,2,-2.0,True,14.361451859761438
637856,2,-1.5,True,14.361451859761438
637856,2,-1.0,True,14.361451859761438
637856,2,-0.5,True,14.361451859761438
637856,2,0.0,True,14.361451859761438
637856,2,0.5,True,14.361451859761438
637856,2,1.0,True,14.361451859761438
637856,2,1.5,True,14.361451859761438
637856,2,2.0,True,14.361451859761438
637856,2,2.5,True,14.361451859761438
639935,1,-6.0,True,14.361451859761438
639935,1,-5.0,True,14.361451859761438
639935,1,-4.0,True,14.361451859761438
639935,1,-3.0,True,14.361451859761438
639935,1,-2.5,True,14.361451859761438
639935,1,-2.0,True,14.361451859761438
639935,1,-1.5,True,14.361451859761438
639935,1,-1.0,True,14.361451859761438
639935,1,-0.5,True,14.361451859761438
639935,1,0.0,True,14.361451859761438
639935,1,0.5,True,14.361451859761438
639935,1,1.0,True,14.361451859761438
639935,1,1.5,True,14.361451859761438
639935,1,2.0,True,14.361451859761438
639935,1,2.5,True,14.361451859761438
639935,2,-6.0,True,14.361451859761438
639935,2,-5.0,True,14.361451859761438
639935,2,-4.0,True,14.361451859761438
639935,2,-3.0,True,14.361451859761438
639935,2,-2.5,True,14.361451859761438
639935,2,-2.0,True,14.361451859761438
639935,2,-1.5,True,14.361451859761438
639935,2,-1.0,True,14.361451859761438
639935,2,-0.5,True,14.361451859761438
639935,2,0.0,True,14.361451859761438
639935,2,0.5,True,14.361451859761438
639935,2,1.0,True,14.361451859761438
639935,2,1.5,True,14.361451859761438
639935,2,2.0,True,14.361451859761438
639935,2,2.5,True,14.361451859761438
645228,1,-6.0,True,3.1135851006884554
645228,1,-5.0,True,3.1135851006884554
645228,1,-4.0,True,3.1135851006884554
645228,1,-3.0,True,3.1135851006884554
645228,1,-2.5,True,3.1135851006884554
645228,1,-2.0,True,3.1135851006884554
645228,1,-1.5,True,3.1135851006884554
645228,1,-1.0,True,3.1135851006884554
645228,1,-0.5,True,3.1135851006884554
645228,1,0.0,True,3.1135851006884554
645228,1,0.5,True,3.1135851006884554
645228,1,1.0,True,3.1135851006884554
645228,1,1.5,True,3.1135851006884554
645228,1,2.0,True,3.1135851006884554
645228,1,2.5,True,3.1135851006884554
645228,2,-6.0,True,3.1135851006884554
645228,2,-5.0,True,3.1135851006884554
645228,2,-4.0,True,3.1135851006884554
645228,2,-3.0,True,3.1135851006884554
645228,2,-2.5,True,3.1135851006884554
645228,2,-2.0,True,3.1135851006884554
645228,2,-1.5,True,3.1135851006884554
645228,2,-1.0,True,3.1135851006884554
645228,2,-0.5,True,3.1135851006884554
645228,2,0.0,True,3.1135851006884554
645228,2,0.5,True,3.1135851006884554
645228,2,1.0,True,3.1135851006884554
645228,2,1.5,True,3.1135851006884554
645228,2,2.0,True,3.1135851006884554
645228,2,2.5,True,3.1135851006884554
646172,1,-6.0,True,3.2743110587328323
646172,1,-5.0,True,3.2747550903311105
646172,1,-4.0,True,3.2751991219293877
646172,1,-3.0,True,3.275643153527665
646172,1,-2.5,True,3.2758651693268037
646172,1,-2.0,True,3.2760871851259425
646172,1,-1.5,True,3.276309200925081
646172,1,-1.0,True,3.27653121672422
646172,1,-0.5,True,3.276753232523359
646172,1,0.0,True,3.2769752483224974
646172,1,0.5,True,3.2771972641216363
646172,1,1.0,True,3.277419279920775
646172,1,1.5,True,3.2776412957199135
646172,1,2.0,True,3.2778633115190523
646172,1,2.5,True,3.278085327318191
646172,2,-6.0,True,3.2743110587328323
646172,2,-5.0,True,3.2747550903311105
646172,2,-4.0,True,3.2751991219293877
646172,2,-3.0,True,3.275643153527665
646172,2,-2.5,True,3.2758651693268037
646172,2,-2.0,True,3.2760871851259425
646172,2,-1.5,True,3.276309200925081
646172,2,-1.0,True,3.27653121672422
646172,2,-0.5,True,3.276753232523359
646172,2,0.0,True,3.2769752483224974
646172,2,0.5,True,3.2771972641216363
646172,2,1.0,True,3.277419279920775
646172,2,1.5,True,3.2776412957199135
646172,2,2.0,True,3.2778633115190523
646172,2,2.5,True,3.278085327318191
647307,1,-6.0,True,3.1135851006884554
647307,1,-5.0,True,3.1135851006884554
647307,1,-4.0,True,3.1135851006884554
647307,1,-3.0,True,3.1135851006884554
647307,1,-2.5,True,3.1135851006884554
647307,1,-2.0,True,3.1135851006884554
647307,1,-1.5,True,3.1135851006884554
647307,1,-1.0,True,3.1135851006884554
647307,1,-0.5,True,3.1135851006884554
647307,1,0.0,True,3.1135851006884554
647307,1,0.5,True,3.1135851006884554
647307,1,1.0,True,3.1135851006884554
647307,1,1.5,True,3.1135851006884554
647307,1,2.0,True,3.1135851006884554
647307,1,2.5,True,3.1135851006884554
647307,2,-6.0,True,3.1135851006884554
647307,2,-5.0,True,3.1135851006884554
647307,2,-4.0,True,3.1135851006884554
647307,2,-3.0,True,3.1135851006884554
647307,2,-2.5,True,3.1135851006884554
647307,2,-2.0,True,3.1135851006884554
647307,2,-1.5,True,3.1135851006884554
647307,2,-1.0,True,3.1135851006884554
647307,2,-0.5,True,3.1135851006884554
647307,2,0.0,True,3.1135851006884554
647307,2,0.5,True,3.1135851006884554
647307,2,1.0,True,3.1135851006884554
647307,2,1.5,True,3.1135851006884554
647307,2,2.0,True,3.1135851006884554
647307,2,2.5,True,3.1135851006884554
648251,1,-6.0,True,3.284561987636708
648251,1,-5.0,True,3.2850060192349857
648251,1,-4.0,True,3.2854500508332634
648251,1,-3.0,True,3.2858940824315406
648251,1,-2.5,True,3.2861160982306794
648251,1,-2.0,True,3.2863381140298182
648251,1,-1.5,True,3.2865601298289566
648251,1,-1.0,True,3.286782145628096
648251,1,-0.5,True,3.2870041614272347
648251,1,0.0,True,3.287226177226373
648251,1,0.5,True,3.287448193025512
648251,1,1.0,True,3.2876702088246508
648251,1,1.5,True,3.287892224623789
648251,1,2.0,True,3.288114240422928
648251,1,2.5,True,3.288336256222067
648251,2,-6.0,True,3.284561987636708
648251,2,-5.0,True,3.2850060192349857
648251,2,-4.0,True,3.2854500508332634
648251,2,-3.0,True,3.2858940824315406
648251,2,-2.5,True,3.2861160982306794
648251,2,-2.0,True,3.2863381140298182
648251,2,-1.5,True,3.2865601298289566
648251,2,-1.0,True,3.286782145628096
648251,2,-0.5,True,3.2870041614272347
648251,2,0.0,True,3.287226177226373
648251,2,0.5,True,3.287448193025512
648251,2,1.0,True,3.2876702088246508
648251,2,1.5,True,3.287892224623789
648251,2,2.0,True,3.288114240422928
648251,2,2.5,True,3.288336256222067
649386,1,-6.0,True,3.1135851006884554
649386,1,-5.0,True,3.1135851006884554
649386,1,-4.0,True,3.1135851006884554
649386,1,-3.0,True,3.1135851006884554
649386,1,-2.5,True,3.1135851006884554
649386,1,-2.0,True,3.1135851006884554
649386,1,-1.5,True,3.1135851006884554
649386,1,-1.0,True,3.1135851006884554
649386,1,-0.5,True,3.1135851006884554
649386,1,0.0,True,3.1135851006884554
649386,1,0.5,True,3.1135851006884554
649386,1,1.0,True,3.1135851006884554
649386,1,1.5,True,3.1135851006884554
649386,1,2.0,True,3.1135851006884554
649386,1,2.5,True,3.1135851006884554
649386,2,-6.0,True,3.1135851006884554
649386,2,-5.0,True,3.1135851006884554
649386,2,-4.0,True,3.1135851006884554
649386,2,-3.0,True,3.1135851006884554
649386,2,-2.5,True,3.1135851006884554
649386,2,-2.0,True,3.1135851006884554
649386,2,-1.5,True,3.1135851006884554
649386,2,-1.0,True,3.1135851006884554
649386,2,-0.5,True,3.1135851006884554
649386,2,0.0,True,3.1135851006884554
649386,2,0.5,True,3.1135851006884554
649386,2,1.0,True,3.1135851006884554
649386,2,1.5,True,3.1135851006884554
649386,2,2.0,True,3.1135851006884554
649386,2,2.5,True,3.1135851006884554
650330,1,-6.0,True,3.2948129165405837
650330,1,-5.0,True,3.2952569481388614
650330,1,-4.0,True,3.295700979737139
650330,1,-3.0,True,3.2961450113354163
650330,1,-2.5,True,3.296367027134555
650330,1,-2.0,True,3.296589042933694
650330,1,-1.5,True,3.2968110587328323
650330,1,-1.0,True,3.2970330745319716
650330,1,-0.5,True,3.2972550903311104
650330,1,0.0,True,3.297477106130249
650330,1,0.5,True,3.2976991219293876
650330,1,1.0,True,3.2979211377285265
650330,1,1.5,True,3.298143153527665
650330,1,2.0,True,3.2983651693268037
650330,1,2.5,True,3.2985871851259425
650330,2,-6.0,True,3.2948129165405837
650330,2,-5.0,True,3.2952569481388614
650330,2,-4.0,True,3.295700979737139
650330,2,-3.0,True,3.2961450113354163
650330,2,-2.5,True,3.296367027134555
650330,2,-2.0,True,3.296589042933694
650330,2,-1.5,True,3.2968110587328323
650330,2,-1.0,True,3.2970330745319716
650330,2,-0.5,True,3.2972550903311104
650330,2,0.0,True,3.297477106130249
650330,2,0.5,True,3.2976991219293876
650330,2,1.0,True,3.2979211377285265
650330,2,1.5,True,3.298143153527665
650330,2,2.0,True,3.2983651693268037
650330,2,2.5,True,3.2985871851259425
802097,1,-6.0,True,8.941181478493263
802097,1,-5.0,True,8.941181478493263
802097,1,-4.0,True,8.941181478493263
802097,1,-3.0,True,8.941181478493263
802097,1,-2.5,True,8.941181478493263
802097,1,-2.0,True,8.941181478493263
802097,1,-1.5,True,8.941181478493263
802097,1,-1.0,True,8.941181478493263
802097,1,-0.5,True,8.941181478493263
802097,1,0.0,True,8.941181478493263
802097,1,0.5,True,8.941181478493263
802097,1,1.0,True,8.941181478493263
802097,1,1.5,True,8.941181478493263
802097,1,2.0,True,8.941181478493263
802097,1,2.5,True,8.941181478493263
802097,2,-6.0,True,8.941181478493263
802097,2,-5.0,True,8.941181478493263
802097,2,-4.0,True,8.941181478493263
802097,2,-3.0,True,8.941181478493263
802097,2,-2.5,True,8.941181478493263
802097,2,-2.0,True,8.941181478493263
802097,2,-1.5,True,8.941181478493263
802097,2,-1.0,True,8.941181478493263
802097,2,-0.5,True,8.941181478493263
802097,2,0.0,True,8.941181478493263
802097,2,0.5,True,8.941181478493263
802097,2,1.0,True,8.941181478493263
802097,2,1.5,True,8.941181478493263
802097,2,2.0,True,8.941181478493263
802097,2,2.5,True,8.941181478493263
804176,1,-6.0,True,8.941181478493263
804176,1,-5.0,True,8.941181478493263
804176,1,-4.0,True,8.941181478493263
804176,1,-3.0,True,8.941181478493263
804176,1,-2.5,True,8.941181478493263
804176,1,-2.0,True,8.941181478493263
804176,1,-1.5,True,8.941181478493263
804176,1,-1.0,True,8.941181478493263
804176,1,-0.5,True,8.941181478493263
804176,1,0.0,True,8.941181478493263
804176,1,0.5,True,8.941181478493263
804176,1,1.0,True,8.941181478493263
804176,1,1.5,True,8.941181478493263
804176,1,2.0,True,8.941181478493263
804176,1,2.5,True,8.941181478493263
804176,2,-6.0,True,8.941181478493263
804176,2,-5.0,True,8.941181478493263
804176,2,-4.0,True,8.941181478493263
804176,2,-3.0,True,8.941181478493263
804176,2,-2.5,True,8.941181478493263
804176,2,-2.0,True,8.941181478493263
804176,2,-1.5,True,8.941181478493263
804176,2,-1.0,True,8.941181478493263
804176,2,-0.5,True,8.941181478493263
804176,2,0.0,True,8.941181478493263
804176,2,0.5,True,8.941181478493263
804176,2,1.0,True,8.941181478493263
804176,2,1.5,True,8.941181478493263
804176,2,2.0,True,8.941181478493263
804176,2,2.5,True,8.941181478493263
806255,1,-6.0,True,8.941181478493263
806255,1,-5.0,True,8.941181478493263
806255,1,-4.0,True,8.941181478493263
806255,1,-3.0,True,8.941181478493263
806255,1,-2.5,True,8.941181478493263
806255,1,-2.0,True,8.941181478493263
806255,1,-1.5,True,8.941181478493263
806255,1,-1.0,True,8.941181478493263
806255,1,-0.5,True,8.941181478493263
806255,1,0.0,True,8.941181478493263
806255,1,0.5,True,8.941181478493263
806255,1,1.0,True,8.941181478493263
806255,1,1.5,True,8.941181478493263
806255,1,2.0,True,8.941181478493263
806255,1,2.5,True,8.941181478493263
806255,2,-6.0,True,8.941181478493263
806255,2,-5.0,True,8.941181478493263
806255,2,-4.0,True,8.941181478493263
806255,2,-3.0,True,8.941181478493263
806255,2,-2.5,True,8.941181478493263
806255,2,-2.0,True,8.941181478493263
806255,2,-1.5,True,8.941181478493263
806255,2,-1.0,True,8.941181478493263
806255,2,-0.5,True,8.941181478493263
806255,2,0.0,True,8.941181478493263
806255,2,0.5,True,8.941181478493263
806255,2,1.0,True,8.941181478493263
806255,2,1.5,True,8.941181478493263
806255,2,2.0,True,8.941181478493263
806255,2,2.5,True,8.941181478493263
