action,valid_nodes,completion_branch_exceeds_last_nodes,verify_requirement_exceeds_fragment_nodes,max_completion_minus_last_m,max_verify_req_minus_fragment_req_m
-5.999999999999999,900900,0,0,0.0,0.0
-5.5,900900,0,0,0.0,0.0
-5.0,900900,0,0,0.0,0.0
-4.5,900900,0,0,0.0,0.0
-4.0,900900,0,0,0.0,0.0
-3.5,900900,0,0,0.0,0.0
-3.0,900900,0,0,0.0,0.0
-2.5,900900,0,0,0.0,0.0
-2.0,900900,0,0,0.0,0.0
-1.5,900900,0,0,0.0,0.0
-1.0,900900,0,0,0.0,0.0
-0.5,900900,0,0,0.0,0.0
0.0,900900,0,0,0.0,0.0
0.5,900900,0,0,0.0,0.0
1.0,900900,0,0,0.0,0.0
1.5,900900,0,0,0.0,0.0
2.0,900900,0,0,0.0,0.0
2.5,900900,0,0,0.0,0.0
