node_index,v_f,v_p,a_f,bar_a,bar_u,age,r9d_q_span_m,robust_chi_frozen_q_span_m,robust_chi_full_action_q_span_m,robust_chi_frozen_qdep,robust_chi_full_action_qdep
167058,5.8333333333,8.75,-6.0,-2.4140625,3.0,0.30000000000000004,0.15063557406616224,0.02155343945613475,0.022885534250967066,True,True
167247,5.8333333333,8.75,-6.0,-2.328125,3.0,0.30000000000000004,0.13693072191219224,0.007848587302164756,0.009180682096997073,True,True
167436,5.8333333333,8.75,-6.0,-2.2421875,3.0,0.30000000000000004,0.12320601239182805,0.0,0.0,False,False
167625,5.8333333333,8.75,-6.0,-2.15625,3.0,0.30000000000000004,0.10946144249297718,0.0,0.0,False,False
167814,5.8333333333,8.75,-6.0,-2.0703125,3.0,0.30000000000000004,0.09569700922363666,0.0,0.0,False,False
168002,5.8333333333,8.75,-6.0,-1.984375,3.0,0.2,0.06026729697653965,0.0,0.0,False,False
168003,5.8333333333,8.75,-6.0,-1.984375,3.0,0.30000000000000004,0.081912709611759,0.0,0.0,False,False
169137,5.8333333333,8.75,-3.75,-2.4140625,3.0,0.30000000000000004,0.14038464516228655,0.01130251055225906,0.012634605347091377,True,True
169326,5.8333333333,8.75,-3.75,-2.328125,3.0,0.30000000000000004,0.12667979300831655,0.0,0.0,False,False
169515,5.8333333333,8.75,-3.75,-2.2421875,3.0,0.30000000000000004,0.11295508348795236,0.0,0.0,False,False
169704,5.8333333333,8.75,-3.75,-2.15625,3.0,0.30000000000000004,0.09921051358910149,0.0,0.0,False,False
169893,5.8333333333,8.75,-3.75,-2.0703125,3.0,0.30000000000000004,0.08544608031976098,0.0,0.0,False,False
170081,5.8333333333,8.75,-3.75,-1.984375,3.0,0.2,0.06026729697653965,0.0,0.0,False,False
170082,5.8333333333,8.75,-3.75,-1.984375,3.0,0.30000000000000004,0.07166178070788332,0.0,0.0,False,False
171216,5.8333333333,8.75,-1.5,-2.4140625,3.0,0.30000000000000004,0.13013371625841086,0.0010515816483833706,0.0023836764432157986,True,True
171405,5.8333333333,8.75,-1.5,-2.328125,3.0,0.30000000000000004,0.11642886410444087,0.0,0.0,False,False
171594,5.8333333333,8.75,-1.5,-2.2421875,3.0,0.30000000000000004,0.10270415458407667,0.0,0.0,False,False
171783,5.8333333333,8.75,-1.5,-2.15625,3.0,0.30000000000000004,0.0889595846852258,0.0,0.0,False,False
171972,5.8333333333,8.75,-1.5,-2.0703125,3.0,0.30000000000000004,0.07519515141588529,0.0,0.0,False,False
172160,5.8333333333,8.75,-1.5,-1.984375,3.0,0.2,0.06026729697653965,0.0,0.0,False,False
172161,5.8333333333,8.75,-1.5,-1.984375,3.0,0.30000000000000004,0.06141085180400763,0.0,0.0,False,False
322983,11.6666666667,14.58333333335,-6.0,-2.4140625,3.0,0.30000000000000004,0.03632541450658344,0.0,0.0,False,False
323172,11.6666666667,14.58333333335,-6.0,-2.328125,3.0,0.30000000000000004,0.013403972094784944,0.0,0.0,False,False
323927,11.6666666667,14.58333333335,-6.0,-1.984375,3.0,0.2,0.10117604154272808,0.0,0.0,False,False
325062,11.6666666667,14.58333333335,-3.75,-2.4140625,3.0,0.30000000000000004,0.026074485602707753,0.0,0.0,False,False
325251,11.6666666667,14.58333333335,-3.75,-2.328125,3.0,0.30000000000000004,0.003153043190909255,0.0,0.0,False,False
326006,11.6666666667,14.58333333335,-3.75,-1.984375,3.0,0.2,0.10117604154272808,0.0,0.0,False,False
327141,11.6666666667,14.58333333335,-1.5,-2.4140625,3.0,0.30000000000000004,0.015823556698832064,0.0,0.0,False,False
328085,11.6666666667,14.58333333335,-1.5,-1.984375,3.0,0.2,0.10117604154272808,0.0,0.0,False,False
479852,17.5,20.416666666650002,-6.0,-1.984375,3.0,0.2,0.09998249973370221,0.0,0.0,False,False
481931,17.5,20.416666666650002,-3.75,-1.984375,3.0,0.2,0.08973157082982652,0.0,0.0,False,False
484010,17.5,20.416666666650002,-1.5,-1.984375,3.0,0.2,0.07948064192595083,0.0,0.0,False,False
635777,23.3333333333,26.25,-6.0,-1.984375,3.0,0.2,0.03672330739852114,0.0,0.0,False,False
637856,23.3333333333,26.25,-3.75,-1.984375,3.0,0.2,0.026472378494645454,0.0,0.0,False,False
639935,23.3333333333,26.25,-1.5,-1.984375,3.0,0.2,0.016221449590769765,0.0,0.0,False,False
645228,23.3333333333,29.1666666667,-6.0,-2.4140625,3.0,0.30000000000000004,0.04211041189452125,0.0,0.0,False,False
646172,23.3333333333,29.1666666667,-6.0,-1.984375,3.0,0.2,0.20351418311620595,0.0,0.0,False,False
647307,23.3333333333,29.1666666667,-3.75,-2.4140625,3.0,0.30000000000000004,0.03185948299064556,0.0,0.0,False,False
648251,23.3333333333,29.1666666667,-3.75,-1.984375,3.0,0.2,0.20351418311620595,0.0,0.0,False,False
649386,23.3333333333,29.1666666667,-1.5,-2.4140625,3.0,0.30000000000000004,0.02160855408676987,0.0,0.0,False,False
650330,23.3333333333,29.1666666667,-1.5,-1.984375,3.0,0.2,0.20351418311620595,0.0,0.0,False,False
802097,29.1666666667,35.0,-6.0,-1.984375,3.0,0.2,0.2334642268422087,0.0,0.0,False,False
804176,29.1666666667,35.0,-3.75,-1.984375,3.0,0.2,0.223213297938333,0.0,0.0,False,False
806255,29.1666666667,35.0,-1.5,-1.984375,3.0,0.2,0.2129623690344573,0.0,0.0,False,False
