q,adopted_age_tick,adopted_age_seconds,pending_age_before_interval_ticks,candidate_age_if_completion_ticks,candidate_age_if_completion_seconds
1,2,0.2,1,2,0.2
1,3,0.30000000000000004,1,2,0.2
1,4,0.4,1,2,0.2
1,5,0.5,1,2,0.2
1,6,0.6000000000000001,1,2,0.2
1,7,0.7000000000000001,1,2,0.2
1,8,0.8,1,2,0.2
1,9,0.9,1,2,0.2
1,10,1.0,1,2,0.2
1,11,1.1,1,2,0.2
1,12,1.2000000000000002,1,2,0.2
1,13,1.3,1,2,0.2
1,14,1.4000000000000001,1,2,0.2
1,15,1.5,1,2,0.2
1,16,1.6,1,2,0.2
1,17,1.7000000000000002,1,2,0.2
1,18,1.8,1,2,0.2
1,19,1.9000000000000001,1,2,0.2
1,20,2.0,1,2,0.2
2,1,0.1,0,1,0.1
2,2,0.2,0,1,0.1
2,3,0.30000000000000004,0,1,0.1
2,4,0.4,0,1,0.1
2,5,0.5,0,1,0.1
2,6,0.6000000000000001,0,1,0.1
2,7,0.7000000000000001,0,1,0.1
2,8,0.8,0,1,0.1
2,9,0.9,0,1,0.1
2,10,1.0,0,1,0.1
2,11,1.1,0,1,0.1
2,12,1.2000000000000002,0,1,0.1
2,13,1.3,0,1,0.1
2,14,1.4000000000000001,0,1,0.1
2,15,1.5,0,1,0.1
2,16,1.6,0,1,0.1
2,17,1.7000000000000002,0,1,0.1
2,18,1.8,0,1,0.1
2,19,1.9000000000000001,0,1,0.1
2,20,2.0,0,1,0.1
